Industry,Company_Size,Website_Quality,LinkedIn_Activity,Email_Available,Location,Estimated_Revenue,Number_of_Employees,Previous_Response,Meeting_Status,Lead_Quality
Education,Medium,Good,Low,Yes,Rawalpindi,17412000.0,28,Negative,Not Contacted,Low
Real Estate,Medium,Excellent,Medium,Yes,Quetta,457000.0,116,Neutral,Scheduled,Medium
Finance,Small,Good,High,Yes,Islamabad,1450000.0,397,Neutral,Scheduled,High
Retail,Large,Poor,Medium,No,Karachi,14542000.0,62,Neutral,Completed,Medium
Real Estate,Large,Good,Low,Yes,Karachi,1114000.0,33,No Response,Not Scheduled,Low
Marketing,Medium,Excellent,High,Yes,Faisalabad,1201000.0,199,No Response,Completed,High
Finance,Small,Average,Low,Yes,Peshawar,341000.0,903,No Response,Scheduled,Low
Finance,Small,Average,Low,No,Peshawar,361000.0,246,Positive,Scheduled,Low
Manufacturing,Small,Good,High,Yes,Islamabad,4012000.0,70,No Response,Not Contacted,Medium
Manufacturing,Medium,Average,High,Yes,Quetta,1137000.0,100,Neutral,Not Scheduled,Medium
Education,Small,Average,Medium,Yes,Peshawar,1251000.0,132,No Response,Not Scheduled,Low
Retail,Small,Poor,Low,Yes,Faisalabad,7522000.0,245,No Response,Scheduled,Low
Healthcare,Small,Good,High,Yes,Islamabad,881000.0,168,Neutral,Not Scheduled,Medium
Marketing,Small,Average,Medium,No,Karachi,2529000.0,159,Positive,Scheduled,Medium
Technology,Small,Good,Medium,Yes,Multan,3208000.0,39,Neutral,Not Scheduled,Low
Education,Large,Average,Medium,Yes,Karachi,304000.0,113,No Response,Scheduled,Low
Retail,Small,Poor,Medium,Yes,Rawalpindi,5342000.0,51,Positive,Scheduled,Medium
Healthcare,Medium,Average,High,Yes,Quetta,3265000.0,610,Negative,Not Contacted,Medium
Technology,Medium,Average,Medium,Yes,Quetta,188000.0,55,No Response,Not Contacted,Low
Manufacturing,Small,Good,Medium,Yes,Multan,3893000.0,100,No Response,Not Scheduled,Low
Manufacturing,Small,Excellent,Low,Yes,Karachi,4933000.0,211,No Response,Not Scheduled,Low
Finance,Small,Good,Medium,Yes,Karachi,1010000.0,67,No Response,Not Contacted,Low
Manufacturing,Small,,Low,No,Peshawar,5019000.0,46,No Response,Scheduled,Low
Real Estate,Small,Good,Low,No,Multan,588000.0,157,Positive,Not Contacted,Low
Education,Medium,Good,Low,Yes,Rawalpindi,3448000.0,218,No Response,Not Contacted,Low
Technology,Medium,Good,Medium,Yes,Islamabad,498000.0,244,Positive,Completed,High
Technology,Medium,Good,Low,Yes,Faisalabad,962000.0,49,Positive,Completed,High
Retail,Small,Average,High,Yes,Quetta,615000.0,59,,Not Contacted,Low
Healthcare,Small,Average,Low,Yes,Rawalpindi,5631000.0,128,No Response,Scheduled,Low
Education,Medium,Good,High,Yes,Lahore,3836000.0,92,Positive,Scheduled,High
Marketing,Small,Good,Medium,Yes,Faisalabad,435000.0,168,Neutral,Scheduled,Medium
Healthcare,Medium,Poor,Low,Yes,Quetta,375000.0,258,Positive,Scheduled,Medium
Manufacturing,Medium,Good,Low,Yes,Multan,454000.0,112,Positive,Not Contacted,Medium
Marketing,Medium,Average,High,Yes,Karachi,2273000.0,102,Neutral,Not Contacted,Medium
Technology,Small,Poor,High,Yes,Islamabad,5826000.0,33,Positive,Not Contacted,Low
Retail,Medium,Average,Medium,Yes,Lahore,442000.0,134,No Response,Not Scheduled,Low
Manufacturing,Medium,Average,High,Yes,Rawalpindi,801000.0,48,Positive,Not Contacted,Medium
Manufacturing,Large,Poor,High,Yes,Quetta,3230000.0,208,Neutral,Not Scheduled,Medium
Manufacturing,Medium,Excellent,High,Yes,Peshawar,1501000.0,171,Negative,Not Scheduled,Medium
Marketing,Small,Good,High,Yes,Rawalpindi,672000.0,30,Positive,Not Scheduled,Medium
Education,Medium,Good,Medium,Yes,Karachi,4680000.0,47,Neutral,Scheduled,High
Real Estate,Small,Excellent,Medium,Yes,Lahore,6445000.0,124,Negative,Scheduled,Medium
Manufacturing,Medium,Good,High,No,Quetta,411000.0,45,Neutral,Not Contacted,Low
Finance,Small,Good,Low,No,Lahore,2060000.0,139,Positive,Completed,Medium
Healthcare,Medium,Excellent,Low,Yes,Islamabad,1598000.0,51,No Response,Not Contacted,Low
Manufacturing,Small,Excellent,,Yes,Rawalpindi,312000.0,277,Positive,Not Contacted,Medium
Technology,Large,Good,Low,Yes,Multan,636000.0,75,Neutral,Not Contacted,Medium
Marketing,Small,Good,Low,Yes,Rawalpindi,899000.0,68,Neutral,Not Contacted,Low
Technology,Medium,Average,Low,No,Quetta,587000.0,214,No Response,Not Contacted,Low
Healthcare,Small,Average,High,Yes,Peshawar,1496000.0,114,No Response,Completed,Medium
Real Estate,Large,Poor,Medium,Yes,Lahore,850000.0,111,No Response,Scheduled,Medium
Technology,Small,Excellent,Medium,Yes,Peshawar,538000.0,81,No Response,Not Contacted,Low
Manufacturing,Large,Average,High,Yes,Peshawar,961000.0,34,No Response,Scheduled,Medium
Technology,Large,Good,High,No,Faisalabad,401000.0,39,Neutral,Not Contacted,Medium
Manufacturing,Small,Average,Medium,No,Quetta,5492000.0,166,Positive,Scheduled,Low
Healthcare,Medium,Average,Low,Yes,Lahore,141000.0,51,Positive,Not Contacted,Low
Technology,Large,Excellent,Low,Yes,Lahore,4841000.0,302,No Response,Scheduled,High
Technology,Medium,Excellent,Low,Yes,Peshawar,163000.0,186,Positive,Not Contacted,High
Technology,Medium,Poor,Medium,Yes,Lahore,6100000.0,321,No Response,Not Scheduled,Low
Finance,Large,Good,Low,No,Quetta,10701000.0,202,Positive,Completed,High
Technology,Large,Good,Low,Yes,Peshawar,,28,Positive,Scheduled,High
Retail,Small,Good,Medium,Yes,Karachi,1539000.0,100,No Response,Scheduled,Low
Manufacturing,Large,Good,High,Yes,Karachi,3947000.0,337,Negative,Not Scheduled,High
Marketing,Small,Good,High,Yes,Quetta,4251000.0,437,Neutral,Not Contacted,Medium
Technology,Large,Excellent,Low,Yes,Islamabad,1307000.0,33,Neutral,Completed,High
Manufacturing,Small,Good,Medium,No,Karachi,360000.0,74,Positive,Scheduled,Medium
Healthcare,Small,Good,High,No,Lahore,1012000.0,31,Neutral,Scheduled,Medium
Education,Medium,Good,Medium,Yes,Rawalpindi,340000.0,62,Positive,Not Contacted,Medium
Education,Medium,Poor,Medium,Yes,Quetta,4183000.0,43,No Response,Scheduled,Low
Technology,Small,Good,Medium,No,Multan,163000.0,56,Positive,Completed,High
Manufacturing,Small,Excellent,High,Yes,Peshawar,1908000.0,23,No Response,Completed,High
Technology,Large,Good,Medium,No,Lahore,3707000.0,472,Positive,Completed,High
Education,Medium,Average,Medium,Yes,Islamabad,4515000.0,53,No Response,Scheduled,Medium
Manufacturing,Small,Excellent,Low,Yes,Rawalpindi,354000.0,121,Positive,Not Scheduled,High
Marketing,Small,Average,High,Yes,Rawalpindi,639000.0,174,,Scheduled,High
Technology,Small,Good,Medium,Yes,Lahore,2298000.0,45,Neutral,Completed,Medium
Education,Medium,Good,Low,Yes,Lahore,790000.0,38,Neutral,Not Contacted,Low
Technology,Small,Excellent,Medium,Yes,Multan,1223000.0,117,No Response,Not Contacted,Medium
Education,Medium,Poor,Low,Yes,Lahore,744000.0,51,Positive,Scheduled,Medium
Finance,Medium,Excellent,Medium,Yes,Quetta,408000.0,55,Negative,Scheduled,Medium
Retail,Small,Good,Medium,Yes,Peshawar,2353000.0,173,No Response,Not Scheduled,Low
Healthcare,Small,Good,Low,Yes,Quetta,500000.0,30,No Response,Scheduled,Low
Retail,Medium,Good,Low,Yes,Multan,,97,Neutral,Not Contacted,Medium
Manufacturing,Large,Good,Low,Yes,Karachi,331000.0,15,Positive,Not Scheduled,Medium
Education,Small,Excellent,Low,No,Faisalabad,1154000.0,353,Neutral,Not Contacted,Low
Retail,Small,Good,High,Yes,Peshawar,1789000.0,135,Positive,Not Scheduled,High
Real Estate,Large,Poor,Medium,Yes,Karachi,,46,Positive,Not Scheduled,Medium
Technology,Small,Good,Medium,Yes,Peshawar,705000.0,33,No Response,Scheduled,Medium
Education,Medium,Good,Low,Yes,Multan,556000.0,99,Neutral,Scheduled,Medium
Real Estate,Small,Good,High,Yes,Islamabad,,158,Neutral,Scheduled,High
Finance,Small,Excellent,High,No,Multan,7703000.0,8,Neutral,Not Scheduled,Low
Finance,Medium,Poor,,Yes,Karachi,5381000.0,279,Positive,Completed,High
Finance,Small,Excellent,High,Yes,Rawalpindi,523000.0,217,Positive,Not Contacted,Medium
Finance,Large,Poor,Medium,Yes,Quetta,1741000.0,458,No Response,Not Contacted,Low
Technology,Small,Good,Medium,Yes,Lahore,5501000.0,66,Neutral,Scheduled,Medium
Technology,Small,Average,Medium,Yes,Karachi,5011000.0,111,No Response,Scheduled,Low
Technology,Small,Average,Medium,Yes,Peshawar,2204000.0,55,Positive,Not Contacted,Low
Technology,Medium,Excellent,Medium,Yes,Multan,1279000.0,69,Positive,Not Contacted,High
Healthcare,Small,Good,Medium,No,Lahore,4856000.0,185,No Response,Not Contacted,Low
Education,Medium,Excellent,High,No,Quetta,1925000.0,58,No Response,Scheduled,Medium
Finance,Large,Excellent,Medium,Yes,Lahore,1839000.0,26,Neutral,Not Contacted,High
Healthcare,Large,Good,Medium,Yes,Multan,366000.0,21,Positive,Not Contacted,High
Technology,Small,Poor,High,Yes,Rawalpindi,453000.0,107,Neutral,Not Scheduled,Low
Retail,Small,Poor,High,No,Multan,7601000.0,69,Positive,Not Scheduled,Low
Manufacturing,Large,Excellent,Medium,Yes,Multan,1147000.0,59,No Response,Scheduled,High
Manufacturing,Medium,Excellent,Medium,Yes,Multan,981000.0,61,Positive,Scheduled,High
Marketing,Large,Excellent,High,No,Lahore,5094000.0,64,No Response,Not Scheduled,Medium
Technology,Small,Excellent,Medium,Yes,Islamabad,1298000.0,14,Positive,Scheduled,High
Real Estate,Small,Poor,Medium,Yes,Rawalpindi,1327000.0,61,Positive,Completed,High
Marketing,Large,Good,High,Yes,Karachi,585000.0,44,Neutral,Not Scheduled,High
Healthcare,Small,Poor,Low,Yes,Rawalpindi,3320000.0,206,No Response,Not Scheduled,Low
Technology,Small,Average,Medium,Yes,Rawalpindi,133000.0,22,No Response,Not Contacted,Low
Marketing,Large,Average,High,Yes,Karachi,368000.0,134,No Response,Not Contacted,Medium
Finance,Medium,Excellent,Medium,Yes,Faisalabad,7851000.0,67,No Response,Not Contacted,Medium
Finance,Small,Poor,Medium,Yes,Karachi,3219000.0,48,No Response,Not Scheduled,Low
Marketing,Small,Good,Medium,Yes,Islamabad,1530000.0,27,No Response,Completed,Low
Marketing,Small,Good,Medium,No,Multan,739000.0,94,Negative,Scheduled,Low
Technology,Large,Good,High,Yes,Multan,1662000.0,163,Neutral,Scheduled,High
Retail,Medium,,High,Yes,Faisalabad,2070000.0,217,,Not Scheduled,Medium
Finance,Medium,Excellent,Medium,Yes,Quetta,3578000.0,82,Neutral,Scheduled,High
Finance,Small,Average,Medium,No,Peshawar,1917000.0,113,Neutral,Scheduled,Low
Manufacturing,Medium,Average,Medium,Yes,Quetta,2697000.0,40,Positive,Not Scheduled,High
Retail,Small,Excellent,Low,Yes,Multan,2748000.0,127,Positive,Completed,High
Healthcare,Large,Average,Medium,Yes,Quetta,1933000.0,159,Positive,Not Scheduled,High
Manufacturing,Small,Average,Medium,Yes,Rawalpindi,3207000.0,83,No Response,Not Contacted,Low
Technology,Medium,Good,Medium,Yes,Faisalabad,6520000.0,591,Neutral,Not Contacted,Medium
Retail,Small,Poor,Low,Yes,Peshawar,1079000.0,258,Negative,Not Scheduled,Low
Technology,Small,Excellent,Medium,Yes,Multan,1544000.0,250,No Response,Completed,High
Technology,Medium,Good,Medium,Yes,Faisalabad,639000.0,36,No Response,Completed,Medium
Manufacturing,Large,Good,Medium,Yes,Quetta,4375000.0,159,No Response,Scheduled,High
Manufacturing,Small,Average,Low,Yes,Faisalabad,6011000.0,83,Positive,Not Contacted,Medium
Real Estate,Medium,Good,,Yes,Islamabad,3471000.0,96,Neutral,Scheduled,Medium
Marketing,Large,Average,High,Yes,Rawalpindi,2978000.0,241,Neutral,Not Scheduled,Medium
Technology,Large,Average,Medium,Yes,Multan,548000.0,42,Neutral,Scheduled,Medium
Manufacturing,Small,Good,High,Yes,Faisalabad,834000.0,56,Positive,Not Scheduled,High
Marketing,Large,Average,Low,Yes,Karachi,284000.0,574,Positive,Completed,High
Real Estate,Medium,Good,Low,Yes,Multan,4323000.0,75,Positive,Not Scheduled,Medium
Retail,Small,Good,Low,Yes,Quetta,869000.0,867,No Response,Scheduled,Medium
Healthcare,Large,Good,Medium,No,Quetta,4947000.0,10,Negative,Scheduled,Medium
Finance,Medium,Excellent,Medium,No,Faisalabad,1207000.0,125,Positive,Scheduled,High
Education,Small,Excellent,Medium,Yes,Faisalabad,1184000.0,147,No Response,Completed,High
Technology,Small,Average,Medium,Yes,Multan,1347000.0,32,Negative,Scheduled,Low
Technology,Medium,Good,Medium,Yes,Peshawar,4714000.0,36,Positive,Not Scheduled,High
Healthcare,Small,Good,High,Yes,Islamabad,4820000.0,15,No Response,Not Scheduled,Low
Manufacturing,Small,Poor,Medium,Yes,Islamabad,7820000.0,163,No Response,Scheduled,Low
Finance,Medium,Good,Medium,Yes,Peshawar,,175,Positive,Not Contacted,High
Manufacturing,Small,Average,Medium,Yes,Faisalabad,1311000.0,319,No Response,Completed,Medium
Healthcare,Medium,Good,Low,Yes,Peshawar,13483000.0,323,No Response,Not Scheduled,Medium
Finance,Large,Average,Low,Yes,Peshawar,8081000.0,83,Negative,Scheduled,Medium
Healthcare,Medium,Poor,Medium,Yes,Rawalpindi,1511000.0,193,Negative,Scheduled,Low
Real Estate,Medium,Good,Low,Yes,Islamabad,2272000.0,356,No Response,Scheduled,Medium
Manufacturing,Small,Average,Low,Yes,Multan,629000.0,288,Positive,Not Scheduled,Medium
Finance,Small,Good,Medium,Yes,Peshawar,1019000.0,70,Positive,Not Contacted,Medium
Education,Small,Good,Medium,Yes,Peshawar,1951000.0,481,Neutral,Not Contacted,Medium
Finance,Medium,Average,High,Yes,Peshawar,1078000.0,34,Positive,Not Scheduled,High
Marketing,Medium,Excellent,Low,Yes,Rawalpindi,3409000.0,97,Negative,Scheduled,Medium
Real Estate,Medium,Good,Low,No,Faisalabad,2545000.0,222,No Response,Not Contacted,Low
Retail,Small,Average,Medium,Yes,Faisalabad,2219000.0,36,Positive,Not Scheduled,Medium
Technology,Large,Good,Low,Yes,Karachi,7673000.0,250,No Response,Completed,High
Technology,Medium,Average,Low,Yes,Lahore,365000.0,33,No Response,Not Scheduled,Low
Real Estate,Large,Good,Medium,No,Peshawar,2028000.0,233,Positive,Not Scheduled,Medium
Manufacturing,Small,Average,Low,Yes,Quetta,416000.0,27,Neutral,Not Contacted,Low
Finance,Large,Good,High,Yes,Quetta,727000.0,117,Positive,Scheduled,High
Healthcare,Medium,,High,No,Multan,1690000.0,61,Positive,Not Scheduled,High
Marketing,Large,Good,Low,Yes,Multan,411000.0,63,Neutral,Scheduled,Medium
Marketing,Small,Average,High,Yes,Quetta,4046000.0,103,Positive,Not Scheduled,Medium
Marketing,Medium,Good,Medium,Yes,Rawalpindi,1311000.0,414,Neutral,Scheduled,High
Finance,Large,Average,Medium,Yes,Peshawar,3757000.0,156,Positive,Not Contacted,High
Technology,Small,Excellent,Medium,Yes,Karachi,1574000.0,39,No Response,Scheduled,Medium
Real Estate,Medium,Average,High,Yes,Quetta,2058000.0,649,No Response,Not Scheduled,Medium
Healthcare,Medium,Excellent,Medium,No,Rawalpindi,2846000.0,209,Positive,Not Contacted,Medium
Retail,Small,Good,Low,Yes,Islamabad,1582000.0,65,No Response,Not Contacted,Low
Finance,Small,Poor,Medium,Yes,Faisalabad,1839000.0,28,No Response,Scheduled,Low
Real Estate,Medium,Good,Low,Yes,Peshawar,3215000.0,186,Neutral,Scheduled,Medium
Technology,Small,Excellent,,Yes,Karachi,506000.0,125,Negative,Not Scheduled,Low
Real Estate,Large,Average,Medium,Yes,Multan,1673000.0,119,Negative,Not Contacted,Low
Finance,Small,Poor,Medium,Yes,Islamabad,1611000.0,29,Negative,Scheduled,Low
Manufacturing,Small,,Medium,Yes,Quetta,1109000.0,89,Positive,Not Scheduled,High
Manufacturing,Large,Excellent,High,No,Faisalabad,2687000.0,118,Positive,Scheduled,High
Education,Small,Good,Medium,Yes,Islamabad,332000.0,32,Positive,Scheduled,High
Marketing,Large,Good,Low,Yes,Faisalabad,2434000.0,67,Neutral,Scheduled,High
Finance,Small,Average,High,Yes,Karachi,4776000.0,15,Positive,Not Scheduled,Medium
Manufacturing,Large,Average,Low,Yes,Rawalpindi,758000.0,29,Positive,Not Scheduled,Medium
Marketing,Medium,Good,High,Yes,Lahore,743000.0,46,Neutral,Not Scheduled,Medium
Manufacturing,Medium,Good,Medium,No,Quetta,497000.0,45,Neutral,Completed,Medium
Healthcare,Small,Good,Medium,Yes,Quetta,919000.0,28,Neutral,Not Contacted,Low
Technology,Large,Excellent,Medium,Yes,Multan,2751000.0,276,Neutral,Completed,High
Healthcare,Small,Good,High,No,Peshawar,1342000.0,40,No Response,Completed,Low
Technology,Medium,Good,Low,Yes,Karachi,5570000.0,31,Negative,Scheduled,Medium
Healthcare,Large,Good,Low,Yes,Peshawar,1525000.0,191,No Response,Not Scheduled,Low
Finance,Small,Poor,High,Yes,Multan,104000.0,72,No Response,Not Contacted,Low
Healthcare,Small,Average,High,Yes,Rawalpindi,2663000.0,80,No Response,Completed,Medium
Manufacturing,Medium,Average,High,Yes,Multan,3793000.0,31,No Response,Not Contacted,Medium
Manufacturing,Small,Good,Medium,Yes,Multan,1823000.0,611,No Response,Not Scheduled,Low
Finance,Medium,Average,High,Yes,Lahore,1854000.0,56,No Response,Completed,Medium
Technology,Large,Good,High,Yes,Rawalpindi,12585000.0,81,Positive,Not Scheduled,High
Technology,Small,Excellent,Medium,Yes,Multan,2681000.0,40,Positive,Scheduled,High
Education,Large,Average,Medium,Yes,Rawalpindi,,50,Positive,Not Scheduled,High
Real Estate,Large,Average,High,Yes,Rawalpindi,302000.0,26,Neutral,Scheduled,Medium
Finance,Small,Good,Low,Yes,Karachi,4852000.0,187,Negative,Not Contacted,Low
Healthcare,Large,Excellent,Low,Yes,Multan,2208000.0,119,Positive,Not Scheduled,High
Marketing,Small,Excellent,Medium,Yes,Islamabad,2888000.0,27,Positive,Not Contacted,High
Real Estate,Medium,Excellent,High,Yes,Rawalpindi,2036000.0,122,Positive,Not Contacted,High
Finance,Small,Good,Medium,Yes,Karachi,3920000.0,143,Neutral,Scheduled,Medium
Healthcare,Small,Good,Low,Yes,Rawalpindi,6296000.0,95,Neutral,Not Scheduled,Low
Education,Small,Excellent,Medium,Yes,Quetta,3461000.0,59,Positive,Not Scheduled,High
Healthcare,Small,Good,Medium,Yes,Peshawar,13300000.0,63,Negative,Completed,Medium
Manufacturing,Small,Excellent,Medium,Yes,Multan,1448000.0,85,No Response,Not Scheduled,Low
Finance,Small,Good,Medium,Yes,Peshawar,568000.0,57,Positive,Not Scheduled,Medium
Technology,Medium,Good,Low,Yes,Rawalpindi,3015000.0,182,Neutral,Not Contacted,Low
Finance,Medium,Average,Medium,Yes,Peshawar,2554000.0,93,No Response,Scheduled,Medium
Technology,Medium,Average,Low,Yes,Lahore,5200000.0,18,No Response,Not Scheduled,Low
Retail,Medium,Excellent,Low,Yes,Islamabad,1377000.0,77,Positive,Not Scheduled,High
Finance,Medium,Average,Low,Yes,Multan,1772000.0,91,Neutral,Not Scheduled,Low
Technology,Small,Excellent,Medium,No,Karachi,1335000.0,76,Positive,Not Scheduled,Medium
Marketing,Small,Average,Low,Yes,Faisalabad,1695000.0,41,No Response,Not Scheduled,Low
Finance,Large,Excellent,High,Yes,Islamabad,,79,Neutral,Not Scheduled,High
Education,Medium,Average,High,Yes,Peshawar,8515000.0,338,Negative,Completed,Medium
Finance,Large,Good,Low,Yes,Faisalabad,10134000.0,81,No Response,Not Scheduled,Low
Finance,Medium,Good,High,Yes,Karachi,1237000.0,44,Positive,Not Contacted,High
Retail,Medium,Average,Medium,Yes,Quetta,4838000.0,296,Negative,Not Scheduled,Low
Technology,Medium,Excellent,Medium,Yes,Faisalabad,382000.0,52,Positive,Scheduled,High
Healthcare,Medium,Excellent,Medium,Yes,Islamabad,750000.0,185,Positive,Scheduled,High
Healthcare,Large,Average,Medium,Yes,Rawalpindi,4898000.0,117,Positive,Scheduled,High
Real Estate,Small,Average,High,Yes,Lahore,3196000.0,67,Neutral,Not Scheduled,Low
Education,Large,Good,Medium,Yes,Karachi,7981000.0,43,Positive,Not Scheduled,High
Real Estate,Small,Poor,High,Yes,Peshawar,589000.0,267,Positive,Not Scheduled,Medium
Technology,Small,Excellent,Low,Yes,Faisalabad,3285000.0,366,No Response,Scheduled,Medium
Real Estate,Medium,Excellent,High,No,Multan,469000.0,14,No Response,Not Scheduled,Low
Finance,Medium,Good,Low,Yes,Peshawar,1116000.0,78,Positive,Scheduled,High
Healthcare,Large,Excellent,Medium,Yes,Lahore,1498000.0,42,Neutral,Not Scheduled,High
Technology,Small,Average,High,Yes,Faisalabad,656000.0,128,Positive,Not Contacted,High
Technology,Medium,Average,Low,Yes,Islamabad,2518000.0,294,No Response,Scheduled,Medium
Real Estate,Medium,Average,High,No,Peshawar,380000.0,90,Neutral,Scheduled,Low
Marketing,Large,Excellent,High,Yes,Faisalabad,724000.0,35,No Response,Scheduled,High
Real Estate,Large,Excellent,Medium,Yes,Multan,1125000.0,366,Positive,Scheduled,High
Technology,Small,Poor,High,Yes,Multan,225000.0,487,No Response,Not Contacted,Low
Technology,Small,Excellent,High,No,Karachi,4799000.0,8,No Response,Not Contacted,Low
Marketing,Large,Good,High,No,Multan,886000.0,198,Negative,Completed,High
Healthcare,Medium,Average,Low,Yes,Quetta,1544000.0,20,Neutral,Completed,Medium
Real Estate,Medium,Average,High,Yes,Quetta,1816000.0,40,No Response,Not Contacted,Low
Real Estate,Small,Average,High,Yes,Peshawar,3779000.0,113,No Response,Scheduled,Medium
Technology,Small,Excellent,Medium,Yes,Faisalabad,2490000.0,44,Neutral,Completed,High
Technology,Small,Good,Low,Yes,Faisalabad,5895000.0,315,Positive,Completed,High
Technology,Large,Excellent,Medium,Yes,Rawalpindi,2649000.0,349,Negative,Scheduled,High
Technology,Medium,Good,High,Yes,Rawalpindi,1044000.0,99,Neutral,Scheduled,High
Technology,Large,Average,High,Yes,Multan,1061000.0,33,No Response,Scheduled,Medium
Manufacturing,Small,Good,Medium,Yes,Lahore,8299000.0,42,Negative,Not Contacted,Low
Technology,Small,Excellent,High,Yes,Multan,1133000.0,150,Neutral,Completed,High
Retail,Medium,Average,Medium,Yes,Karachi,1023000.0,879,Positive,Not Contacted,High
Manufacturing,Medium,Good,Low,Yes,Quetta,1826000.0,1506,Neutral,Not Contacted,Low
Marketing,Medium,Excellent,High,Yes,Faisalabad,159000.0,49,,Completed,High
Marketing,Small,Average,High,Yes,Islamabad,4628000.0,118,Neutral,Not Contacted,Medium
Marketing,Small,Good,High,Yes,Multan,1727000.0,97,No Response,Not Scheduled,Medium
Marketing,Medium,Excellent,Low,Yes,Rawalpindi,267000.0,57,Neutral,Not Scheduled,Medium
Education,Small,Excellent,Medium,Yes,Lahore,564000.0,23,No Response,Scheduled,Medium
Technology,Medium,Excellent,Low,Yes,Rawalpindi,2223000.0,43,Positive,Completed,High
Marketing,Small,Excellent,Low,No,Karachi,859000.0,214,Positive,Not Contacted,Low
Finance,Medium,Average,,Yes,Islamabad,2752000.0,160,No Response,Scheduled,Medium
Finance,Large,Good,Low,Yes,Peshawar,1003000.0,91,No Response,Not Scheduled,Low
Manufacturing,Medium,Good,Low,Yes,Peshawar,2229000.0,64,Neutral,Scheduled,Medium
Finance,Small,Good,Medium,Yes,Islamabad,,888,Positive,Not Contacted,Medium
Healthcare,Large,Good,Low,Yes,Lahore,249000.0,36,No Response,Not Contacted,Low
Marketing,Small,Good,Medium,No,Quetta,1116000.0,16,Neutral,Not Contacted,Low
Education,Large,Average,Medium,Yes,Karachi,1725000.0,87,Negative,Not Scheduled,Medium
Healthcare,Small,Excellent,High,Yes,Karachi,2571000.0,121,No Response,Not Contacted,Medium
Education,Small,Poor,Low,No,Lahore,143000.0,361,Positive,Completed,Low
Healthcare,Large,Average,Medium,Yes,Karachi,384000.0,200,No Response,Not Contacted,Low
Retail,Medium,Good,Medium,Yes,Lahore,8935000.0,190,Neutral,Scheduled,High
Manufacturing,Small,Poor,Low,Yes,Multan,781000.0,116,Neutral,Not Contacted,Low
Marketing,Small,Good,Low,Yes,Lahore,665000.0,368,Neutral,Not Scheduled,Low
Retail,Medium,Excellent,High,Yes,Multan,1951000.0,116,No Response,Not Contacted,Medium
Finance,Small,Excellent,Medium,No,Karachi,566000.0,92,Neutral,Scheduled,Low
Real Estate,Medium,Good,Medium,Yes,Lahore,324000.0,38,,Not Scheduled,Medium
Finance,Small,Poor,Medium,Yes,Rawalpindi,1050000.0,81,Positive,Not Contacted,Low
Education,Medium,Good,Low,Yes,Multan,294000.0,56,Neutral,Not Scheduled,Low
Technology,Small,Good,Medium,No,Multan,1887000.0,112,No Response,Not Scheduled,Low
Retail,Large,Excellent,Medium,Yes,Faisalabad,1190000.0,194,Negative,Not Scheduled,Medium
Manufacturing,Small,Excellent,Low,Yes,Islamabad,1677000.0,75,Positive,Not Scheduled,Medium
Marketing,Small,Average,Medium,Yes,Lahore,6170000.0,27,Neutral,Not Contacted,Low
Manufacturing,Small,Average,Medium,Yes,Karachi,13522000.0,489,Neutral,Scheduled,Medium
Healthcare,Large,Good,High,No,Islamabad,23296000.0,201,Positive,Not Scheduled,High
Real Estate,Medium,Excellent,High,Yes,Multan,1108000.0,216,No Response,Scheduled,High
Marketing,Large,Average,Low,Yes,Faisalabad,1918000.0,73,Positive,Scheduled,High
Finance,Small,Poor,Medium,No,Islamabad,1163000.0,254,Neutral,Scheduled,Low
Marketing,Medium,Poor,High,Yes,Peshawar,1318000.0,238,,Not Scheduled,Low
Real Estate,Medium,Poor,Low,Yes,Faisalabad,1280000.0,328,Neutral,Not Scheduled,Low
Healthcare,Medium,Poor,High,Yes,Rawalpindi,936000.0,111,Positive,Not Scheduled,High
Healthcare,Small,Average,Low,No,Islamabad,480000.0,81,Positive,Not Scheduled,Low
Healthcare,Medium,Average,High,Yes,Islamabad,254000.0,40,Negative,Not Contacted,Low
Retail,Large,Good,High,Yes,Rawalpindi,,8,Positive,Not Scheduled,High
Retail,Large,,Medium,No,Faisalabad,5144000.0,242,Positive,Scheduled,High
Real Estate,Medium,Excellent,High,Yes,Faisalabad,1392000.0,109,Neutral,Not Contacted,Medium
Healthcare,Large,Good,Low,Yes,Karachi,692000.0,43,No Response,Not Scheduled,Medium
Manufacturing,Medium,Average,Medium,Yes,Quetta,574000.0,369,No Response,Not Scheduled,Low
Technology,Small,Good,Medium,Yes,Rawalpindi,418000.0,501,No Response,Scheduled,Medium
Healthcare,Large,Good,High,Yes,Lahore,8348000.0,266,No Response,Scheduled,High
Finance,Small,Average,Low,Yes,Quetta,1548000.0,93,Positive,Not Scheduled,Medium
Technology,Large,Good,Low,Yes,Faisalabad,3683000.0,73,Neutral,Scheduled,Medium
Healthcare,Small,Excellent,Low,Yes,Multan,369000.0,207,Positive,Scheduled,High
Retail,Large,Poor,Low,Yes,Peshawar,1094000.0,34,Positive,Not Scheduled,Low
Retail,Medium,Good,Medium,Yes,Karachi,319000.0,210,Neutral,Completed,High
Healthcare,Large,Excellent,Low,Yes,Peshawar,5439000.0,29,No Response,Scheduled,Medium
Retail,Small,Excellent,Medium,Yes,Karachi,2906000.0,189,No Response,Scheduled,High
Finance,Medium,Average,High,Yes,Quetta,2597000.0,58,Positive,Not Scheduled,High
Healthcare,Small,Excellent,Low,Yes,Quetta,121000.0,301,Neutral,Not Scheduled,Low
Manufacturing,Small,Excellent,High,Yes,Rawalpindi,1179000.0,97,Positive,Not Contacted,High
Marketing,Small,Average,High,Yes,Lahore,328000.0,299,Neutral,Scheduled,Medium
Finance,Medium,Excellent,Medium,No,Peshawar,1308000.0,104,Neutral,Scheduled,Medium
Healthcare,Medium,Good,Low,Yes,Quetta,1178000.0,108,No Response,Scheduled,Low
Manufacturing,Large,Average,Medium,Yes,Quetta,412000.0,112,Negative,Not Contacted,Low
Education,Large,Average,High,Yes,Faisalabad,530000.0,75,Neutral,Scheduled,High
Finance,Large,Poor,Medium,Yes,Peshawar,460000.0,228,No Response,Scheduled,Medium
Manufacturing,Medium,Poor,Low,Yes,Quetta,12124000.0,84,Neutral,Completed,Low
Technology,Small,Excellent,Medium,No,Faisalabad,3137000.0,196,Positive,Scheduled,Medium
Technology,Medium,Excellent,Medium,Yes,Quetta,2257000.0,19,Positive,Scheduled,High
Healthcare,Small,Average,Medium,Yes,Lahore,887000.0,1069,Positive,Not Scheduled,Medium
Education,Medium,Excellent,Medium,Yes,Rawalpindi,1167000.0,271,Neutral,Not Scheduled,Medium
Technology,Medium,Good,Low,No,Quetta,1649000.0,33,No Response,Not Scheduled,Low
Real Estate,Medium,Average,Medium,No,Lahore,3201000.0,82,Neutral,Scheduled,Low
Technology,Small,Good,High,No,Faisalabad,3847000.0,64,No Response,Scheduled,Low
Manufacturing,Small,Good,Low,No,Multan,382000.0,293,No Response,Not Scheduled,Low
Technology,Large,Poor,Low,Yes,Karachi,1828000.0,60,Neutral,Scheduled,Low
Retail,Small,Average,Medium,Yes,Rawalpindi,3672000.0,230,Positive,Scheduled,High
Real Estate,Small,Good,Medium,No,Islamabad,1408000.0,29,Negative,Scheduled,Low
Finance,Small,Excellent,High,Yes,Islamabad,430000.0,100,No Response,Completed,High
Education,Small,Excellent,Low,Yes,Multan,3941000.0,75,Neutral,Not Scheduled,Low
Real Estate,Small,Average,Medium,No,Islamabad,1593000.0,98,Negative,Not Scheduled,Low
Retail,Small,Poor,High,Yes,Peshawar,1421000.0,119,Positive,Not Scheduled,Medium
Real Estate,Medium,Average,Medium,Yes,Faisalabad,2520000.0,100,No Response,Scheduled,Medium
Finance,Small,Good,Medium,Yes,Quetta,514000.0,37,Neutral,Completed,Medium
Education,Medium,Good,Medium,Yes,Multan,1328000.0,95,Neutral,Not Scheduled,Medium
Education,Small,Excellent,Medium,Yes,Faisalabad,572000.0,249,Neutral,Scheduled,High
Technology,Medium,Good,Medium,Yes,Rawalpindi,2136000.0,54,Positive,Completed,High
Technology,Small,Excellent,Medium,No,Islamabad,3385000.0,172,No Response,Completed,Medium
Healthcare,Medium,Excellent,Medium,No,Rawalpindi,6549000.0,94,,Not Scheduled,Low
Marketing,Large,Excellent,Medium,Yes,Peshawar,277000.0,67,No Response,Scheduled,High
Healthcare,Large,Good,Medium,No,Rawalpindi,2152000.0,232,Neutral,Scheduled,Medium
Manufacturing,Medium,Good,Low,Yes,Peshawar,543000.0,133,Neutral,Scheduled,Medium
Education,Medium,Excellent,Low,Yes,Peshawar,13616000.0,95,No Response,Scheduled,Medium
Retail,Medium,Excellent,Medium,No,Karachi,1738000.0,74,Negative,Scheduled,Low
Finance,Small,Excellent,Low,Yes,Faisalabad,2350000.0,267,Neutral,Not Contacted,Low
Marketing,Medium,Good,Medium,Yes,Faisalabad,3979000.0,24,Neutral,Not Scheduled,Medium
Marketing,Small,Good,Medium,Yes,Rawalpindi,386000.0,110,Positive,Completed,High
Manufacturing,Small,Good,Low,Yes,Islamabad,,159,No Response,Not Contacted,Low
Marketing,Large,Poor,High,Yes,Lahore,443000.0,38,No Response,Not Contacted,Low
Finance,Small,Good,Medium,Yes,Rawalpindi,8746000.0,228,Neutral,Completed,High
Technology,Small,Excellent,Low,Yes,Multan,3491000.0,104,Neutral,Not Scheduled,Medium
Technology,Medium,Good,Medium,Yes,Karachi,690000.0,270,Positive,Completed,High
Finance,Small,Good,Low,No,Multan,1935000.0,33,Negative,Scheduled,Low
Education,Medium,Excellent,High,No,Peshawar,104000.0,152,Positive,Not Contacted,Medium
Manufacturing,Small,,Low,Yes,Lahore,285000.0,171,Positive,Not Contacted,Low
Education,Medium,Poor,Medium,Yes,Karachi,4533000.0,75,Positive,Not Scheduled,Medium
Marketing,Small,Average,Medium,Yes,Quetta,1211000.0,85,Neutral,Scheduled,Low
Real Estate,Medium,Average,High,Yes,Faisalabad,5177000.0,113,No Response,Completed,Medium
Technology,Small,Good,High,Yes,Peshawar,559000.0,46,Neutral,Not Scheduled,Medium
Manufacturing,Medium,Average,Medium,No,Rawalpindi,1347000.0,97,Positive,Not Scheduled,Low
Technology,Medium,Excellent,Medium,No,Peshawar,703000.0,32,Positive,Not Contacted,Low
Technology,Small,Good,Medium,Yes,Islamabad,996000.0,48,Neutral,Not Contacted,Low
Healthcare,Large,Good,High,Yes,Peshawar,1564000.0,159,No Response,Scheduled,High
Education,Small,Good,Low,Yes,Lahore,11218000.0,93,No Response,Completed,Low
Technology,Small,Good,Medium,No,Quetta,207000.0,23,Positive,Completed,Medium
Real Estate,Large,Average,Medium,Yes,Rawalpindi,3236000.0,127,Positive,Not Scheduled,High
Technology,Small,Average,Low,Yes,Islamabad,928000.0,228,Neutral,Scheduled,Low
Manufacturing,Medium,Poor,Medium,No,Quetta,1780000.0,125,Negative,Scheduled,Low
Manufacturing,Small,Average,Medium,No,Karachi,703000.0,43,No Response,Scheduled,Low
Education,Medium,Excellent,Medium,Yes,Karachi,4617000.0,50,Neutral,Not Scheduled,Medium
Technology,Small,Good,Medium,No,Lahore,2239000.0,174,No Response,Not Contacted,Low
Real Estate,Small,Average,Low,No,Faisalabad,256000.0,163,No Response,Not Scheduled,Low
Healthcare,Small,Excellent,,Yes,Multan,844000.0,293,No Response,Not Scheduled,Low
Technology,Medium,Average,Low,Yes,Peshawar,548000.0,90,Neutral,Scheduled,Medium
Manufacturing,Small,Excellent,Low,No,Faisalabad,239000.0,117,Positive,Completed,Medium
Manufacturing,Small,Excellent,High,No,Karachi,3101000.0,49,No Response,Scheduled,Medium
Real Estate,Small,Good,Low,Yes,Quetta,211000.0,205,Positive,Not Scheduled,Medium
Real Estate,Small,Good,High,Yes,Quetta,1241000.0,62,Negative,Not Scheduled,Medium
Technology,Small,Good,Medium,Yes,Multan,352000.0,480,Neutral,Scheduled,Medium
Manufacturing,Medium,Poor,Low,Yes,Faisalabad,1332000.0,188,No Response,Completed,Low
Real Estate,Medium,Good,Low,Yes,Lahore,924000.0,89,Negative,Scheduled,Medium
Technology,Small,Good,Medium,Yes,Lahore,3269000.0,90,Positive,Scheduled,High
Real Estate,Small,Good,High,Yes,Lahore,520000.0,114,No Response,Not Scheduled,Low
Finance,Small,Average,Low,No,Peshawar,2822000.0,109,No Response,Not Scheduled,Low
Real Estate,Medium,Poor,Low,No,Peshawar,2411000.0,99,Positive,Not Contacted,Low
Technology,Large,Good,High,No,Faisalabad,1280000.0,72,Negative,Scheduled,Medium
Retail,Medium,Good,Low,Yes,Islamabad,667000.0,155,Positive,Scheduled,High
Finance,Small,Good,High,Yes,Multan,7083000.0,222,Positive,Scheduled,High
Finance,Medium,Average,Medium,Yes,Faisalabad,4333000.0,24,Positive,Not Scheduled,Medium
Education,Small,Poor,Medium,Yes,Faisalabad,423000.0,137,Positive,Not Contacted,Low
Finance,Small,Average,High,Yes,Quetta,650000.0,71,No Response,Not Contacted,Low
Technology,Small,Average,Low,Yes,Multan,905000.0,33,Positive,Not Scheduled,Low
Real Estate,Small,Excellent,Medium,Yes,Faisalabad,808000.0,80,No Response,Scheduled,Medium
Finance,Large,Excellent,Low,Yes,Multan,2396000.0,122,Neutral,Scheduled,High
Retail,Medium,Good,Low,Yes,Quetta,1510000.0,37,Neutral,Not Scheduled,Medium
Healthcare,Small,Good,Medium,No,Karachi,762000.0,65,Positive,Not Contacted,Low
Technology,Small,Excellent,Medium,Yes,Faisalabad,2418000.0,103,Positive,Scheduled,High
Finance,Small,Excellent,Medium,Yes,Peshawar,786000.0,74,Positive,Not Contacted,High
Retail,Small,Good,Medium,Yes,Lahore,1078000.0,34,Positive,Scheduled,High
Real Estate,Small,Average,Low,Yes,Multan,893000.0,60,No Response,Not Contacted,Low
Manufacturing,Medium,Excellent,Medium,Yes,Faisalabad,1088000.0,23,Neutral,Not Scheduled,Medium
Finance,Large,Good,Low,Yes,Rawalpindi,998000.0,15,No Response,Completed,Medium
Marketing,Small,Good,Low,Yes,Karachi,993000.0,208,Negative,Not Contacted,Low
Technology,Medium,Average,Medium,Yes,Quetta,2875000.0,29,No Response,Scheduled,Low
Real Estate,Large,Average,Medium,Yes,Multan,397000.0,325,Negative,Not Contacted,Low
Finance,Medium,Good,Medium,Yes,Quetta,524000.0,82,No Response,Not Scheduled,Medium
Technology,Small,Excellent,Low,Yes,Karachi,761000.0,64,No Response,Not Scheduled,Low
Retail,Small,Average,Low,Yes,Islamabad,3372000.0,195,,Scheduled,Low
Marketing,Small,Average,Medium,Yes,Karachi,6742000.0,147,Neutral,Not Scheduled,Low
Technology,Large,Excellent,Medium,Yes,Rawalpindi,1792000.0,299,Positive,Not Scheduled,High
Education,Medium,Poor,Low,Yes,Lahore,1775000.0,80,Positive,Not Scheduled,Medium
Technology,Small,Poor,Low,Yes,Faisalabad,1528000.0,35,Positive,Not Scheduled,Low
Retail,Large,Average,Medium,Yes,Multan,4710000.0,26,Neutral,Scheduled,High
Education,Medium,Average,High,Yes,Faisalabad,1353000.0,112,Positive,Not Contacted,Medium
Education,Large,Average,High,No,Rawalpindi,686000.0,29,No Response,Scheduled,Medium
Technology,Medium,Excellent,High,Yes,Islamabad,1957000.0,154,Neutral,Not Scheduled,High
Finance,Small,Good,Low,Yes,Karachi,1490000.0,427,No Response,Scheduled,Low
Marketing,Small,Excellent,High,Yes,Karachi,7444000.0,41,No Response,Not Scheduled,Medium
Healthcare,Small,Poor,Low,Yes,Faisalabad,2309000.0,72,No Response,Scheduled,Low
Real Estate,Medium,Excellent,Medium,Yes,Faisalabad,1469000.0,337,No Response,Not Contacted,Medium
Manufacturing,Medium,Good,High,Yes,Karachi,575000.0,154,Positive,Not Contacted,High
Manufacturing,Small,Good,High,Yes,Islamabad,875000.0,32,Neutral,Not Contacted,Low
Technology,Small,Good,High,Yes,Islamabad,1000000.0,121,Positive,Not Scheduled,High
Marketing,Small,Average,Low,Yes,Peshawar,578000.0,63,Neutral,Not Contacted,Low
Healthcare,Small,Average,Medium,Yes,Islamabad,4550000.0,60,No Response,Completed,Low
Education,Small,Excellent,High,Yes,Islamabad,1208000.0,70,Positive,Completed,High
Healthcare,Medium,Average,High,Yes,Karachi,3757000.0,125,No Response,Not Scheduled,Medium
Marketing,Small,Excellent,High,Yes,Islamabad,500000.0,122,No Response,Scheduled,High
Real Estate,Medium,Average,Medium,Yes,Faisalabad,736000.0,761,Positive,Not Scheduled,Medium
Finance,Medium,Average,Medium,Yes,Rawalpindi,1075000.0,203,Negative,Scheduled,Low
Healthcare,Small,Average,Low,Yes,Karachi,453000.0,33,No Response,Not Contacted,Low
Finance,Small,Excellent,Medium,Yes,Rawalpindi,7941000.0,123,Positive,Scheduled,High
Real Estate,Small,Average,Medium,Yes,Karachi,7213000.0,99,Positive,Not Contacted,Medium
Finance,Small,Average,Medium,Yes,Multan,1790000.0,20,Negative,Scheduled,Low
Healthcare,Medium,Good,Medium,No,Peshawar,662000.0,44,No Response,Not Contacted,Low
Real Estate,Small,Poor,High,Yes,Islamabad,1251000.0,82,Negative,Not Scheduled,Low
Healthcare,Small,Poor,Low,No,Lahore,404000.0,198,Positive,Scheduled,Low
Healthcare,Large,Average,High,Yes,Multan,708000.0,34,Positive,Scheduled,High
Finance,Medium,,Medium,Yes,Lahore,3598000.0,66,Neutral,Scheduled,Medium
Retail,Medium,Average,High,Yes,Faisalabad,2806000.0,33,Positive,Completed,High
Retail,Small,Average,Low,Yes,Rawalpindi,2483000.0,24,Positive,Not Contacted,Low
Manufacturing,Small,Good,Low,Yes,Karachi,1015000.0,52,Negative,Not Contacted,Low
Technology,Large,Excellent,Low,Yes,Peshawar,1338000.0,410,No Response,Not Contacted,Medium
Marketing,Small,Average,Low,Yes,Lahore,6097000.0,76,No Response,Not Contacted,Low
Finance,Medium,Average,Medium,Yes,Karachi,24856000.0,35,Positive,Not Scheduled,High
Retail,Small,Excellent,High,Yes,Faisalabad,2310000.0,36,No Response,Not Scheduled,Medium
Real Estate,Small,Good,Medium,Yes,Peshawar,231000.0,54,No Response,Scheduled,Medium
Education,Large,Excellent,High,Yes,Karachi,1380000.0,34,Neutral,Completed,High
Manufacturing,Large,Excellent,Medium,No,Quetta,2804000.0,30,Negative,Not Scheduled,Low
Healthcare,Medium,Excellent,Medium,Yes,Islamabad,1063000.0,434,Positive,Not Scheduled,High
Marketing,Medium,Average,High,Yes,Quetta,810000.0,64,Positive,Not Contacted,Medium
Technology,Large,Average,Low,Yes,Faisalabad,4130000.0,29,Positive,Scheduled,Medium
Marketing,Medium,Good,Medium,Yes,Multan,2172000.0,392,Positive,Scheduled,High
Real Estate,Small,,High,Yes,Faisalabad,1002000.0,462,Positive,Not Contacted,High
Retail,Large,Good,Medium,Yes,Peshawar,857000.0,335,Positive,Not Scheduled,High
Healthcare,Medium,Average,Medium,Yes,Karachi,540000.0,145,Positive,Not Scheduled,Medium
Technology,Small,Average,High,Yes,Peshawar,1206000.0,196,Positive,Completed,High
Marketing,Medium,Poor,Low,Yes,Peshawar,1812000.0,93,Positive,Not Scheduled,Medium
Education,Medium,Good,Low,Yes,Peshawar,440000.0,79,Positive,Scheduled,High
Manufacturing,Large,Average,High,Yes,Multan,1410000.0,182,Positive,Not Scheduled,High
Finance,Medium,Good,Low,No,Faisalabad,547000.0,66,No Response,Scheduled,Low
Healthcare,Medium,Excellent,Medium,Yes,Quetta,704000.0,63,Neutral,Scheduled,High
Finance,Small,Good,Medium,Yes,Faisalabad,3277000.0,74,Negative,Not Scheduled,Low
Marketing,Small,Good,Medium,Yes,Faisalabad,3250000.0,174,Positive,Not Contacted,Medium
Technology,Small,Good,Medium,Yes,Rawalpindi,2462000.0,97,Negative,Scheduled,Medium
Real Estate,Small,Good,Medium,Yes,Rawalpindi,918000.0,74,No Response,Scheduled,Medium
Manufacturing,Small,Good,Low,No,Quetta,1885000.0,178,No Response,Scheduled,Low
Finance,Medium,Good,Medium,Yes,Lahore,1265000.0,54,Neutral,Scheduled,Medium
Technology,Medium,Poor,Medium,No,Islamabad,737000.0,49,Positive,Not Contacted,Low
Retail,Small,Average,Medium,Yes,Islamabad,810000.0,77,Neutral,Completed,Medium
Real Estate,Large,Good,Medium,Yes,Islamabad,1308000.0,44,Neutral,Scheduled,High
Technology,Small,Good,High,Yes,Faisalabad,5222000.0,54,No Response,Scheduled,Medium
Technology,Small,Average,Medium,No,Lahore,377000.0,117,No Response,Not Scheduled,Low
Technology,Medium,Good,Medium,No,Multan,4579000.0,204,Neutral,Completed,Medium
Finance,Small,Good,Low,Yes,Faisalabad,726000.0,74,Positive,Scheduled,Medium
Marketing,Small,Excellent,Low,Yes,Multan,594000.0,208,Neutral,Scheduled,Medium
Finance,Large,Poor,Low,Yes,Quetta,2503000.0,205,Positive,Not Scheduled,Medium
Real Estate,Small,Good,Medium,Yes,Peshawar,9387000.0,43,Neutral,Scheduled,Medium
Marketing,Large,Excellent,Medium,Yes,Karachi,732000.0,180,No Response,Not Contacted,Medium
Technology,Small,Poor,Low,Yes,Faisalabad,302000.0,73,Neutral,Completed,Low
Technology,Small,Average,High,No,Quetta,2193000.0,70,No Response,Not Contacted,Low
Finance,Medium,Average,High,Yes,Faisalabad,8828000.0,72,Positive,Scheduled,High
Technology,Medium,Average,High,Yes,Multan,583000.0,133,Positive,Not Scheduled,High
Retail,Medium,Average,Low,Yes,Multan,1363000.0,24,Positive,Not Contacted,Low
Retail,Medium,Good,High,No,Faisalabad,2896000.0,88,No Response,Not Scheduled,Low
Retail,Small,Excellent,Medium,Yes,Peshawar,5659000.0,46,No Response,Not Contacted,Low
Marketing,Medium,Average,Low,No,Faisalabad,2521000.0,38,No Response,Not Scheduled,Low
Manufacturing,Medium,Average,Medium,Yes,Multan,361000.0,38,Negative,Completed,Medium
Technology,Medium,Good,Medium,Yes,Peshawar,754000.0,42,No Response,Not Scheduled,Low
Finance,Small,Good,Medium,Yes,Rawalpindi,1509000.0,291,No Response,Scheduled,Medium
Real Estate,Large,Good,Medium,Yes,Multan,1971000.0,574,Neutral,Scheduled,High
Marketing,Medium,Average,Medium,Yes,Lahore,932000.0,11,Positive,Scheduled,High
Technology,Small,Good,Low,Yes,Islamabad,6289000.0,132,No Response,Not Scheduled,Low
Finance,Medium,Average,Medium,Yes,Quetta,4114000.0,234,Positive,Scheduled,High
Finance,Large,Average,Low,Yes,Lahore,1387000.0,176,No Response,Scheduled,Medium
Finance,Small,Average,Low,Yes,Lahore,4222000.0,149,Neutral,Not Scheduled,Low
Finance,Large,Average,Medium,Yes,Quetta,6423000.0,207,Neutral,Not Scheduled,Low
Retail,Small,Average,High,Yes,Lahore,648000.0,62,Neutral,Not Scheduled,Medium
Retail,Medium,Good,Low,Yes,Multan,2549000.0,96,No Response,Not Contacted,Low
Finance,Small,Average,Low,Yes,Karachi,922000.0,93,Neutral,Scheduled,Low
Real Estate,Small,Average,High,Yes,Peshawar,1859000.0,59,Negative,Completed,Medium
Finance,Medium,Excellent,Low,Yes,Multan,1719000.0,23,No Response,Not Scheduled,Low
Finance,Medium,Good,Medium,Yes,Lahore,875000.0,20,Neutral,Not Scheduled,Medium
Finance,Large,Excellent,Medium,Yes,Lahore,1361000.0,274,No Response,Completed,High
Real Estate,Medium,Good,Medium,No,Lahore,1073000.0,82,Positive,Completed,Medium
Marketing,Medium,Poor,High,Yes,Rawalpindi,3135000.0,46,No Response,Scheduled,Medium
Finance,Medium,Excellent,,Yes,Islamabad,3385000.0,202,No Response,Not Scheduled,High
Manufacturing,Small,Poor,Medium,Yes,Karachi,728000.0,276,Positive,Scheduled,Medium
Finance,Medium,Average,Low,Yes,Islamabad,980000.0,94,No Response,Scheduled,Low
Healthcare,Medium,Good,Low,Yes,Karachi,,60,Neutral,Not Scheduled,Low
Real Estate,Small,Good,Medium,Yes,Rawalpindi,871000.0,403,No Response,Not Contacted,Low
Finance,Small,Excellent,Medium,Yes,Multan,215000.0,112,Positive,Not Scheduled,High
Technology,Medium,Average,,Yes,Islamabad,236000.0,54,No Response,Scheduled,Medium
Education,Small,Excellent,Medium,No,Quetta,860000.0,234,Negative,Scheduled,Medium
Marketing,Medium,Average,Low,No,Peshawar,3517000.0,141,No Response,Completed,Low
Technology,Small,Excellent,Low,Yes,Peshawar,2506000.0,139,No Response,Not Scheduled,Low
Marketing,Medium,Excellent,Low,Yes,Lahore,2884000.0,150,Neutral,Not Contacted,Medium
Real Estate,Small,Poor,Medium,No,Islamabad,9756000.0,152,Positive,Scheduled,Medium
Healthcare,Small,Excellent,Medium,Yes,Islamabad,8831000.0,169,Neutral,Not Scheduled,Medium
Healthcare,Large,Average,High,Yes,Faisalabad,5061000.0,62,No Response,Not Scheduled,Medium
Marketing,Medium,Good,Medium,Yes,Faisalabad,3273000.0,203,No Response,Scheduled,Medium
Retail,Large,Excellent,High,Yes,Lahore,5216000.0,107,Positive,Scheduled,High
Technology,Large,Excellent,Medium,Yes,Karachi,287000.0,266,Positive,Completed,High
Technology,Medium,Good,Medium,No,Peshawar,673000.0,78,Negative,Scheduled,Low
Technology,Medium,Average,Medium,Yes,Quetta,1682000.0,90,Positive,Not Scheduled,Medium
Manufacturing,Small,Average,Low,Yes,Rawalpindi,1724000.0,70,No Response,Completed,Low
Marketing,Small,Good,Medium,Yes,Rawalpindi,4568000.0,371,Positive,Not Scheduled,Medium
Retail,Small,Excellent,Medium,Yes,Peshawar,5957000.0,419,No Response,Completed,High
Marketing,Small,Average,Medium,Yes,Peshawar,2640000.0,223,Positive,Scheduled,High
Healthcare,Large,Good,Medium,Yes,Multan,1154000.0,230,Neutral,Not Scheduled,Medium
Marketing,Small,Average,Medium,No,Quetta,918000.0,64,Negative,Scheduled,Low
Technology,Medium,Good,Low,No,Rawalpindi,763000.0,515,Neutral,Scheduled,Low
Finance,Small,Poor,Low,Yes,Multan,5721000.0,279,No Response,Completed,Low
Marketing,Small,Poor,High,No,Islamabad,602000.0,34,Positive,Not Contacted,Low
Retail,Medium,Poor,Medium,Yes,Lahore,8582000.0,316,Positive,Not Scheduled,Medium
Retail,Large,Excellent,Low,Yes,Quetta,698000.0,174,Positive,Not Scheduled,High
Finance,Small,Good,Low,Yes,Faisalabad,1370000.0,1301,Positive,Completed,High
Healthcare,Small,Excellent,Medium,No,Multan,6309000.0,180,Neutral,Not Contacted,Low
Healthcare,Medium,Average,Low,Yes,Quetta,2013000.0,54,Positive,Completed,High
Education,Large,Excellent,Medium,Yes,Rawalpindi,1226000.0,24,Positive,Scheduled,High
Education,Medium,,Low,Yes,Karachi,4313000.0,275,No Response,Not Scheduled,Medium
Healthcare,Large,Poor,,Yes,Multan,337000.0,135,Negative,Completed,Low
Healthcare,Small,Good,High,Yes,Islamabad,881000.0,168,Neutral,Not Scheduled,Medium
Healthcare,Medium,Poor,High,Yes,Karachi,1014000.0,681,Neutral,Completed,High
Retail,Small,Average,Medium,Yes,Quetta,1013000.0,731,Positive,Completed,High
Marketing,Medium,Good,High,Yes,Faisalabad,2841000.0,47,No Response,Scheduled,Medium
Finance,Large,Average,Medium,Yes,Rawalpindi,1509000.0,127,Positive,Not Contacted,High
Technology,Medium,Average,Medium,No,Rawalpindi,3442000.0,192,No Response,Not Contacted,Low
Retail,Small,Average,High,No,Quetta,1834000.0,18,Neutral,Not Contacted,Low
Technology,Medium,Excellent,,Yes,Multan,4684000.0,191,Positive,Not Scheduled,High
Technology,Large,Good,High,Yes,Islamabad,1172000.0,224,No Response,Completed,High
Real Estate,Medium,Excellent,Medium,Yes,Rawalpindi,1538000.0,5,No Response,Scheduled,Medium
Education,Small,Excellent,Low,Yes,Karachi,1090000.0,85,Positive,Completed,High
Education,Medium,Excellent,Medium,No,Karachi,,1039,Positive,Scheduled,High
Real Estate,Small,Poor,Medium,Yes,Islamabad,852000.0,116,Positive,Scheduled,Medium
Real Estate,Medium,Poor,Medium,Yes,Multan,714000.0,58,No Response,Not Scheduled,Low
Manufacturing,Small,Good,Medium,Yes,Rawalpindi,1037000.0,97,No Response,Not Scheduled,Low
Education,Small,Excellent,High,Yes,Lahore,1148000.0,65,Positive,Scheduled,High
Technology,Large,Good,Low,Yes,Quetta,275000.0,107,Positive,Scheduled,High
Technology,Medium,Poor,Medium,Yes,Faisalabad,1420000.0,240,No Response,Completed,Medium
Real Estate,Small,Average,Medium,Yes,Peshawar,1740000.0,68,Positive,Not Scheduled,Medium
Technology,Small,Poor,High,Yes,Faisalabad,1462000.0,125,Positive,Not Contacted,Medium
Finance,Medium,Average,High,Yes,Rawalpindi,4206000.0,94,Positive,Scheduled,High
Healthcare,Medium,Good,High,Yes,Lahore,395000.0,95,No Response,Completed,High
Retail,Medium,Poor,Low,Yes,Peshawar,588000.0,569,No Response,Not Scheduled,Low
Retail,Small,Poor,Low,Yes,Lahore,728000.0,248,Neutral,Not Scheduled,Low
Technology,Medium,Poor,Low,Yes,Faisalabad,1337000.0,71,Neutral,Completed,Medium
Finance,Large,Excellent,Low,Yes,Peshawar,530000.0,60,Positive,Not Scheduled,High
Retail,Small,Excellent,Medium,Yes,Quetta,4815000.0,188,Positive,Not Scheduled,High
Retail,Small,,Medium,Yes,Multan,3116000.0,284,No Response,Scheduled,Low
Marketing,Small,Good,Medium,No,Quetta,478000.0,12,No Response,Not Scheduled,Low
Real Estate,Medium,Poor,High,Yes,Karachi,1030000.0,176,Neutral,Not Contacted,Medium
Real Estate,Small,Excellent,High,Yes,Peshawar,730000.0,38,No Response,Not Contacted,Low
Education,Medium,Average,Medium,Yes,Lahore,1293000.0,48,No Response,Not Scheduled,Low
Manufacturing,Small,Good,High,Yes,Peshawar,731000.0,21,Positive,Completed,High
Technology,Small,Average,Low,Yes,Peshawar,1425000.0,250,No Response,Scheduled,Low
Real Estate,Large,Excellent,,Yes,Peshawar,1904000.0,23,No Response,Completed,High
Real Estate,Large,Good,Low,Yes,Rawalpindi,766000.0,256,No Response,Not Scheduled,Medium
Education,Medium,,Medium,Yes,Islamabad,1779000.0,52,Neutral,Scheduled,High
Marketing,Small,Good,High,Yes,Peshawar,1953000.0,316,Positive,Scheduled,High
Technology,Large,Excellent,Low,Yes,Lahore,4841000.0,302,No Response,Scheduled,High
Marketing,Small,Average,High,Yes,Lahore,6089000.0,136,No Response,Not Contacted,Low
Finance,Medium,Good,Low,No,Peshawar,9901000.0,109,Positive,Scheduled,Medium
Marketing,Small,Average,High,Yes,Faisalabad,1890000.0,185,Negative,Not Scheduled,Low
Retail,Small,Excellent,Low,Yes,Multan,1835000.0,71,No Response,Not Scheduled,Low
Manufacturing,Small,Good,Medium,No,Rawalpindi,1352000.0,143,Neutral,Scheduled,Low
Marketing,Small,Excellent,Medium,No,Lahore,3842000.0,252,Positive,Scheduled,High
Finance,Small,Excellent,High,Yes,Lahore,701000.0,239,No Response,Not Contacted,Medium
Healthcare,Small,Good,High,Yes,Peshawar,1245000.0,93,Positive,Not Contacted,High
Healthcare,Medium,Average,Low,Yes,Islamabad,1250000.0,387,Positive,Scheduled,Medium
Education,Medium,Excellent,High,Yes,Lahore,1979000.0,92,Neutral,Scheduled,High
Technology,Small,Excellent,High,Yes,Islamabad,241000.0,40,Positive,Not Scheduled,High
Technology,Medium,Average,High,Yes,Lahore,11101000.0,76,Positive,Not Scheduled,High
Manufacturing,Large,Good,Medium,Yes,Islamabad,492000.0,35,No Response,Not Scheduled,Low
Manufacturing,Small,Average,Medium,Yes,Faisalabad,784000.0,65,Neutral,Not Scheduled,Low
Technology,Medium,Good,Medium,Yes,Karachi,834000.0,88,No Response,Scheduled,Medium
Technology,Small,Average,Low,Yes,Faisalabad,1841000.0,109,Positive,Scheduled,Medium
Manufacturing,Small,Average,Medium,Yes,Faisalabad,811000.0,144,No Response,Not Scheduled,Low
Education,Small,Good,High,Yes,Lahore,294000.0,100,Negative,Not Contacted,Low
Healthcare,Small,Good,High,Yes,Karachi,1173000.0,71,Positive,Scheduled,High
Manufacturing,Small,Good,Medium,Yes,Islamabad,368000.0,91,Neutral,Scheduled,Medium
Technology,Large,Average,High,Yes,Rawalpindi,5704000.0,43,Positive,Completed,High
Retail,Small,Good,Low,Yes,Peshawar,588000.0,469,No Response,Not Scheduled,Low
Healthcare,Small,Excellent,Medium,Yes,Peshawar,1621000.0,143,Neutral,Not Scheduled,Medium
Manufacturing,Medium,Excellent,High,Yes,Faisalabad,2653000.0,197,Neutral,Not Scheduled,High
Healthcare,Medium,Excellent,Low,Yes,Quetta,3880000.0,26,Neutral,Scheduled,Medium
Technology,Large,Good,High,Yes,Faisalabad,380000.0,77,Neutral,Not Scheduled,High
Manufacturing,Small,Average,Medium,Yes,Peshawar,1200000.0,90,Neutral,Scheduled,Low
Real Estate,Large,Good,Low,No,Multan,4229000.0,94,Positive,Not Scheduled,Medium
Education,Medium,Average,Low,Yes,Rawalpindi,726000.0,468,Positive,Not Contacted,Medium
Healthcare,Small,Good,Low,No,Islamabad,755000.0,99,Negative,Scheduled,Low
Education,Medium,Average,Medium,Yes,Karachi,2539000.0,32,No Response,Not Scheduled,Low
Healthcare,Small,Poor,High,No,Islamabad,335000.0,44,Neutral,Scheduled,Low
Education,Medium,Excellent,High,Yes,Multan,145000.0,223,Positive,Completed,High
Marketing,Small,Average,Medium,Yes,Peshawar,747000.0,151,No Response,Scheduled,Low
Technology,Medium,Average,Medium,Yes,Lahore,690000.0,144,Positive,Not Scheduled,Medium
Finance,Small,Good,Low,Yes,Islamabad,2242000.0,310,Positive,Not Scheduled,Medium
Finance,Small,Average,Low,No,Lahore,1886000.0,203,Positive,Not Scheduled,Low
Finance,Medium,Good,Medium,No,Islamabad,3104000.0,118,Positive,Not Scheduled,Medium
Technology,Small,Good,Medium,No,Islamabad,20424000.0,46,Neutral,Scheduled,Low
Healthcare,Medium,Excellent,Medium,Yes,Faisalabad,827000.0,46,Positive,Not Scheduled,High
Marketing,Small,Good,Medium,Yes,Karachi,487000.0,17,Positive,Not Contacted,Medium
Manufacturing,Medium,Good,Medium,Yes,Multan,273000.0,494,Positive,Not Scheduled,High
Healthcare,Medium,Excellent,High,No,Multan,815000.0,220,Neutral,Not Scheduled,Medium
Manufacturing,Medium,Average,Medium,Yes,Faisalabad,415000.0,73,Positive,Completed,High
Technology,Large,Average,High,Yes,Multan,4838000.0,35,No Response,Scheduled,High
Education,Medium,Average,Medium,Yes,Karachi,2630000.0,173,Positive,Not Scheduled,Medium
Retail,Small,Average,High,Yes,Islamabad,752000.0,267,No Response,Not Scheduled,Low
Retail,Medium,Poor,Medium,Yes,Faisalabad,1546000.0,1046,Negative,Scheduled,Medium
Manufacturing,Medium,Good,High,Yes,Quetta,46000.0,110,Positive,Scheduled,High
Education,Medium,Poor,Medium,Yes,Multan,592000.0,56,Neutral,Completed,Medium
Education,Small,Poor,Medium,Yes,Faisalabad,1106000.0,185,Positive,Completed,High
Retail,Large,Average,Medium,Yes,Lahore,768000.0,52,Neutral,Completed,Medium
Technology,Small,Average,Medium,Yes,Rawalpindi,2384000.0,329,No Response,Scheduled,Low
Finance,Small,Average,High,Yes,Islamabad,5326000.0,59,Positive,Not Contacted,Medium
Marketing,Medium,Average,High,No,Quetta,1355000.0,38,No Response,Scheduled,Medium
Healthcare,Medium,Good,Low,No,Multan,581000.0,183,Negative,Not Scheduled,Low
Finance,Small,Average,Medium,Yes,Karachi,361000.0,46,No Response,Not Scheduled,Low
Retail,Small,Good,Low,Yes,Islamabad,414000.0,693,Negative,Scheduled,Medium
Manufacturing,Medium,Average,High,Yes,Multan,448000.0,93,Positive,Scheduled,High
Retail,Small,Good,Medium,Yes,Rawalpindi,3540000.0,230,Neutral,Scheduled,High
Manufacturing,Medium,Poor,High,No,Islamabad,900000.0,131,No Response,Not Scheduled,Low
Retail,Small,Average,Medium,Yes,Islamabad,16020000.0,352,Positive,Scheduled,High
Technology,Medium,Excellent,Medium,Yes,Faisalabad,652000.0,93,Neutral,Completed,High
Finance,Small,Excellent,High,Yes,Rawalpindi,860000.0,105,Positive,Not Contacted,High
Finance,Large,,High,Yes,Multan,333000.0,22,No Response,Not Contacted,Low
Technology,Small,Good,High,Yes,Faisalabad,,81,Neutral,Not Scheduled,Medium
Technology,Large,Excellent,,Yes,Quetta,1543000.0,160,Neutral,Not Scheduled,High
Healthcare,Large,Good,High,Yes,Islamabad,1138000.0,290,Negative,Not Scheduled,High
Real Estate,Medium,Good,Low,No,Islamabad,4089000.0,97,Negative,Completed,Low
Retail,Small,Average,Medium,No,Karachi,640000.0,259,Positive,Scheduled,Medium
Education,Medium,Poor,Medium,Yes,Multan,328000.0,181,Positive,Completed,High
Retail,Large,Average,Low,Yes,Islamabad,2944000.0,48,Neutral,Completed,High
Real Estate,Small,Average,Medium,Yes,Multan,2065000.0,83,No Response,Scheduled,Low
Manufacturing,Small,Good,Medium,Yes,Multan,1605000.0,545,Neutral,Not Contacted,Medium
Education,Small,Good,Low,Yes,Quetta,203000.0,218,Negative,Not Contacted,Low
Retail,Medium,Excellent,High,Yes,Rawalpindi,865000.0,297,No Response,Not Contacted,Medium
Healthcare,Small,Excellent,Medium,Yes,Quetta,2302000.0,51,Positive,Scheduled,High
Technology,Small,Good,High,No,Peshawar,1024000.0,142,Positive,Not Scheduled,Medium
Manufacturing,Medium,Average,Medium,Yes,Rawalpindi,2650000.0,25,Positive,Not Scheduled,Medium
Manufacturing,Small,Good,High,Yes,Quetta,1271000.0,47,No Response,Not Contacted,Low
Finance,Small,Average,Medium,No,Quetta,2227000.0,32,Positive,Not Contacted,Low
Technology,Small,Excellent,Medium,Yes,Quetta,10053000.0,232,Positive,Scheduled,High
Technology,Small,Average,High,No,Islamabad,2270000.0,133,Neutral,Not Scheduled,Low
Retail,Small,Good,High,No,Multan,2599000.0,115,Neutral,Completed,Medium
Technology,Medium,Poor,Medium,No,Karachi,1312000.0,94,Positive,Scheduled,Medium
Education,Small,Excellent,Medium,No,Peshawar,301000.0,186,Neutral,Completed,Medium
Retail,Large,Excellent,Medium,Yes,Lahore,959000.0,925,Positive,Scheduled,High
Retail,Large,Excellent,High,Yes,Multan,3122000.0,41,No Response,Scheduled,High
Real Estate,Small,Good,High,No,Multan,1567000.0,310,No Response,Not Scheduled,Low
Technology,Large,Poor,Medium,No,Faisalabad,1693000.0,136,Positive,Scheduled,Medium
Finance,Small,Poor,Medium,Yes,Rawalpindi,2317000.0,70,No Response,Not Contacted,Low
Real Estate,Small,Average,High,Yes,Islamabad,4599000.0,149,Negative,Completed,Medium
Real Estate,Small,Excellent,High,Yes,Lahore,3889000.0,76,Negative,Not Scheduled,Medium
Finance,Small,Excellent,,Yes,Peshawar,932000.0,149,Neutral,Completed,High
Technology,Medium,Excellent,Medium,Yes,Islamabad,,24,No Response,Not Scheduled,Medium
Marketing,Small,Good,Low,Yes,Lahore,718000.0,59,No Response,Not Contacted,Low
Finance,Small,Poor,Medium,Yes,Multan,3860000.0,386,No Response,Scheduled,Low
Retail,Medium,Good,Medium,Yes,Rawalpindi,830000.0,47,Positive,Not Contacted,High
Retail,Small,Poor,Low,Yes,Karachi,971000.0,169,No Response,Completed,Low
Retail,Large,Average,Low,Yes,Rawalpindi,8245000.0,234,Negative,Not Contacted,Low
Finance,Medium,Average,High,Yes,Peshawar,1537000.0,561,Positive,Scheduled,High
Retail,Small,Average,Medium,Yes,Lahore,468000.0,25,Neutral,Not Scheduled,Low
Education,Small,Good,High,No,Islamabad,674000.0,13,Neutral,Scheduled,Low
Technology,Medium,Excellent,Medium,Yes,Quetta,3163000.0,120,No Response,Not Contacted,Low
Retail,Small,Excellent,Medium,Yes,Karachi,2906000.0,189,No Response,Scheduled,High
Real Estate,Small,Average,High,Yes,Multan,10692000.0,308,Neutral,Completed,Medium
Finance,Medium,Poor,Low,Yes,Quetta,2131000.0,88,Positive,Not Scheduled,Medium
Healthcare,Small,Good,Low,Yes,Rawalpindi,503000.0,71,Positive,Not Scheduled,Medium
Healthcare,Large,Average,High,No,Multan,,205,Negative,Scheduled,Medium
Education,Small,Excellent,High,Yes,Islamabad,384000.0,203,No Response,Scheduled,Medium
Finance,Small,Average,High,Yes,Peshawar,1893000.0,324,Positive,Not Scheduled,High
Finance,Medium,Excellent,Medium,Yes,Lahore,15734000.0,136,No Response,Not Contacted,Medium
Real Estate,Small,Good,Medium,Yes,Lahore,,57,Positive,Completed,High
Manufacturing,Medium,Good,High,Yes,Karachi,2232000.0,17,Positive,Completed,High
Education,Medium,Excellent,Medium,Yes,Faisalabad,400000.0,110,,Not Contacted,Low
Manufacturing,Large,Good,High,Yes,Islamabad,2139000.0,14,No Response,Scheduled,High
Technology,Large,Excellent,Medium,Yes,Peshawar,897000.0,82,Negative,Not Contacted,Medium
Finance,Large,Poor,Medium,Yes,Quetta,1266000.0,100,Positive,Not Contacted,Medium
Manufacturing,Small,Average,Medium,Yes,Peshawar,1062000.0,51,Neutral,Not Scheduled,Low
Technology,Large,Average,Low,Yes,Peshawar,3008000.0,182,No Response,Completed,High
Manufacturing,Small,Good,Low,Yes,Quetta,496000.0,115,No Response,Scheduled,Low
Technology,Small,Average,High,Yes,Peshawar,460000.0,90,Positive,Scheduled,High
Technology,Small,Excellent,Low,Yes,Quetta,3439000.0,306,Positive,Scheduled,High
Finance,Large,Excellent,Medium,Yes,Peshawar,759000.0,77,No Response,Scheduled,Medium
Marketing,Small,Excellent,Medium,Yes,Peshawar,2674000.0,83,No Response,Not Scheduled,Low
Finance,Medium,Excellent,Medium,Yes,Peshawar,4624000.0,186,Positive,Scheduled,High
Technology,Small,Average,Low,Yes,Lahore,754000.0,120,No Response,Not Contacted,Low
Retail,Medium,Excellent,Low,Yes,Rawalpindi,416000.0,132,Neutral,Completed,High
Retail,Medium,Good,,Yes,Islamabad,879000.0,27,Neutral,Completed,Medium
Real Estate,Large,Average,Low,Yes,Rawalpindi,5158000.0,207,Negative,Not Scheduled,Low
Manufacturing,Medium,Good,High,Yes,Islamabad,2734000.0,129,Positive,Scheduled,High
Healthcare,Small,Good,High,Yes,Multan,1384000.0,102,,Completed,High
Marketing,Medium,Excellent,Medium,Yes,Lahore,534000.0,85,Positive,Not Contacted,High
Finance,Medium,Good,Medium,Yes,Multan,559000.0,37,No Response,Scheduled,Medium
Marketing,Medium,Average,Medium,Yes,Rawalpindi,1424000.0,246,Positive,Not Scheduled,High
Real Estate,Medium,Poor,Low,No,Lahore,1574000.0,129,Positive,Not Scheduled,Low
Technology,Medium,Average,Low,Yes,Lahore,316000.0,198,Positive,Not Scheduled,Medium
Marketing,Small,Excellent,High,Yes,Lahore,4048000.0,39,Positive,Scheduled,High
Retail,Medium,Average,Low,No,Rawalpindi,1046000.0,340,Neutral,Scheduled,Low
Education,Large,Poor,Medium,Yes,Peshawar,332000.0,85,Positive,Scheduled,Medium
Healthcare,Medium,Excellent,Low,Yes,Quetta,3880000.0,26,Neutral,Scheduled,Medium
Manufacturing,Small,Poor,Medium,Yes,Faisalabad,460000.0,116,No Response,Completed,Low
Finance,Medium,Excellent,High,Yes,Lahore,1858000.0,31,Positive,Not Scheduled,High
Technology,Small,Good,High,Yes,Islamabad,,28,No Response,Not Scheduled,Low
Technology,Medium,Good,Medium,Yes,Faisalabad,596000.0,274,Negative,Not Scheduled,Low
Manufacturing,Small,Average,Medium,No,Peshawar,613000.0,105,Positive,Scheduled,Low
Technology,Large,Poor,Medium,Yes,Quetta,408000.0,172,Positive,Not Scheduled,Medium
Marketing,Large,Poor,High,Yes,Islamabad,3703000.0,323,Neutral,Not Scheduled,Medium
Technology,Medium,Good,Medium,Yes,Peshawar,467000.0,214,No Response,Scheduled,Medium
Education,Small,Excellent,Medium,No,Peshawar,2439000.0,207,Negative,Scheduled,Medium
Marketing,Small,Good,Medium,No,Rawalpindi,2777000.0,205,No Response,Completed,Medium
Healthcare,Medium,Good,Low,Yes,Faisalabad,2534000.0,104,Positive,Scheduled,High
Finance,Large,Excellent,Low,Yes,Quetta,1203000.0,50,No Response,Scheduled,High
Education,Medium,Good,Low,Yes,Lahore,582000.0,195,Positive,Scheduled,High
Finance,Large,Good,High,Yes,Rawalpindi,10514000.0,54,Neutral,Scheduled,High
Retail,Small,Poor,Low,Yes,Peshawar,1645000.0,26,Positive,Not Scheduled,Low
Real Estate,Medium,Good,Low,Yes,Islamabad,550000.0,125,Positive,Not Contacted,Medium
Finance,Small,Poor,Low,Yes,Lahore,10152000.0,425,Positive,Not Scheduled,Low
Healthcare,Medium,Excellent,,Yes,Rawalpindi,3631000.0,132,Positive,Not Contacted,High
Retail,Small,Excellent,High,Yes,Faisalabad,709000.0,31,Negative,Scheduled,High
Technology,Medium,Excellent,High,Yes,Islamabad,432000.0,37,Positive,Not Scheduled,High
Finance,Medium,Good,Low,Yes,Rawalpindi,1453000.0,45,No Response,Not Contacted,Low
Finance,Large,,Medium,Yes,Multan,5752000.0,103,Neutral,Completed,High
Finance,Small,Excellent,High,Yes,Rawalpindi,5276000.0,55,No Response,Scheduled,High
Healthcare,Large,Average,Medium,Yes,Lahore,1587000.0,58,Neutral,Completed,High
Education,Large,Excellent,Medium,Yes,Multan,2068000.0,141,Positive,Not Scheduled,High
Manufacturing,Small,Good,Medium,Yes,Lahore,2334000.0,153,Negative,Scheduled,Low
Technology,Large,Good,Medium,No,Islamabad,1346000.0,204,Neutral,Not Scheduled,Low
Healthcare,Small,Excellent,Medium,No,Quetta,1706000.0,263,No Response,Completed,Medium
Finance,Large,Good,High,Yes,Lahore,4228000.0,49,No Response,Completed,High
Retail,Large,Excellent,Medium,Yes,Karachi,1110000.0,127,Negative,Scheduled,High
Finance,Small,Excellent,Low,Yes,Karachi,2029000.0,512,Positive,Not Contacted,Medium
Education,Small,Good,Medium,No,Karachi,1473000.0,173,No Response,Not Scheduled,Low
Finance,Medium,Good,Medium,Yes,Multan,5346000.0,42,No Response,Completed,Medium
Education,Small,Good,High,Yes,Multan,3499000.0,63,No Response,Scheduled,Medium
Technology,Large,,High,Yes,Islamabad,2086000.0,182,No Response,Scheduled,High
Healthcare,Medium,Good,Medium,Yes,Multan,,160,Negative,Not Scheduled,Low
Retail,Small,Average,Medium,Yes,Quetta,10419000.0,243,Positive,Scheduled,Medium
Healthcare,Large,Poor,Medium,Yes,Quetta,3296000.0,76,Positive,Completed,High
Education,Large,Excellent,Medium,Yes,Rawalpindi,3822000.0,45,No Response,Scheduled,High
Retail,Small,Good,Medium,Yes,Karachi,441000.0,39,No Response,Scheduled,Medium
Healthcare,Medium,Average,Low,Yes,Quetta,1185000.0,34,Neutral,Scheduled,Low
Technology,Large,Poor,Medium,Yes,Lahore,901000.0,77,Negative,Scheduled,Low
Marketing,Small,Good,Medium,No,Quetta,467000.0,301,No Response,Not Contacted,Low
Education,Medium,Average,Medium,Yes,Rawalpindi,1746000.0,49,Positive,Completed,High
Real Estate,Medium,Average,Medium,No,Lahore,1882000.0,14,No Response,Not Scheduled,Low
Technology,Small,Excellent,Medium,Yes,Islamabad,4457000.0,28,No Response,Completed,Medium
Technology,Small,Average,Medium,Yes,Peshawar,885000.0,102,Positive,Completed,High
Technology,Small,Good,,No,Lahore,336000.0,350,No Response,Not Scheduled,Low
Finance,Medium,Good,Medium,Yes,Faisalabad,1099000.0,1715,Positive,Not Contacted,Medium
Real Estate,Medium,Average,Medium,Yes,Peshawar,2769000.0,67,Negative,Not Scheduled,Low
Education,Small,Average,Medium,Yes,Peshawar,1520000.0,51,Positive,Not Scheduled,Medium
Technology,Large,Poor,Medium,Yes,Karachi,255000.0,82,Positive,Not Contacted,Medium
Technology,Small,Good,High,Yes,Quetta,7689000.0,90,Neutral,Not Scheduled,Medium
Technology,Medium,Good,High,Yes,Multan,6962000.0,43,Neutral,Scheduled,High
Real Estate,Medium,Good,Medium,Yes,Peshawar,2638000.0,44,Positive,Completed,High
Retail,Medium,Excellent,Medium,Yes,Karachi,1052000.0,74,Positive,Not Contacted,High
Manufacturing,Large,Average,Low,No,Quetta,2187000.0,60,Neutral,Not Contacted,Low
Manufacturing,Small,Average,High,No,Quetta,982000.0,48,Positive,Not Contacted,Low
Finance,Small,Average,High,Yes,Rawalpindi,1254000.0,5,No Response,Not Scheduled,Low
Retail,Medium,Good,High,Yes,Faisalabad,39000.0,364,Negative,Scheduled,Medium
Finance,Small,Average,Low,No,Peshawar,6031000.0,48,Positive,Not Contacted,Low
Technology,Medium,Average,Medium,Yes,Multan,3378000.0,406,No Response,Not Scheduled,Low
Finance,Medium,Average,Low,Yes,Quetta,469000.0,134,Negative,Not Scheduled,Low
Retail,Small,Good,Low,Yes,Karachi,1720000.0,97,Negative,Scheduled,Low
Healthcare,Small,Poor,Medium,No,Rawalpindi,2061000.0,23,Positive,Not Scheduled,Low
Technology,Medium,Excellent,Medium,Yes,Karachi,3957000.0,440,Positive,Not Contacted,High
Finance,Medium,Good,High,No,Islamabad,1633000.0,225,Positive,Not Scheduled,Medium
Technology,Medium,Good,Medium,Yes,Lahore,3323000.0,122,Positive,Scheduled,High
Manufacturing,Small,Excellent,Medium,No,Rawalpindi,539000.0,327,,Scheduled,Low
Marketing,Medium,Excellent,Medium,No,Peshawar,3833000.0,305,No Response,Scheduled,Low
Education,Small,Excellent,Medium,Yes,Peshawar,2192000.0,147,Neutral,Not Scheduled,Medium
Education,Small,Poor,Medium,No,Faisalabad,1846000.0,31,Neutral,Not Contacted,Low
Healthcare,Medium,Average,Low,Yes,Islamabad,602000.0,226,Positive,Not Scheduled,Medium
Education,Small,Average,Medium,Yes,Multan,661000.0,142,No Response,Completed,Medium
Marketing,Large,,Medium,Yes,Karachi,2224000.0,110,Positive,Not Scheduled,Medium
Technology,Small,Excellent,Medium,Yes,Karachi,3314000.0,91,No Response,Completed,High
Finance,Small,Excellent,Medium,Yes,Quetta,584000.0,72,Positive,Scheduled,High
Manufacturing,Small,Good,Medium,Yes,Faisalabad,854000.0,21,Positive,Scheduled,Medium
Retail,Small,Excellent,Low,No,Peshawar,2324000.0,502,No Response,Scheduled,Low
Real Estate,Small,Good,Low,No,Islamabad,3378000.0,39,Negative,Completed,Low
Technology,Medium,Average,Medium,Yes,Islamabad,2613000.0,202,No Response,Not Contacted,Low
Education,Medium,Average,Medium,Yes,Peshawar,1364000.0,133,,Scheduled,Medium
Healthcare,Small,Poor,High,Yes,Karachi,2508000.0,694,Positive,Not Scheduled,High
Healthcare,Small,Excellent,Medium,Yes,Faisalabad,1996000.0,60,Neutral,Scheduled,Medium
Finance,Medium,Good,Low,No,Rawalpindi,818000.0,137,Neutral,Scheduled,Low
Marketing,Medium,Average,Low,Yes,Quetta,624000.0,285,No Response,Not Scheduled,Low
Technology,Large,Excellent,Medium,Yes,Karachi,505000.0,37,Neutral,Scheduled,High
Retail,Small,Average,Medium,Yes,Islamabad,443000.0,352,No Response,Not Contacted,Low
Retail,Small,Good,Medium,Yes,Islamabad,3244000.0,162,Neutral,Scheduled,Medium
Real Estate,Medium,Average,High,Yes,Rawalpindi,2241000.0,261,Negative,Not Contacted,Medium
Retail,Small,Poor,High,Yes,Islamabad,1083000.0,172,No Response,Scheduled,Low
Technology,Medium,Poor,High,Yes,Faisalabad,343000.0,194,No Response,Not Scheduled,Low
Healthcare,Medium,Excellent,High,Yes,Faisalabad,6400000.0,54,Positive,Not Scheduled,High
Manufacturing,Small,Good,Medium,Yes,Rawalpindi,883000.0,888,Neutral,Not Scheduled,Low
Real Estate,Large,,High,Yes,Lahore,6552000.0,37,Neutral,Not Contacted,High
Technology,Small,Poor,Low,Yes,Peshawar,3385000.0,59,Neutral,Not Contacted,Low
Technology,Small,,Medium,Yes,Islamabad,276000.0,116,No Response,Completed,Medium
Healthcare,Small,Excellent,Medium,Yes,Peshawar,726000.0,342,Neutral,Scheduled,High
Technology,Large,Excellent,High,No,Faisalabad,372000.0,276,Positive,Completed,High
Technology,Small,Average,Medium,No,Rawalpindi,2722000.0,297,Neutral,Not Scheduled,Low
Technology,Large,Average,Low,Yes,Lahore,197000.0,85,Positive,Not Contacted,Medium
Retail,Small,Poor,Low,No,Peshawar,34541000.0,102,Positive,Completed,Low
Technology,Small,Good,Low,Yes,Rawalpindi,2289000.0,254,No Response,Scheduled,Medium
Education,Medium,Average,Low,No,Islamabad,5105000.0,134,Negative,Not Scheduled,Low
Retail,Large,Good,High,No,Multan,1232000.0,33,Positive,Not Scheduled,Medium
Retail,Small,Average,,Yes,Rawalpindi,2992000.0,51,No Response,Not Contacted,Low
Real Estate,Small,Good,Low,Yes,Islamabad,1060000.0,163,No Response,Completed,Medium
Technology,Medium,Average,Low,Yes,Multan,925000.0,149,Positive,Completed,High
Technology,Medium,Average,Medium,No,Rawalpindi,3442000.0,192,No Response,Not Contacted,Low
Healthcare,Small,Good,Medium,No,Karachi,3219000.0,73,No Response,Scheduled,Low
Finance,Medium,Poor,Medium,Yes,Quetta,419000.0,179,Negative,Not Contacted,Low
Technology,Large,Poor,Medium,Yes,Islamabad,2572000.0,104,Positive,Not Scheduled,Medium
Marketing,Medium,Good,Medium,Yes,Quetta,1437000.0,237,Positive,Not Scheduled,High
Technology,Small,Average,High,Yes,Quetta,3924000.0,35,No Response,Not Contacted,Low
Finance,Small,Poor,Low,Yes,Islamabad,413000.0,35,Neutral,Scheduled,Low
Education,Medium,Good,Medium,No,Islamabad,2026000.0,110,Positive,Scheduled,High
Finance,Medium,Excellent,Low,No,Multan,711000.0,62,No Response,Scheduled,Low
Finance,Large,Average,Low,Yes,Lahore,1486000.0,569,No Response,Not Contacted,Low
Technology,Medium,Good,Medium,Yes,Multan,727000.0,110,Negative,Scheduled,Medium
Retail,Medium,Excellent,Low,Yes,Lahore,1092000.0,23,Positive,Not Contacted,Medium
Retail,Medium,Good,High,Yes,Karachi,515000.0,23,Negative,Scheduled,Medium
Healthcare,Large,Good,Medium,Yes,Lahore,1554000.0,66,No Response,Completed,High
Education,Small,Average,Low,Yes,Peshawar,1227000.0,37,Positive,Not Contacted,Low
Finance,Large,Average,Medium,Yes,Multan,2925000.0,83,Negative,Not Scheduled,Medium
Marketing,Small,Average,Medium,Yes,Karachi,4449000.0,26,Positive,Not Scheduled,Low
Marketing,Small,Average,Low,Yes,Quetta,2002000.0,58,Positive,Completed,Medium
Technology,Medium,Excellent,Medium,Yes,Islamabad,1728000.0,102,No Response,Not Scheduled,Medium
Retail,Small,Good,Low,Yes,Lahore,7401000.0,47,Neutral,Not Scheduled,Low
Technology,Large,Excellent,Medium,Yes,Rawalpindi,1005000.0,180,Neutral,Not Scheduled,High
Education,Medium,Poor,Medium,Yes,Lahore,,46,No Response,Completed,Medium
Healthcare,Small,Good,High,No,Peshawar,2509000.0,164,Positive,Scheduled,Medium
Marketing,Large,Good,Medium,Yes,Rawalpindi,287000.0,306,No Response,Completed,High
Marketing,Medium,Good,Medium,Yes,Quetta,783000.0,76,Positive,Scheduled,High
Finance,Small,Excellent,Medium,Yes,Quetta,504000.0,32,No Response,Scheduled,Medium
Manufacturing,Medium,Average,High,Yes,Islamabad,1852000.0,35,Positive,Completed,High
Finance,Large,Good,Low,Yes,Peshawar,840000.0,169,No Response,Completed,High
Finance,Small,Good,High,No,Karachi,1397000.0,72,No Response,Not Scheduled,Low
Healthcare,Medium,Excellent,Medium,Yes,Faisalabad,823000.0,53,Neutral,Completed,High
Finance,Small,Poor,High,Yes,Multan,9209000.0,112,No Response,Scheduled,Low
Real Estate,Medium,Good,Medium,No,Rawalpindi,817000.0,101,Positive,Not Contacted,Medium
Education,Large,Good,Low,Yes,Multan,1855000.0,464,Positive,Not Contacted,High
Real Estate,Small,Poor,High,Yes,Islamabad,1085000.0,82,Positive,Scheduled,Medium
Marketing,Small,Excellent,Low,Yes,Karachi,3593000.0,94,No Response,Not Contacted,Low
Real Estate,Large,Good,Low,No,Rawalpindi,4656000.0,66,,Scheduled,Low
Manufacturing,Small,Good,High,Yes,Islamabad,8878000.0,220,Negative,Not Contacted,Medium
Technology,Small,Poor,Medium,No,Quetta,1696000.0,415,No Response,Not Scheduled,Low
Technology,Small,Poor,Low,Yes,Peshawar,3457000.0,79,No Response,Not Scheduled,Low
Finance,Small,Excellent,Medium,Yes,Multan,9848000.0,144,Neutral,Not Scheduled,Medium
Technology,Small,Average,Low,Yes,Rawalpindi,793000.0,24,Neutral,Not Contacted,Low
Healthcare,Medium,Good,High,Yes,Lahore,4108000.0,62,No Response,Not Contacted,Medium
Finance,Small,Excellent,Medium,Yes,Peshawar,2115000.0,184,Positive,Not Scheduled,High
Real Estate,Large,Excellent,Medium,Yes,Rawalpindi,385000.0,177,No Response,Scheduled,High
Manufacturing,Medium,Average,Medium,Yes,Karachi,609000.0,138,No Response,Not Scheduled,Low
Real Estate,Large,Good,Medium,Yes,Karachi,3506000.0,48,Neutral,Scheduled,High
Technology,Medium,Good,Medium,Yes,Faisalabad,249000.0,60,Negative,Scheduled,Low
Finance,Small,Average,,Yes,Peshawar,1065000.0,135,Neutral,Not Scheduled,Low
Healthcare,Small,Good,Medium,Yes,Quetta,597000.0,95,No Response,Completed,Medium
Marketing,Large,Good,Low,Yes,Lahore,716000.0,312,No Response,Not Scheduled,Medium
Technology,Small,Poor,Medium,Yes,Multan,549000.0,73,Neutral,Not Contacted,Low
Retail,Medium,Excellent,Low,Yes,Rawalpindi,,441,Neutral,Not Contacted,Medium
Education,Medium,Poor,Low,Yes,Multan,2584000.0,47,No Response,Scheduled,Low
Education,Medium,Good,Medium,Yes,Lahore,28452000.0,95,No Response,Not Scheduled,Medium
Manufacturing,Large,Excellent,High,Yes,Multan,4100000.0,67,Positive,Not Scheduled,High
Real Estate,Large,Good,Medium,Yes,Peshawar,1102000.0,164,Positive,Not Contacted,High
Technology,Small,Average,Low,Yes,Rawalpindi,4484000.0,102,No Response,Not Contacted,Low
Marketing,Medium,Excellent,High,No,Rawalpindi,301000.0,265,Negative,Not Scheduled,Low
Marketing,Small,Average,Low,Yes,Quetta,526000.0,60,Positive,Scheduled,Medium
Finance,Small,Good,Medium,Yes,Rawalpindi,2697000.0,179,Positive,Completed,High
Healthcare,Large,Average,Low,Yes,Faisalabad,2184000.0,404,No Response,Not Scheduled,Low
Education,Small,Average,Low,Yes,Multan,,115,Positive,Not Scheduled,Low
Education,Small,Average,High,Yes,Lahore,3810000.0,78,Neutral,Scheduled,High
Technology,Small,Average,Medium,Yes,Lahore,1021000.0,151,No Response,Completed,Medium
Healthcare,Large,Average,Medium,Yes,Quetta,1202000.0,36,No Response,Not Scheduled,Medium
Technology,Medium,Poor,Medium,Yes,Rawalpindi,5513000.0,162,Positive,Completed,High
Healthcare,Large,Average,Medium,Yes,Lahore,2604000.0,93,No Response,Completed,High
Technology,Medium,Average,Medium,No,Quetta,771000.0,52,Positive,Not Contacted,Low
Education,Small,Good,Low,Yes,Quetta,585000.0,54,Neutral,Scheduled,Medium
Finance,Small,Average,Medium,Yes,Faisalabad,539000.0,97,Positive,Scheduled,Medium
Manufacturing,Small,Good,Medium,Yes,Karachi,5494000.0,214,Positive,Completed,High
Retail,Small,Excellent,Medium,Yes,Rawalpindi,4479000.0,111,No Response,Not Scheduled,Medium
Technology,Medium,Good,High,Yes,Quetta,375000.0,234,No Response,Not Scheduled,Medium
Technology,Small,Excellent,,Yes,Karachi,11968000.0,423,Positive,Completed,High
Finance,Large,Excellent,Medium,Yes,Karachi,5377000.0,201,Neutral,Scheduled,High
Marketing,Small,Good,High,Yes,Karachi,1022000.0,21,No Response,Completed,Medium
Finance,Small,Average,Low,Yes,Faisalabad,1287000.0,50,Positive,Scheduled,Medium
Manufacturing,Small,Good,Medium,Yes,Lahore,576000.0,218,Neutral,Completed,High
Marketing,Large,Good,Low,Yes,Islamabad,916000.0,36,Negative,Scheduled,Medium
Retail,Small,Poor,Medium,Yes,Quetta,694000.0,665,Positive,Completed,High
Retail,Large,Excellent,Medium,No,Multan,1689000.0,161,Positive,Not Scheduled,High
Education,Small,Poor,Medium,Yes,Karachi,463000.0,175,No Response,Not Scheduled,Low
Manufacturing,Small,Excellent,Medium,Yes,Lahore,3217000.0,106,Neutral,Not Scheduled,High
Healthcare,Small,Good,Medium,Yes,Quetta,631000.0,48,Neutral,Completed,High
Retail,Large,Good,Low,Yes,Quetta,1211000.0,113,Negative,Scheduled,Medium
Real Estate,Medium,Average,Low,Yes,Rawalpindi,780000.0,183,Negative,Scheduled,Low
Finance,Large,Good,Low,Yes,Peshawar,1315000.0,108,Positive,Not Scheduled,High
Technology,Small,Excellent,High,Yes,Quetta,1828000.0,43,Neutral,Not Scheduled,Medium
Technology,Small,Poor,High,Yes,Faisalabad,860000.0,137,Neutral,Not Contacted,Low
Retail,Small,Average,Low,No,Peshawar,2014000.0,436,Neutral,Not Scheduled,Low
Finance,Small,Average,Low,No,Lahore,2728000.0,44,Negative,Not Contacted,Low
Healthcare,Medium,Average,Medium,Yes,Rawalpindi,1037000.0,154,No Response,Scheduled,Medium
Manufacturing,Medium,Good,Medium,No,Lahore,3045000.0,34,Positive,Not Scheduled,Medium
Manufacturing,Small,Excellent,High,Yes,Faisalabad,449000.0,85,Neutral,Completed,High
Technology,Small,Excellent,Low,Yes,Faisalabad,763000.0,64,No Response,Scheduled,Medium
Real Estate,Small,Average,Low,Yes,Rawalpindi,320000.0,1314,No Response,Not Scheduled,Low
Real Estate,Medium,Good,Medium,Yes,Multan,,133,,Completed,High
Real Estate,Medium,Good,Medium,No,Rawalpindi,1490000.0,140,Positive,Scheduled,High
Retail,Large,Average,Medium,No,Islamabad,6420000.0,85,Positive,Not Scheduled,Medium
Education,Small,Good,High,Yes,Quetta,4837000.0,59,Neutral,Not Scheduled,Medium
Retail,Medium,Average,Low,Yes,Rawalpindi,967000.0,45,Negative,Not Contacted,Low
Technology,Small,Good,Medium,Yes,Peshawar,1825000.0,130,No Response,Not Scheduled,Low
Retail,Medium,Average,High,Yes,Karachi,21994000.0,137,Positive,Scheduled,High
Retail,Small,Poor,Medium,Yes,Lahore,876000.0,243,Positive,Scheduled,Medium
Marketing,Medium,Good,Medium,Yes,Peshawar,241000.0,19,Neutral,Completed,High
Retail,Small,Good,Low,Yes,Peshawar,2032000.0,64,No Response,Not Scheduled,Low
Finance,Large,Average,Low,Yes,Islamabad,1307000.0,27,Negative,Scheduled,Medium
Technology,Large,Excellent,Low,Yes,Islamabad,2857000.0,64,Negative,Not Scheduled,Medium
Education,Large,Good,Medium,Yes,Rawalpindi,1230000.0,120,Positive,Not Scheduled,High
Technology,Small,Good,Medium,Yes,Faisalabad,442000.0,78,Neutral,Not Contacted,Low
Technology,Medium,Good,Medium,Yes,Lahore,438000.0,46,Positive,Not Scheduled,High
Marketing,Medium,Excellent,Medium,Yes,Multan,914000.0,101,No Response,Completed,High
Manufacturing,Small,Good,Medium,Yes,Quetta,3467000.0,24,Positive,Completed,High
Manufacturing,Small,Good,Low,Yes,Multan,347000.0,162,Negative,Not Scheduled,Low
Finance,Medium,Average,High,Yes,Karachi,546000.0,400,No Response,Completed,Medium
Technology,Large,Excellent,Medium,No,Multan,2389000.0,193,No Response,Completed,High
Education,Medium,Excellent,Medium,Yes,Karachi,1339000.0,156,,Not Scheduled,Medium
Technology,Small,Excellent,Medium,Yes,Multan,2875000.0,188,No Response,Not Contacted,Low
Marketing,Medium,Good,Medium,Yes,Rawalpindi,2312000.0,151,Negative,Not Scheduled,Medium
Retail,Medium,Average,Low,No,Karachi,,121,No Response,Not Contacted,Low
Manufacturing,Small,Excellent,Medium,No,Karachi,2155000.0,74,Negative,Scheduled,Medium
Technology,Small,Excellent,,Yes,Lahore,1105000.0,42,Positive,Completed,High
Healthcare,Medium,Good,Low,Yes,Peshawar,2606000.0,23,Negative,Not Scheduled,Low
Healthcare,Medium,Average,Low,No,Quetta,2410000.0,34,No Response,Completed,Low
Retail,Medium,Good,High,Yes,Multan,2262000.0,81,Positive,Not Scheduled,High
Healthcare,Large,Average,Medium,Yes,Faisalabad,606000.0,192,Positive,Completed,High
Finance,Medium,Poor,Medium,Yes,Lahore,1524000.0,140,Neutral,Not Contacted,Low
Retail,Medium,Poor,Medium,Yes,Multan,1310000.0,81,Positive,Not Contacted,Medium
Finance,Small,Poor,Medium,Yes,Quetta,1632000.0,44,Positive,Scheduled,Medium
Healthcare,Medium,Good,Low,No,Lahore,1500000.0,124,Negative,Scheduled,Low
Healthcare,Large,Good,Medium,Yes,Faisalabad,2841000.0,47,Negative,Completed,High
Technology,Medium,Good,High,Yes,Multan,1316000.0,50,Neutral,Not Scheduled,High
Manufacturing,Medium,Good,High,Yes,Lahore,1379000.0,757,No Response,Scheduled,High
Finance,Small,Good,Low,Yes,Faisalabad,454000.0,46,Positive,Not Contacted,Low
Education,Small,Good,Low,Yes,Rawalpindi,9582000.0,33,Neutral,Scheduled,Medium
Real Estate,Medium,Excellent,Medium,Yes,Karachi,2001000.0,28,Neutral,Completed,High
Healthcare,Medium,Excellent,Low,Yes,Karachi,12664000.0,16,Neutral,Scheduled,Medium
Education,Small,Excellent,High,Yes,Faisalabad,403000.0,67,No Response,Not Contacted,Medium
Manufacturing,Medium,Average,High,No,Rawalpindi,1377000.0,199,Neutral,Not Scheduled,Low
Finance,Medium,Good,Medium,Yes,Lahore,16015000.0,45,No Response,Completed,Medium
Technology,Small,Average,Low,Yes,Quetta,184000.0,16,Neutral,Scheduled,Low
Healthcare,Large,Average,Medium,Yes,Islamabad,1426000.0,31,Positive,Not Scheduled,High
Technology,Medium,Average,Medium,Yes,Karachi,1272000.0,198,Positive,Not Scheduled,Medium
Technology,Large,Good,Low,Yes,Peshawar,4721000.0,260,Neutral,Not Scheduled,High
Finance,Small,Excellent,Low,Yes,Islamabad,1776000.0,74,Negative,Completed,Medium
Finance,Medium,Good,Medium,Yes,Faisalabad,2061000.0,67,Neutral,Scheduled,Medium
Marketing,Large,Excellent,Low,Yes,Faisalabad,4582000.0,41,No Response,Scheduled,High
Manufacturing,Medium,Excellent,Medium,Yes,Rawalpindi,763000.0,75,Positive,Not Contacted,Medium
Retail,Large,Good,Medium,Yes,Quetta,244000.0,232,Positive,Scheduled,High
Real Estate,Medium,Average,High,Yes,Peshawar,1602000.0,141,No Response,Not Scheduled,Medium
Manufacturing,Medium,Good,Low,Yes,Faisalabad,866000.0,53,Negative,Scheduled,Low
Marketing,Large,Good,High,Yes,Karachi,239000.0,133,Neutral,Not Scheduled,Medium
Technology,Small,Average,Medium,Yes,Islamabad,506000.0,49,Positive,Not Scheduled,Medium
Education,Small,Excellent,Medium,Yes,Faisalabad,2789000.0,61,Neutral,Completed,High
Real Estate,Large,Good,Low,Yes,Faisalabad,1257000.0,202,No Response,Not Scheduled,Medium
Healthcare,Small,Excellent,Low,Yes,Faisalabad,11570000.0,376,Negative,Not Scheduled,Low
Finance,Small,Excellent,Low,Yes,Quetta,421000.0,108,Positive,Not Contacted,Medium
Technology,Medium,Excellent,Medium,Yes,Rawalpindi,7295000.0,111,Neutral,Not Contacted,Medium
Finance,Medium,Excellent,Low,No,Rawalpindi,12792000.0,25,No Response,Not Scheduled,Low
Education,Small,Excellent,Medium,Yes,Lahore,2189000.0,365,Positive,Completed,High
Healthcare,Medium,Good,High,Yes,Rawalpindi,2440000.0,86,Positive,Completed,High
Retail,Small,Excellent,Low,Yes,Quetta,590000.0,53,No Response,Scheduled,Low
Finance,Medium,Average,Low,Yes,Rawalpindi,1747000.0,72,No Response,Not Scheduled,Low
Healthcare,Large,Poor,Medium,Yes,Islamabad,1425000.0,53,No Response,Completed,Medium
Finance,Medium,Good,High,Yes,Lahore,6837000.0,34,No Response,Not Contacted,Medium
Real Estate,Small,Excellent,Low,Yes,Rawalpindi,1836000.0,26,No Response,Scheduled,Medium
Manufacturing,Small,Average,Medium,Yes,Karachi,3965000.0,171,Neutral,Not Scheduled,Low
Finance,Large,Good,Medium,Yes,Islamabad,2416000.0,46,No Response,Not Contacted,Medium
Manufacturing,Small,Good,,No,Quetta,2427000.0,88,No Response,Scheduled,Low
Finance,Small,Average,Medium,Yes,Quetta,5200000.0,37,No Response,Scheduled,Low
Education,Small,Average,Medium,No,Karachi,1141000.0,26,Positive,Completed,Medium
Healthcare,Small,Good,High,No,Karachi,1084000.0,496,Positive,Not Contacted,Medium
Healthcare,Small,Average,Low,Yes,Rawalpindi,2141000.0,34,No Response,Not Scheduled,Low
Healthcare,Small,Good,High,Yes,Faisalabad,1264000.0,183,No Response,Scheduled,Medium
Marketing,Medium,Excellent,Medium,No,Islamabad,1031000.0,172,Negative,Not Scheduled,Low
Technology,Medium,Average,Medium,Yes,Quetta,547000.0,59,No Response,Not Contacted,Low
Marketing,Medium,Poor,High,Yes,Rawalpindi,6142000.0,631,,Scheduled,High
Finance,Large,Average,Low,Yes,Rawalpindi,1257000.0,32,,Not Contacted,Medium
Education,Small,Excellent,Low,Yes,Lahore,6593000.0,16,Neutral,Scheduled,Medium
Finance,Small,Good,Medium,Yes,Multan,620000.0,826,Positive,Not Contacted,Medium
Marketing,Small,Excellent,Medium,Yes,Rawalpindi,3399000.0,270,No Response,Not Scheduled,Medium
Education,Large,Good,Low,Yes,Faisalabad,458000.0,68,Positive,Scheduled,High
Education,Large,Excellent,High,Yes,Quetta,3217000.0,133,Positive,Not Scheduled,High
Technology,Medium,Average,Medium,Yes,Multan,670000.0,42,Negative,Not Scheduled,Low
Technology,Small,Good,Medium,Yes,Quetta,721000.0,57,Neutral,Not Contacted,Medium
Real Estate,Medium,Good,Medium,Yes,Quetta,559000.0,138,No Response,Not Contacted,Low
Finance,Small,Average,Low,Yes,Lahore,882000.0,633,No Response,Not Contacted,Low
Manufacturing,Medium,Excellent,High,Yes,Islamabad,1380000.0,261,Neutral,Not Scheduled,High
Education,Small,Good,Medium,Yes,Karachi,2183000.0,21,Positive,Completed,High
Education,Small,Good,Low,Yes,Karachi,550000.0,233,No Response,Not Contacted,Low
Marketing,Small,Average,Medium,Yes,Karachi,7580000.0,608,Positive,Scheduled,High
Technology,Small,Average,Low,Yes,Faisalabad,3794000.0,198,No Response,Not Contacted,Low
Finance,Medium,Excellent,Medium,No,Faisalabad,1207000.0,125,Positive,Scheduled,High
Finance,Large,Good,High,Yes,Karachi,275000.0,35,Positive,Not Scheduled,High
Finance,Medium,Average,Low,Yes,Lahore,2058000.0,37,,Scheduled,Medium
Technology,Small,Average,Low,Yes,Quetta,603000.0,109,No Response,Not Contacted,Low
Finance,Small,Good,Medium,Yes,Karachi,3065000.0,82,Neutral,Scheduled,Medium
Finance,Small,Good,High,Yes,Karachi,581000.0,31,Positive,Scheduled,High
Technology,Small,Excellent,High,Yes,Rawalpindi,1201000.0,150,Negative,Not Scheduled,Medium
Education,Small,Excellent,Medium,Yes,Rawalpindi,4530000.0,110,Positive,Not Contacted,High
Marketing,Medium,Poor,Low,Yes,Rawalpindi,1903000.0,48,Positive,Not Scheduled,Low
Manufacturing,Medium,Good,High,Yes,Lahore,1765000.0,40,Neutral,Scheduled,High
Marketing,Medium,Excellent,Low,Yes,Lahore,546000.0,217,No Response,Scheduled,Medium
Technology,Medium,Good,Medium,Yes,Lahore,1666000.0,54,No Response,Scheduled,Medium
Retail,Small,Excellent,Medium,No,Islamabad,517000.0,25,Negative,Not Scheduled,Low
Manufacturing,Medium,Good,Medium,Yes,Karachi,3773000.0,23,Negative,Completed,Medium
Technology,Small,Average,Low,Yes,Rawalpindi,2026000.0,105,Positive,Scheduled,Medium
Manufacturing,Large,Good,High,No,Quetta,2186000.0,145,Neutral,Completed,High
Healthcare,Small,Average,Medium,No,Faisalabad,719000.0,209,Positive,Not Scheduled,Low
Healthcare,Small,Average,Low,Yes,Rawalpindi,1530000.0,158,Positive,Not Scheduled,Low
Technology,Large,Good,Medium,Yes,Multan,1247000.0,71,Neutral,Not Scheduled,Medium
Real Estate,Small,Poor,Low,Yes,Karachi,424000.0,56,No Response,Not Contacted,Low
Healthcare,Large,Good,Low,Yes,Quetta,3988000.0,89,No Response,Not Scheduled,Low
Manufacturing,Small,Average,High,No,Quetta,14962000.0,22,Neutral,Completed,Medium
Healthcare,Small,Good,High,Yes,Multan,348000.0,36,Negative,Not Contacted,Low
Real Estate,Large,Average,High,Yes,Islamabad,4532000.0,173,No Response,Not Scheduled,Medium
Finance,Medium,Poor,Medium,Yes,Karachi,1278000.0,274,Neutral,Completed,Medium
Marketing,Small,Good,Medium,Yes,Multan,2745000.0,66,Neutral,Scheduled,Medium
Finance,Small,Average,Medium,Yes,Karachi,530000.0,276,Positive,Completed,High
Real Estate,Medium,Average,Low,Yes,Faisalabad,1578000.0,193,No Response,Scheduled,Low
Technology,Large,Good,Low,Yes,Multan,2482000.0,239,No Response,Not Scheduled,Low
Technology,Small,Excellent,Medium,Yes,Faisalabad,5734000.0,99,Neutral,Not Contacted,Medium
Marketing,Medium,Excellent,Medium,Yes,Multan,387000.0,98,Negative,Scheduled,Medium
Technology,Medium,Poor,Low,Yes,Rawalpindi,714000.0,107,Positive,Not Contacted,Low
Finance,Small,Good,Low,Yes,Multan,10582000.0,21,Neutral,Not Contacted,Low
Finance,Medium,Excellent,Medium,No,Rawalpindi,237000.0,388,Positive,Scheduled,Medium
Finance,Medium,Good,High,Yes,Multan,2572000.0,93,No Response,Completed,High
Manufacturing,Large,Excellent,Medium,Yes,Karachi,393000.0,183,Neutral,Not Contacted,High
Finance,Medium,Good,Medium,Yes,Peshawar,1742000.0,105,Neutral,Not Scheduled,Medium
Healthcare,Large,Good,Low,Yes,Rawalpindi,899000.0,161,Positive,Not Scheduled,Medium
Technology,Medium,Good,Medium,Yes,Multan,15341000.0,71,Positive,Completed,High
Manufacturing,Large,Poor,Low,Yes,Faisalabad,1442000.0,105,Positive,Scheduled,High
Healthcare,Large,Average,Medium,Yes,Peshawar,4473000.0,109,Neutral,Scheduled,Medium
Finance,Small,Good,Low,Yes,Faisalabad,930000.0,45,Negative,Completed,Medium
Finance,Medium,Good,Low,No,Karachi,2359000.0,52,,Not Contacted,Low
Finance,Medium,Average,High,No,Quetta,2048000.0,229,Neutral,Completed,Medium
Marketing,Small,Good,High,No,Quetta,592000.0,94,No Response,Not Scheduled,Low
Retail,Large,Good,Low,Yes,Lahore,1734000.0,476,Neutral,Scheduled,High
Manufacturing,Small,Good,Medium,Yes,Faisalabad,2331000.0,84,Neutral,Completed,Medium
Retail,Small,Good,Medium,Yes,Faisalabad,1189000.0,51,Neutral,Scheduled,Medium
Real Estate,Small,Excellent,Low,Yes,Faisalabad,224000.0,333,Positive,Not Scheduled,Medium
Marketing,Large,Good,Medium,Yes,Faisalabad,2782000.0,61,,Scheduled,Medium
Healthcare,Small,Good,Medium,Yes,Peshawar,1232000.0,89,Positive,Not Scheduled,Medium
Manufacturing,Medium,Poor,Medium,Yes,Faisalabad,2982000.0,200,Positive,Scheduled,Medium
Technology,Large,Average,High,Yes,Faisalabad,268000.0,17,No Response,Not Scheduled,Medium
Marketing,Small,Average,High,Yes,Islamabad,,201,Neutral,Scheduled,Medium
Healthcare,Small,Good,Medium,Yes,Faisalabad,2172000.0,135,Negative,Not Scheduled,Low
Finance,Large,Average,Medium,Yes,Multan,2795000.0,137,Negative,Not Contacted,Low
Finance,Small,Average,Medium,Yes,Quetta,1144000.0,381,Positive,Not Contacted,Medium
Retail,Small,Poor,Low,Yes,Multan,2224000.0,28,No Response,Scheduled,Low
Healthcare,Small,Poor,Medium,Yes,Islamabad,639000.0,21,Negative,Not Scheduled,Low
Technology,Medium,Average,Low,Yes,Lahore,365000.0,33,No Response,Not Scheduled,Low
Healthcare,Medium,Excellent,Low,No,Islamabad,2876000.0,42,Positive,Not Scheduled,Medium
Marketing,Large,Average,Low,No,Quetta,171000.0,139,Positive,Not Scheduled,Low
Healthcare,Small,Good,Low,Yes,Multan,1873000.0,308,Neutral,Scheduled,Medium
Manufacturing,Small,Average,Low,Yes,Islamabad,301000.0,459,Negative,Not Contacted,Low
Technology,Medium,Excellent,High,Yes,Karachi,2571000.0,35,No Response,Scheduled,High
Marketing,Small,Average,Low,Yes,Peshawar,13456000.0,60,Neutral,Not Contacted,Low
Manufacturing,Medium,Average,Medium,Yes,Multan,2200000.0,202,No Response,Completed,Medium
Retail,Large,Poor,High,Yes,Islamabad,437000.0,175,Positive,Scheduled,High
Finance,Medium,Average,High,Yes,Karachi,5899000.0,119,Positive,Not Scheduled,High
Healthcare,Large,Average,Low,No,Rawalpindi,3454000.0,64,,Scheduled,Low
Retail,Medium,Average,High,Yes,Peshawar,2603000.0,18,Negative,Not Scheduled,Low
Retail,Small,Good,Medium,Yes,Multan,2751000.0,69,No Response,Not Scheduled,Low
Marketing,Medium,Average,Medium,Yes,Faisalabad,5247000.0,29,No Response,Scheduled,Medium
Manufacturing,Medium,Average,Low,Yes,Faisalabad,1236000.0,235,Neutral,Completed,Medium
Finance,Small,Average,High,No,Quetta,383000.0,321,Positive,Completed,High
Technology,Small,Average,Medium,Yes,Quetta,4203000.0,170,Positive,Completed,High
Education,Small,Good,High,Yes,Islamabad,4671000.0,37,No Response,Not Contacted,Low
Finance,Medium,Good,Medium,Yes,Multan,1454000.0,459,Neutral,Completed,High
Manufacturing,Small,Good,Medium,Yes,Lahore,,137,Positive,Not Scheduled,Medium
Marketing,Medium,Good,Low,Yes,Islamabad,1054000.0,42,No Response,Completed,Medium
Retail,Medium,Average,Low,Yes,Multan,4687000.0,66,No Response,Scheduled,Low
Finance,Medium,Good,Medium,Yes,Lahore,2272000.0,195,,Not Scheduled,Medium
Marketing,Small,Poor,Low,Yes,Islamabad,1751000.0,743,Negative,Not Contacted,Low
Marketing,Small,Average,Medium,No,Multan,2137000.0,46,Positive,Completed,Medium
Technology,Small,Excellent,Low,Yes,Quetta,1384000.0,147,No Response,Not Contacted,Low
Retail,Medium,Good,Medium,No,Multan,4488000.0,63,Neutral,Scheduled,Medium
Manufacturing,Small,Average,Medium,Yes,Faisalabad,1170000.0,108,No Response,Not Contacted,Low
Healthcare,Large,Good,High,Yes,Rawalpindi,1165000.0,81,Negative,Scheduled,Medium
Real Estate,Small,Average,Medium,Yes,Peshawar,550000.0,54,Neutral,Scheduled,Low
Retail,Small,Good,Low,Yes,Faisalabad,1790000.0,230,Neutral,Not Contacted,Low
Real Estate,Medium,Average,High,No,Lahore,3564000.0,92,Positive,Completed,High
Healthcare,Small,Excellent,Low,Yes,Lahore,2089000.0,57,No Response,Completed,Medium
Real Estate,Small,Good,High,Yes,Peshawar,10441000.0,68,Neutral,Not Contacted,Low
Finance,Small,Good,Low,No,Lahore,1018000.0,609,Negative,Not Scheduled,Low
Manufacturing,Small,Excellent,Medium,Yes,Rawalpindi,3330000.0,453,Positive,Not Contacted,High
Marketing,Small,Good,,Yes,Islamabad,7216000.0,70,Positive,Scheduled,High
Finance,Medium,Excellent,Medium,Yes,Multan,,37,Positive,Not Contacted,High
Technology,Large,Excellent,Medium,Yes,Lahore,235000.0,75,Negative,Scheduled,High
Manufacturing,Large,Average,Medium,No,Peshawar,2875000.0,994,No Response,Not Contacted,Low
Education,Small,Excellent,Low,Yes,Peshawar,2040000.0,108,No Response,Not Contacted,Low
Finance,Small,Average,Low,No,Quetta,581000.0,711,Positive,Not Scheduled,Low
Education,Medium,Good,Medium,Yes,Faisalabad,2975000.0,239,Neutral,Not Scheduled,Medium
Education,Medium,Average,High,No,Rawalpindi,251000.0,901,No Response,Completed,Low
Real Estate,Small,,Medium,Yes,Multan,1616000.0,94,Positive,Completed,High
Marketing,Small,Good,High,Yes,Peshawar,1437000.0,86,No Response,Not Scheduled,Medium
Marketing,Medium,Poor,Medium,Yes,Quetta,4674000.0,116,Negative,Scheduled,Low
Retail,Large,Average,Low,Yes,Multan,1738000.0,141,,Not Contacted,Medium
Healthcare,Medium,Average,Medium,Yes,Rawalpindi,313000.0,40,No Response,Not Scheduled,Low
Technology,Medium,Excellent,Low,Yes,Karachi,2753000.0,268,Negative,Scheduled,Medium
Healthcare,Medium,Good,Low,Yes,Quetta,1458000.0,112,Positive,Not Contacted,Medium
Manufacturing,Small,Average,Low,Yes,Multan,,30,Neutral,Not Scheduled,Low
Retail,Small,Poor,Medium,Yes,Lahore,1164000.0,331,No Response,Not Contacted,Low
Marketing,Small,Poor,Medium,Yes,Rawalpindi,818000.0,90,Neutral,Not Scheduled,Low
Real Estate,Medium,Good,Medium,Yes,Faisalabad,6228000.0,92,Neutral,Not Scheduled,Medium
Healthcare,Medium,Average,High,Yes,Lahore,880000.0,102,Positive,Not Contacted,High
Technology,Large,Poor,Medium,No,Islamabad,883000.0,155,Neutral,Not Contacted,Low
Finance,Small,Average,High,No,Quetta,3486000.0,965,Positive,Not Contacted,Medium
Education,Small,Good,High,Yes,Karachi,6836000.0,115,Neutral,Scheduled,High
Marketing,Large,Good,Medium,Yes,Karachi,1708000.0,129,Negative,Scheduled,High
Manufacturing,Small,Good,High,No,Islamabad,668000.0,31,,Completed,Medium
Finance,Medium,Average,High,Yes,Quetta,3390000.0,105,No Response,Completed,Medium
Marketing,Medium,Average,High,Yes,Multan,,60,No Response,Not Contacted,Low
Technology,Small,Excellent,Low,Yes,Rawalpindi,1047000.0,70,,Completed,High
Technology,Small,Excellent,High,Yes,Peshawar,764000.0,82,Positive,Not Scheduled,High
Finance,Small,Good,High,Yes,Islamabad,6814000.0,148,Neutral,Not Contacted,Medium
Education,Small,Good,High,Yes,Quetta,1931000.0,247,No Response,Scheduled,Medium
Finance,Medium,Good,Medium,Yes,Multan,189000.0,314,Positive,Scheduled,High
Real Estate,Small,Good,Medium,Yes,Multan,477000.0,246,Neutral,Completed,High
Healthcare,Small,Average,Low,Yes,Peshawar,1247000.0,137,Negative,Completed,Low
Marketing,Medium,Average,Medium,Yes,Quetta,659000.0,301,Neutral,Not Contacted,Low
Real Estate,Small,Average,Low,Yes,Lahore,1450000.0,186,Positive,Completed,Medium
Real Estate,Small,Excellent,Low,Yes,Multan,4723000.0,248,No Response,Scheduled,Medium
Retail,Small,Average,Medium,Yes,Multan,458000.0,47,No Response,Not Scheduled,Low
Retail,Large,Average,High,No,Lahore,1031000.0,293,No Response,Not Contacted,Low
Technology,Small,Poor,High,Yes,Quetta,1584000.0,183,Positive,Completed,High
Retail,Medium,Average,High,Yes,Faisalabad,2644000.0,26,Positive,Scheduled,High
Marketing,Small,Good,Low,Yes,Faisalabad,3673000.0,328,Positive,Completed,High
Technology,Medium,Good,Low,Yes,Multan,154000.0,186,Positive,Scheduled,High
Manufacturing,Medium,Good,Low,Yes,Quetta,769000.0,357,No Response,Not Contacted,Low
Manufacturing,Medium,Good,Low,No,Lahore,,65,Negative,Completed,Low
Technology,Medium,,Low,Yes,Quetta,769000.0,238,Neutral,Completed,High
Healthcare,Medium,Good,Medium,Yes,Peshawar,760000.0,187,Positive,Not Contacted,High
Technology,Medium,Good,High,Yes,Multan,5306000.0,228,Neutral,Scheduled,High
Manufacturing,Small,Good,Low,Yes,Multan,756000.0,421,No Response,Completed,Low
Healthcare,Medium,Poor,High,Yes,Quetta,1233000.0,124,Negative,Not Scheduled,Low
Real Estate,Small,Good,High,Yes,Faisalabad,462000.0,66,No Response,Not Contacted,Low
Marketing,Small,Good,Low,No,Islamabad,5059000.0,91,Positive,Completed,Medium
Real Estate,Medium,Good,Low,Yes,Faisalabad,370000.0,41,Neutral,Not Contacted,Low
Finance,Medium,Average,Medium,Yes,Rawalpindi,1817000.0,284,Neutral,Not Scheduled,Medium
Technology,Small,Good,High,No,Quetta,1627000.0,113,Neutral,Not Contacted,Low
Manufacturing,Medium,Good,Low,Yes,Rawalpindi,1307000.0,253,Positive,Not Contacted,Medium
Technology,Small,Average,Medium,No,Multan,9147000.0,79,No Response,Not Scheduled,Low
Manufacturing,Small,Excellent,Medium,Yes,Peshawar,1591000.0,57,Positive,Completed,High
Finance,Small,Average,Low,Yes,Islamabad,955000.0,16,Negative,Not Contacted,Low
Marketing,Small,Good,High,Yes,Rawalpindi,2459000.0,157,Positive,Scheduled,High
Education,Large,Good,Medium,Yes,Islamabad,3388000.0,235,Neutral,Scheduled,High
Technology,Medium,Excellent,Low,Yes,Islamabad,323000.0,120,No Response,Not Scheduled,Low
Retail,Small,Average,Low,Yes,Multan,257000.0,83,No Response,Completed,Low
Education,Medium,Excellent,Low,Yes,Peshawar,4221000.0,79,Neutral,Not Scheduled,Medium
Finance,Large,Good,Medium,Yes,Rawalpindi,17296000.0,62,No Response,Completed,High
Healthcare,Large,,Low,Yes,Karachi,882000.0,121,Neutral,Not Contacted,Medium
Manufacturing,Small,Good,High,Yes,Lahore,3300000.0,92,Positive,Not Contacted,High
Finance,Small,Excellent,High,Yes,Karachi,4394000.0,200,Negative,Not Contacted,Medium
Finance,Large,Good,High,Yes,Islamabad,396000.0,63,No Response,Completed,High
Technology,Small,Average,Medium,Yes,Rawalpindi,1851000.0,85,No Response,Not Scheduled,Low
Technology,Small,Good,Low,Yes,Multan,2528000.0,206,Neutral,Not Scheduled,Low
Technology,Medium,Good,Low,Yes,Lahore,336000.0,76,Positive,Not Scheduled,Medium
Healthcare,Small,Excellent,Low,Yes,Quetta,3284000.0,41,Neutral,Scheduled,Medium
Technology,Medium,Excellent,Medium,Yes,Islamabad,437000.0,189,No Response,Completed,High
Retail,Small,Good,Medium,Yes,Peshawar,1172000.0,15,Negative,Scheduled,Medium
Technology,Small,Good,Medium,No,Multan,369000.0,657,No Response,Completed,Medium
Healthcare,Medium,Good,Medium,Yes,Islamabad,365000.0,64,Neutral,Not Contacted,Low
Technology,Small,Poor,High,No,Multan,5048000.0,31,No Response,Scheduled,Low
Education,Small,Average,,No,Quetta,1520000.0,11,Negative,Completed,Low
Finance,Large,Good,Medium,Yes,Rawalpindi,3749000.0,95,Neutral,Not Contacted,Medium
Healthcare,Medium,Excellent,Medium,Yes,Karachi,1536000.0,74,Negative,Not Contacted,Low
Real Estate,Medium,Average,Low,No,Quetta,1249000.0,82,Neutral,Not Scheduled,Low
Marketing,Small,Average,High,No,Faisalabad,906000.0,468,No Response,Scheduled,Low
Technology,Large,Excellent,Medium,Yes,Faisalabad,1650000.0,24,Positive,Not Scheduled,High
Technology,Small,Average,Medium,Yes,Islamabad,4828000.0,605,No Response,Not Scheduled,Low
Healthcare,Small,Good,High,Yes,Faisalabad,335000.0,97,Positive,Completed,High
Healthcare,Small,Good,Low,Yes,Islamabad,904000.0,70,No Response,Scheduled,Low
Finance,Large,,Medium,Yes,Rawalpindi,841000.0,38,Positive,Scheduled,High
Real Estate,Medium,Excellent,High,Yes,Quetta,1815000.0,34,Neutral,Not Contacted,Medium
Retail,Medium,Poor,High,Yes,Rawalpindi,1011000.0,65,No Response,Scheduled,Low
Real Estate,Small,Average,Low,Yes,Faisalabad,365000.0,40,Positive,Completed,High
Education,Small,Excellent,Low,Yes,Islamabad,2164000.0,42,Positive,Not Scheduled,High
Education,Large,Good,Low,Yes,Rawalpindi,904000.0,361,No Response,Scheduled,High
Retail,Small,Excellent,Medium,Yes,Quetta,1967000.0,47,Positive,Not Scheduled,Medium
Healthcare,Small,Poor,Low,No,Quetta,274000.0,126,No Response,Completed,Low
Healthcare,Medium,Excellent,High,Yes,Faisalabad,1425000.0,262,Neutral,Not Contacted,High
Healthcare,Large,Good,Low,Yes,Rawalpindi,423000.0,30,No Response,Scheduled,Low
Real Estate,Medium,Good,Medium,Yes,Quetta,667000.0,390,Positive,Not Contacted,High
Marketing,Small,Average,Low,No,Multan,2054000.0,16,No Response,Completed,Low
Marketing,Small,Average,High,Yes,Karachi,1222000.0,623,Neutral,Not Scheduled,Low
Finance,Large,Good,Low,No,Quetta,6788000.0,119,Positive,Not Scheduled,Medium
Finance,Medium,Good,Medium,Yes,Lahore,199000.0,72,No Response,Scheduled,Medium
Technology,Small,Excellent,Low,Yes,Karachi,1498000.0,63,No Response,Not Contacted,Low
Retail,Small,Good,High,Yes,Karachi,595000.0,99,Positive,Not Contacted,High
Education,Small,Good,High,Yes,Faisalabad,5181000.0,693,No Response,Completed,High
Technology,Small,Average,Medium,Yes,Faisalabad,6087000.0,31,Negative,Not Scheduled,Low
Technology,Small,Good,Low,Yes,Karachi,3405000.0,305,Positive,Scheduled,High
Technology,Medium,Average,Low,Yes,Quetta,901000.0,377,No Response,Scheduled,Low
Education,Small,Excellent,Low,Yes,Peshawar,2507000.0,155,Negative,Not Contacted,Low
Healthcare,Medium,Excellent,High,Yes,Multan,1049000.0,24,Neutral,Completed,High
Marketing,Medium,Excellent,Low,Yes,Multan,1140000.0,636,No Response,Scheduled,Medium
Manufacturing,Medium,Average,High,Yes,Quetta,1291000.0,59,Neutral,Completed,High
Finance,Small,Good,High,Yes,Multan,,32,Neutral,Completed,High
Retail,Small,Good,Medium,Yes,Karachi,6461000.0,90,Negative,Scheduled,Medium
Marketing,Small,Good,High,Yes,Karachi,544000.0,33,Neutral,Not Scheduled,Low
Marketing,Small,Good,Low,No,Multan,860000.0,85,Positive,Not Contacted,Low
Retail,Small,Average,High,Yes,Lahore,3248000.0,91,Positive,Completed,High
Retail,Medium,Poor,Low,Yes,Rawalpindi,3203000.0,71,No Response,Scheduled,Low
Marketing,Medium,Average,Medium,Yes,Multan,15655000.0,175,No Response,Not Scheduled,Low
Real Estate,Large,Excellent,Medium,No,Islamabad,168000.0,383,No Response,Not Scheduled,Low
Healthcare,Small,Excellent,Low,No,Peshawar,3946000.0,52,No Response,Scheduled,Low
Technology,Medium,Good,Medium,No,Islamabad,1685000.0,112,No Response,Not Contacted,Low
Technology,Small,Excellent,Medium,Yes,Islamabad,595000.0,213,Positive,Not Scheduled,High
Finance,Small,Excellent,Medium,Yes,Peshawar,12981000.0,255,No Response,Completed,High
Retail,Small,Excellent,High,No,Quetta,3532000.0,137,Positive,Completed,High
Healthcare,Small,Average,Medium,Yes,Islamabad,2235000.0,240,Neutral,Not Contacted,Low
Healthcare,Large,Poor,Medium,Yes,Rawalpindi,549000.0,84,Negative,Not Contacted,Low
Retail,Small,,High,Yes,Islamabad,7726000.0,265,No Response,Not Scheduled,Medium
Education,Large,Average,Medium,Yes,Multan,1022000.0,485,Positive,Completed,High
Retail,Medium,Good,Low,Yes,Faisalabad,2290000.0,917,Negative,Not Contacted,Medium
Technology,Small,Excellent,Medium,Yes,Islamabad,4015000.0,72,Positive,Not Scheduled,High
Healthcare,Large,Good,High,Yes,Multan,828000.0,106,Negative,Scheduled,High
Real Estate,Large,Poor,Low,Yes,Faisalabad,639000.0,30,Negative,Not Contacted,Low
Technology,Small,Poor,Medium,Yes,Rawalpindi,9601000.0,85,No Response,Scheduled,Low
Marketing,Medium,Good,Medium,Yes,Lahore,2269000.0,53,Positive,Not Scheduled,Medium
Finance,Small,Good,Medium,No,Islamabad,491000.0,502,No Response,Not Scheduled,Low
Marketing,Small,Good,Medium,Yes,Karachi,5189000.0,87,Positive,Not Contacted,Medium
Technology,Medium,Excellent,Low,Yes,Faisalabad,1585000.0,49,Neutral,Not Scheduled,Medium
Real Estate,Small,Poor,Medium,Yes,Rawalpindi,3625000.0,102,Neutral,Scheduled,Medium
Technology,Medium,Excellent,High,Yes,Peshawar,2693000.0,158,Negative,Not Scheduled,Medium
Retail,Medium,Average,Medium,Yes,Islamabad,948000.0,73,Positive,Scheduled,High
Technology,Large,Good,Medium,No,Quetta,1479000.0,408,Positive,Not Scheduled,High
Healthcare,Medium,Good,Medium,Yes,Rawalpindi,784000.0,472,Neutral,Completed,High
Technology,Small,,,Yes,Karachi,2948000.0,69,No Response,Completed,Medium
Education,Large,Poor,Medium,No,Multan,332000.0,51,Positive,Scheduled,Low
Technology,Small,Good,Low,Yes,Peshawar,1204000.0,81,Positive,Not Scheduled,Medium
Marketing,Small,Good,Medium,Yes,Peshawar,822000.0,204,Neutral,Not Scheduled,Medium
Education,Large,Average,Medium,Yes,Rawalpindi,1746000.0,111,Negative,Scheduled,Medium
Finance,Small,Excellent,High,Yes,Faisalabad,591000.0,118,Neutral,Scheduled,High
Technology,Small,Good,Medium,Yes,Rawalpindi,1078000.0,260,Neutral,Not Scheduled,Low
Technology,Large,Poor,Low,Yes,Multan,3370000.0,101,Positive,Completed,High
Real Estate,Small,Excellent,Medium,Yes,Quetta,1908000.0,142,No Response,Not Contacted,Medium
Technology,Small,Good,High,Yes,Quetta,2482000.0,52,Neutral,Not Contacted,Medium
Healthcare,Medium,Good,High,Yes,Faisalabad,3958000.0,31,Negative,Not Scheduled,Medium
Technology,Small,Good,Medium,Yes,Karachi,2329000.0,48,Neutral,Completed,High
Marketing,Large,Excellent,Low,Yes,Peshawar,844000.0,119,Positive,Not Scheduled,High
Finance,Medium,Good,Low,Yes,Karachi,956000.0,23,No Response,Completed,Medium
Finance,Medium,Excellent,High,No,Karachi,2014000.0,199,Positive,Not Scheduled,High
Healthcare,Medium,Good,High,Yes,Multan,7412000.0,251,Positive,Scheduled,High
Education,Small,Excellent,Low,Yes,Islamabad,881000.0,427,Neutral,Completed,High
Technology,Large,Good,Medium,Yes,Faisalabad,384000.0,261,Positive,Completed,High
Manufacturing,Medium,Good,Medium,Yes,Quetta,8947000.0,29,Neutral,Not Scheduled,Medium
Marketing,Small,Excellent,High,Yes,Peshawar,1182000.0,174,Positive,Not Contacted,High
Marketing,Small,Good,Low,No,Quetta,4639000.0,206,Neutral,Scheduled,Low
Retail,Medium,Good,High,Yes,Karachi,1708000.0,254,No Response,Not Scheduled,Medium
Technology,Large,Good,High,Yes,Peshawar,2024000.0,67,No Response,Not Contacted,Medium
Marketing,Medium,Excellent,Medium,Yes,Quetta,438000.0,49,Neutral,Scheduled,High
Retail,Small,Poor,High,Yes,Lahore,1525000.0,33,Negative,Not Scheduled,Low
Education,Small,Excellent,Medium,Yes,Islamabad,1820000.0,257,Neutral,Not Contacted,Medium
Finance,Small,Average,Medium,No,Rawalpindi,6431000.0,17,No Response,Not Contacted,Low
Retail,Small,Poor,Medium,Yes,Karachi,1107000.0,190,Neutral,Completed,Low
Real Estate,Medium,,Medium,Yes,Quetta,3273000.0,103,No Response,Scheduled,Medium
Retail,Small,Excellent,Medium,No,Rawalpindi,861000.0,44,Negative,Not Scheduled,Low
Technology,Small,Average,Low,Yes,Peshawar,1130000.0,259,Positive,Not Scheduled,Medium
Healthcare,Small,Excellent,Medium,Yes,Rawalpindi,2699000.0,42,Positive,Not Contacted,High
Finance,Small,Good,High,Yes,Islamabad,3852000.0,75,Neutral,Scheduled,High
Marketing,Medium,Good,High,Yes,Faisalabad,4759000.0,38,Negative,Completed,High
Healthcare,Large,Poor,Medium,Yes,Quetta,2046000.0,38,Neutral,Completed,High
Technology,Medium,Poor,High,Yes,Islamabad,651000.0,92,Positive,Not Contacted,Medium
Finance,Small,Good,High,Yes,Islamabad,1438000.0,172,Neutral,Not Scheduled,Medium
Finance,Small,Good,Medium,No,Islamabad,521000.0,318,Negative,Scheduled,Low
Retail,Medium,Good,High,Yes,Islamabad,471000.0,161,Positive,Not Scheduled,High
Finance,Small,Excellent,Medium,Yes,Multan,264000.0,168,No Response,Not Scheduled,Low
Technology,Small,Good,Low,Yes,Islamabad,627000.0,147,Negative,Scheduled,Low
Marketing,Large,Excellent,High,Yes,Rawalpindi,922000.0,76,Negative,Not Contacted,Medium
Retail,Small,Average,Medium,Yes,Peshawar,1835000.0,201,Positive,Completed,High
Technology,Small,Good,Medium,No,Rawalpindi,1175000.0,31,Neutral,Completed,Low
Healthcare,Small,,High,No,Rawalpindi,3560000.0,47,Positive,Not Scheduled,Medium
Finance,Small,Average,High,Yes,Karachi,3300000.0,69,Positive,Scheduled,High
Retail,Medium,Good,Low,Yes,Islamabad,1730000.0,184,Neutral,Scheduled,Medium
Real Estate,Small,Poor,High,Yes,Lahore,2203000.0,277,Positive,Not Scheduled,Medium
Real Estate,Small,Good,High,Yes,Multan,268000.0,129,Positive,Not Scheduled,High
Real Estate,Small,Good,Medium,Yes,Quetta,283000.0,414,Positive,Completed,High
Finance,Large,Good,Low,Yes,Islamabad,2304000.0,426,Positive,Scheduled,High
Marketing,Medium,Excellent,Low,Yes,Faisalabad,847000.0,25,Neutral,Not Scheduled,Medium
Real Estate,Large,Excellent,High,Yes,Karachi,3729000.0,36,Positive,Completed,High
Real Estate,Small,Good,Medium,Yes,Peshawar,508000.0,149,No Response,Not Scheduled,Low
Real Estate,Medium,Good,Medium,Yes,Faisalabad,2620000.0,63,Neutral,Scheduled,High
Finance,Medium,Good,Medium,Yes,Islamabad,319000.0,82,Positive,Not Scheduled,High
Technology,Medium,Good,High,Yes,Quetta,901000.0,42,,Not Contacted,Medium
Finance,Medium,Excellent,Medium,Yes,Faisalabad,2505000.0,103,No Response,Scheduled,High
Education,Small,Average,Low,Yes,Islamabad,1808000.0,45,Negative,Not Scheduled,Low
Finance,Large,Good,High,Yes,Islamabad,2983000.0,43,Negative,Completed,High
Technology,Large,Excellent,High,Yes,Islamabad,660000.0,22,Positive,Not Contacted,High
Marketing,Large,Good,,Yes,Islamabad,1268000.0,403,Positive,Not Contacted,High
Finance,Small,Excellent,Low,Yes,Peshawar,3951000.0,142,No Response,Completed,Medium
Education,Small,Average,Low,Yes,Quetta,3210000.0,173,Positive,Scheduled,Medium
Real Estate,Medium,Good,High,Yes,Peshawar,937000.0,137,No Response,Scheduled,Medium
Finance,Small,Good,Low,Yes,Rawalpindi,901000.0,22,No Response,Not Scheduled,Low
Real Estate,Small,Average,Medium,Yes,Karachi,115000.0,57,No Response,Not Scheduled,Low
Finance,Medium,Average,Low,Yes,Quetta,314000.0,265,Negative,Scheduled,Low
Finance,Medium,Good,Low,Yes,Multan,347000.0,135,No Response,Not Contacted,Low
Retail,Small,Excellent,Low,Yes,Lahore,3802000.0,55,Neutral,Not Scheduled,Low
Finance,Small,Good,Low,Yes,Multan,2621000.0,76,Neutral,Scheduled,Medium
Finance,Medium,Average,High,No,Quetta,1472000.0,93,No Response,Scheduled,Low
Technology,Small,Good,Medium,Yes,Peshawar,325000.0,83,Positive,Not Scheduled,Medium
Retail,Small,Poor,Medium,Yes,Faisalabad,1427000.0,45,Positive,Not Scheduled,Low
Finance,Large,Good,High,Yes,Quetta,236000.0,350,Negative,Scheduled,High
Marketing,Medium,Average,,Yes,Karachi,9254000.0,39,Neutral,Not Scheduled,Low
Education,Medium,Average,Medium,No,Karachi,3166000.0,77,Negative,Completed,Low
Technology,Small,Average,Medium,Yes,Quetta,9663000.0,130,Positive,Not Scheduled,Medium
Healthcare,Large,Poor,Medium,Yes,Multan,2956000.0,47,Neutral,Scheduled,Medium
Retail,Small,Good,Medium,No,Karachi,2124000.0,242,No Response,Completed,Low
Finance,Medium,Excellent,High,Yes,Islamabad,701000.0,299,Positive,Completed,High
Real Estate,Small,Average,Low,Yes,Karachi,7114000.0,56,Neutral,Scheduled,Low
Manufacturing,Small,Good,High,Yes,Rawalpindi,1618000.0,147,No Response,Scheduled,Medium
Marketing,Small,Good,Medium,No,Peshawar,436000.0,90,Negative,Completed,Low
Marketing,Medium,Poor,Medium,No,Islamabad,810000.0,215,Positive,Completed,Medium
Technology,Medium,Excellent,Low,Yes,Multan,750000.0,167,Negative,Not Scheduled,Medium
Manufacturing,Medium,Average,Medium,Yes,Lahore,867000.0,38,Neutral,Not Contacted,Low
Real Estate,Medium,Average,Low,Yes,Karachi,158000.0,59,No Response,Scheduled,Low
Healthcare,Small,Good,Medium,Yes,Peshawar,5391000.0,52,No Response,Not Scheduled,Low
Technology,Medium,Excellent,Medium,Yes,Quetta,796000.0,326,Positive,Completed,High
Healthcare,Small,Poor,Medium,Yes,Rawalpindi,1436000.0,109,No Response,Completed,Medium
Healthcare,Large,Average,Medium,No,Karachi,1036000.0,54,Positive,Not Scheduled,Medium
Retail,Large,Good,Medium,Yes,Rawalpindi,351000.0,31,Negative,Scheduled,Medium
Finance,Small,Good,Medium,Yes,Multan,1601000.0,125,Negative,Scheduled,Medium
Technology,Medium,Average,Medium,Yes,Faisalabad,2602000.0,228,Positive,Completed,High
Finance,Medium,Average,Medium,Yes,Faisalabad,2305000.0,223,No Response,Scheduled,Medium
Education,Medium,Average,High,No,Lahore,2588000.0,46,Positive,Scheduled,Medium
Retail,Small,Average,Medium,Yes,Islamabad,1639000.0,619,Positive,Not Contacted,Medium
Marketing,Small,Average,High,Yes,Multan,1913000.0,66,Positive,Not Contacted,Medium
Manufacturing,Small,Average,Low,Yes,Peshawar,622000.0,422,Neutral,Not Scheduled,Low
Marketing,Small,Good,Medium,Yes,Lahore,5558000.0,22,No Response,Completed,Medium
Education,Small,Good,,No,Karachi,1009000.0,149,Positive,Completed,Medium
Marketing,Small,Poor,Medium,Yes,Peshawar,6184000.0,15,No Response,Scheduled,Low
Manufacturing,Large,Poor,Low,Yes,Quetta,1640000.0,24,No Response,Scheduled,Low
Finance,Small,Good,Medium,Yes,Lahore,225000.0,26,No Response,Not Scheduled,Low
Manufacturing,Medium,Good,Low,Yes,Multan,2746000.0,109,Positive,Completed,High
Technology,Small,Average,Medium,Yes,Quetta,1725000.0,28,Positive,Completed,Medium
Healthcare,Small,Good,Medium,No,Faisalabad,,199,No Response,Not Scheduled,Low
Education,Medium,Excellent,High,Yes,Faisalabad,2024000.0,19,Positive,Scheduled,High
Retail,Medium,Excellent,Medium,Yes,Islamabad,620000.0,156,No Response,Completed,High
Technology,Small,Average,Medium,Yes,Peshawar,815000.0,69,Neutral,Scheduled,Low
Real Estate,Small,Good,Medium,Yes,Karachi,513000.0,217,Positive,Completed,High
Manufacturing,Large,Average,High,No,Karachi,1641000.0,148,Positive,Completed,High
Education,Small,Poor,Low,Yes,Rawalpindi,1794000.0,42,Positive,Not Scheduled,Low
Finance,Small,Poor,High,Yes,Islamabad,1622000.0,88,Neutral,Not Contacted,Low
Manufacturing,Small,Good,Medium,Yes,Karachi,5302000.0,100,No Response,Scheduled,Medium
Healthcare,Large,Good,Medium,Yes,Peshawar,743000.0,89,Positive,Scheduled,High
Finance,Large,Poor,Low,Yes,Multan,229000.0,82,No Response,Not Scheduled,Low
Education,Large,Good,Medium,No,Quetta,546000.0,111,No Response,Scheduled,Medium
Education,Small,Good,Medium,Yes,Multan,644000.0,30,Positive,Completed,High
Finance,Medium,Good,Medium,Yes,Rawalpindi,1686000.0,31,No Response,Not Contacted,Medium
Finance,Large,Excellent,Medium,Yes,Karachi,783000.0,222,Positive,Scheduled,High
Technology,Small,Poor,High,Yes,Rawalpindi,976000.0,33,Positive,Not Contacted,Low
Retail,Large,Excellent,High,Yes,Faisalabad,3074000.0,80,Negative,Not Scheduled,High
Education,Small,Average,Medium,Yes,Karachi,1314000.0,222,Positive,Not Contacted,Medium
Technology,Small,Excellent,High,Yes,Quetta,1370000.0,79,No Response,Completed,High
Finance,Medium,Average,Low,Yes,Peshawar,,261,No Response,Completed,Medium
Retail,Medium,Average,Low,Yes,Islamabad,1273000.0,53,No Response,Completed,Medium
Education,Medium,Good,High,Yes,Peshawar,1315000.0,581,No Response,Not Contacted,Medium
Technology,Large,Average,Medium,No,Islamabad,1933000.0,60,Positive,Not Contacted,Low
Education,Small,Excellent,High,Yes,Faisalabad,2375000.0,503,Positive,Not Contacted,High
Finance,Small,Poor,High,Yes,Quetta,2562000.0,88,Positive,Scheduled,Medium
Manufacturing,Medium,Average,Medium,Yes,Lahore,1544000.0,548,No Response,Completed,Medium
Retail,Large,Average,Medium,Yes,Quetta,2818000.0,492,No Response,Completed,High
Healthcare,Small,Excellent,Low,Yes,Faisalabad,573000.0,82,Positive,Completed,High
Education,Medium,Average,Medium,Yes,Lahore,819000.0,59,No Response,Not Scheduled,Low
Finance,Small,Excellent,Low,Yes,Islamabad,2484000.0,309,No Response,Not Scheduled,Low
Retail,Large,Good,Low,Yes,Multan,1896000.0,122,Neutral,Not Scheduled,Medium
Healthcare,Small,Average,Low,No,Islamabad,30090000.0,43,Positive,Not Contacted,Low
Marketing,Small,Excellent,Medium,No,Rawalpindi,2499000.0,96,No Response,Not Scheduled,Low
Technology,Small,Average,Medium,Yes,Lahore,724000.0,75,Positive,Scheduled,Medium
Retail,Large,Good,High,No,Islamabad,756000.0,153,Negative,Not Scheduled,Low
Finance,Small,Good,High,Yes,Multan,453000.0,96,No Response,Scheduled,Medium
Manufacturing,Small,Good,Medium,No,Rawalpindi,1197000.0,153,No Response,Completed,Low
Finance,Small,Good,High,Yes,Quetta,9995000.0,93,Positive,Scheduled,High
Manufacturing,Medium,Excellent,Low,Yes,Faisalabad,313000.0,15,No Response,Scheduled,Medium
Real Estate,Small,Average,High,Yes,Islamabad,690000.0,248,Positive,Not Contacted,Medium
Technology,Medium,Poor,High,Yes,Rawalpindi,1003000.0,48,Neutral,Completed,Medium
Manufacturing,Large,Good,Medium,Yes,Faisalabad,7031000.0,148,Neutral,Completed,High
Real Estate,Medium,Good,Low,Yes,Multan,4537000.0,47,Neutral,Not Contacted,Medium
Real Estate,Small,Good,Low,Yes,Faisalabad,4612000.0,138,Positive,Scheduled,High
Manufacturing,Large,Good,Medium,Yes,Faisalabad,2726000.0,77,Neutral,Scheduled,High
Retail,Medium,Good,Medium,Yes,Islamabad,723000.0,34,Negative,Completed,Medium
Marketing,Small,Average,Low,Yes,Peshawar,9929000.0,152,Positive,Not Contacted,Medium
Technology,Medium,Poor,Medium,Yes,Faisalabad,379000.0,16,No Response,Scheduled,Low
Finance,Medium,Excellent,Medium,Yes,Lahore,511000.0,69,Positive,Scheduled,High
Education,Large,Excellent,Medium,Yes,Lahore,3486000.0,251,Neutral,Not Scheduled,High
Technology,Small,Good,High,Yes,Peshawar,1749000.0,71,Positive,Scheduled,High
Retail,Large,Poor,Medium,Yes,Quetta,8667000.0,85,Positive,Completed,High
Marketing,Small,Good,Medium,Yes,Quetta,883000.0,213,No Response,Not Scheduled,Low
Finance,Large,Excellent,High,Yes,Karachi,2184000.0,1171,Neutral,Scheduled,High
Manufacturing,Small,Average,Low,Yes,Karachi,6208000.0,109,Neutral,Completed,Medium
Education,Large,Average,Medium,Yes,Lahore,760000.0,39,Negative,Scheduled,Medium
Retail,Small,Average,Medium,No,Islamabad,3259000.0,218,Negative,Not Scheduled,Low
Technology,Small,Good,Low,No,Quetta,4905000.0,65,Positive,Scheduled,Medium
Technology,Small,Good,Low,Yes,Rawalpindi,1962000.0,68,Neutral,Scheduled,Medium
Real Estate,Medium,Average,Medium,Yes,Islamabad,1288000.0,135,No Response,Scheduled,Medium
Retail,Medium,Good,Low,Yes,Lahore,3082000.0,93,No Response,Not Contacted,Low
Healthcare,Small,Good,Medium,Yes,Karachi,569000.0,83,No Response,Scheduled,Low
Healthcare,Large,Good,Medium,Yes,Faisalabad,3222000.0,153,No Response,Not Scheduled,Medium
Finance,Small,Average,Low,Yes,Peshawar,742000.0,241,No Response,Scheduled,Low
Healthcare,Medium,Good,Medium,Yes,Peshawar,4277000.0,418,Positive,Scheduled,High
Healthcare,Small,Excellent,Medium,Yes,Peshawar,92000.0,204,Neutral,Completed,High
Manufacturing,Small,Excellent,Medium,Yes,Faisalabad,12523000.0,93,Positive,Not Contacted,High
Healthcare,Small,Poor,Medium,Yes,Peshawar,328000.0,174,No Response,Not Scheduled,Low
Marketing,Large,Excellent,Medium,Yes,Islamabad,1531000.0,65,Positive,Completed,High
Technology,Small,Poor,Medium,Yes,Faisalabad,1389000.0,87,Positive,Scheduled,Medium
Education,Small,Average,High,Yes,Multan,15018000.0,36,Positive,Not Contacted,Medium
Manufacturing,Medium,Good,Medium,Yes,Peshawar,1342000.0,101,No Response,Not Contacted,Low
Finance,Medium,Excellent,Low,Yes,Multan,263000.0,261,No Response,Completed,Medium
Manufacturing,Large,Good,Low,Yes,Multan,5290000.0,179,No Response,Completed,High
Healthcare,Large,Poor,Low,No,Multan,395000.0,111,Positive,Not Scheduled,Low
Manufacturing,Medium,Average,Low,Yes,Islamabad,1759000.0,48,Positive,Not Contacted,Low
Healthcare,Medium,Excellent,Low,Yes,Quetta,4894000.0,132,No Response,Completed,High
Retail,Small,Good,Medium,Yes,Peshawar,3712000.0,1097,No Response,Scheduled,Medium
Finance,Small,Good,Low,Yes,Peshawar,2319000.0,75,Neutral,Completed,Medium
Healthcare,Small,Excellent,Medium,Yes,Lahore,1345000.0,48,Neutral,Not Scheduled,Medium
Healthcare,Small,Good,Medium,No,Multan,8213000.0,118,Positive,Scheduled,Medium
Healthcare,Medium,Good,Medium,Yes,Lahore,1546000.0,188,No Response,Completed,High
Finance,Medium,Excellent,Medium,Yes,Karachi,693000.0,218,Positive,Not Contacted,High
Manufacturing,Small,Excellent,Medium,Yes,Karachi,4978000.0,56,No Response,Not Scheduled,Low
Manufacturing,Medium,Average,Medium,Yes,Multan,1846000.0,112,Positive,Completed,High
Real Estate,Small,Excellent,High,Yes,Peshawar,4337000.0,74,No Response,Completed,High
Manufacturing,Medium,Good,Medium,Yes,Islamabad,634000.0,261,Neutral,Scheduled,High
Finance,Small,Excellent,Low,Yes,Karachi,1976000.0,18,Positive,Scheduled,High
Manufacturing,Medium,Good,Low,Yes,Peshawar,1397000.0,79,No Response,Scheduled,Medium
Technology,Medium,Excellent,Medium,Yes,Rawalpindi,1050000.0,248,Positive,Scheduled,High
Marketing,Large,Average,Medium,Yes,Quetta,6616000.0,94,Positive,Completed,High
Finance,Medium,Good,Low,Yes,Quetta,950000.0,82,No Response,Not Scheduled,Low
Marketing,Medium,Good,,Yes,Quetta,2989000.0,105,Neutral,Scheduled,High
Technology,Large,Excellent,Medium,No,Multan,1875000.0,44,No Response,Not Scheduled,Low
Finance,Medium,Excellent,Low,Yes,Multan,2103000.0,114,Neutral,Not Scheduled,Medium
Marketing,Small,,Medium,Yes,Multan,2987000.0,135,No Response,Completed,Low
Technology,Medium,Average,Low,Yes,Islamabad,524000.0,220,Negative,Not Contacted,Low
Finance,Medium,,High,Yes,Islamabad,2445000.0,45,No Response,Scheduled,Medium
Manufacturing,Small,Good,High,Yes,Peshawar,1104000.0,37,No Response,Completed,Medium
Healthcare,Small,Good,High,Yes,Karachi,297000.0,34,Neutral,Completed,Medium
Technology,Large,Poor,Low,Yes,Islamabad,1980000.0,102,Positive,Not Contacted,Medium
Finance,Small,Good,Medium,No,Islamabad,559000.0,88,Neutral,Scheduled,Low
Technology,Medium,Good,Low,Yes,Lahore,3813000.0,65,Positive,Scheduled,High
Healthcare,Large,Good,Low,Yes,Karachi,4459000.0,67,Positive,Not Scheduled,High
Marketing,Medium,Poor,Medium,No,Islamabad,4347000.0,73,No Response,Not Contacted,Low
Technology,Large,Good,Low,Yes,Faisalabad,463000.0,1343,Positive,Scheduled,High
Manufacturing,Small,Good,Medium,Yes,Lahore,274000.0,24,Negative,Not Scheduled,Low
Marketing,Small,Excellent,High,Yes,Peshawar,1933000.0,61,No Response,Completed,High
Healthcare,Small,,,No,Islamabad,1123000.0,186,Positive,Scheduled,Low
Retail,Small,Good,Medium,No,Rawalpindi,1321000.0,282,Positive,Scheduled,Medium
Technology,Medium,Excellent,High,Yes,Quetta,458000.0,137,Neutral,Scheduled,High
Technology,Small,Excellent,Medium,Yes,Peshawar,1590000.0,113,Positive,Scheduled,High
Healthcare,Small,,Medium,Yes,Quetta,885000.0,45,Negative,Not Scheduled,Low
Manufacturing,Medium,Average,High,Yes,Peshawar,1277000.0,107,No Response,Not Contacted,Low
Finance,Small,Good,Medium,Yes,Rawalpindi,5798000.0,58,No Response,Scheduled,Low
Technology,Small,Excellent,Low,Yes,Quetta,438000.0,36,Negative,Scheduled,Low
Marketing,Medium,Average,Low,Yes,Quetta,1158000.0,205,Negative,Completed,Medium
Technology,Large,Poor,Medium,Yes,Rawalpindi,4067000.0,79,Positive,Not Contacted,Medium
Healthcare,Medium,Good,High,Yes,Karachi,1686000.0,71,Positive,Not Scheduled,High
Education,Large,Good,Medium,No,Quetta,884000.0,61,Positive,Not Contacted,Medium
Healthcare,Large,Good,Low,Yes,Quetta,916000.0,75,No Response,Not Scheduled,Low
Real Estate,Medium,Good,Low,Yes,Faisalabad,1824000.0,53,,Scheduled,High
Education,Medium,Good,Low,Yes,Karachi,850000.0,31,No Response,Completed,Medium
Marketing,Small,Excellent,Low,Yes,Faisalabad,365000.0,327,Positive,Not Scheduled,Medium
Healthcare,Large,Average,Medium,No,Rawalpindi,558000.0,115,Positive,Scheduled,High
Technology,Small,Average,High,Yes,Quetta,790000.0,68,Positive,Not Scheduled,Medium
Healthcare,Small,Good,Medium,Yes,Peshawar,496000.0,136,Negative,Not Scheduled,Low
Retail,Medium,Excellent,Medium,Yes,Rawalpindi,2249000.0,47,Neutral,Not Contacted,Medium
Technology,Small,Poor,Low,No,Faisalabad,994000.0,33,No Response,Not Scheduled,Low
Marketing,Medium,Excellent,Medium,Yes,Karachi,2119000.0,53,No Response,Not Contacted,Medium
Finance,Small,Excellent,Medium,Yes,Rawalpindi,1609000.0,64,No Response,Completed,Medium
Technology,Small,Good,Medium,Yes,Karachi,2635000.0,28,No Response,Not Scheduled,Low
Technology,Large,Excellent,Medium,Yes,Karachi,3190000.0,90,No Response,Scheduled,High
Manufacturing,Medium,Excellent,Low,Yes,Islamabad,192000.0,58,Positive,Not Scheduled,Medium
Education,Large,Good,Medium,Yes,Faisalabad,576000.0,79,No Response,Scheduled,High
Healthcare,Small,Poor,High,Yes,Karachi,5927000.0,35,Negative,Not Contacted,Low
Marketing,Medium,Average,High,Yes,Peshawar,827000.0,43,Neutral,Not Scheduled,Medium
Education,Medium,Good,Medium,Yes,Islamabad,2019000.0,46,No Response,Not Scheduled,Low
Education,Small,Poor,Medium,Yes,Islamabad,1247000.0,62,No Response,Scheduled,Low
Real Estate,Medium,Average,Low,No,Peshawar,1530000.0,323,No Response,Not Scheduled,Low
Manufacturing,Medium,Good,Low,Yes,Faisalabad,17624000.0,51,Negative,Scheduled,Medium
Marketing,Medium,Average,Medium,Yes,Rawalpindi,141000.0,101,Positive,Not Contacted,Medium
Real Estate,Small,Good,High,Yes,Faisalabad,550000.0,35,No Response,Not Scheduled,Medium
Technology,Large,Poor,Low,Yes,Islamabad,321000.0,23,Negative,Scheduled,Low
Real Estate,Small,Good,Medium,Yes,Lahore,1688000.0,211,Negative,Completed,Medium
Technology,Small,Average,High,Yes,Peshawar,628000.0,174,No Response,Completed,Medium
Finance,Medium,Excellent,Medium,Yes,Lahore,995000.0,227,Positive,Not Scheduled,High
Education,Medium,Average,High,Yes,Peshawar,1081000.0,7,No Response,Scheduled,Low
Finance,Medium,Good,High,Yes,Faisalabad,907000.0,94,No Response,Scheduled,Medium
Healthcare,Medium,Good,Low,Yes,Faisalabad,599000.0,88,No Response,Completed,Medium
Retail,Small,Average,Medium,Yes,Faisalabad,361000.0,44,No Response,Not Scheduled,Low
Education,Small,Average,Medium,Yes,Quetta,1442000.0,23,Positive,Completed,High
Finance,Small,Poor,High,Yes,Quetta,1144000.0,74,Positive,Not Scheduled,Medium
Technology,Medium,Average,,Yes,Rawalpindi,4056000.0,124,Neutral,Not Contacted,Low
Marketing,Large,Good,,Yes,Multan,694000.0,104,No Response,Not Scheduled,Medium
Retail,Small,Good,Low,Yes,Karachi,1114000.0,152,No Response,Completed,Medium
Marketing,Small,Good,Low,Yes,Peshawar,7001000.0,344,Positive,Not Scheduled,High
Finance,Large,Excellent,High,Yes,Peshawar,5583000.0,103,Neutral,Not Scheduled,High
Technology,Large,Average,Medium,Yes,Quetta,825000.0,322,Neutral,Completed,High
Real Estate,Small,Good,Medium,Yes,Peshawar,1172000.0,173,Positive,Scheduled,High
Technology,Medium,Excellent,Low,Yes,Peshawar,2831000.0,104,No Response,Scheduled,Medium
Real Estate,Large,Average,Medium,No,Peshawar,4469000.0,100,Positive,Scheduled,High
Healthcare,Small,Excellent,High,Yes,Lahore,2891000.0,215,Neutral,Not Contacted,Medium
Finance,Small,Average,Low,No,Lahore,5944000.0,57,No Response,Not Contacted,Low
Healthcare,Small,Average,High,Yes,Quetta,502000.0,351,No Response,Completed,High
Manufacturing,Small,Average,Medium,Yes,Lahore,998000.0,644,Positive,Scheduled,Medium
Finance,Large,Excellent,Low,Yes,Faisalabad,1273000.0,149,No Response,Not Contacted,Medium
Finance,Large,Good,Medium,Yes,Islamabad,21081000.0,95,No Response,Scheduled,High
Manufacturing,Medium,,Low,Yes,Quetta,1035000.0,587,Neutral,Scheduled,Medium
Healthcare,Small,Average,Low,No,Karachi,4263000.0,56,No Response,Scheduled,Low
Manufacturing,Small,Excellent,Medium,Yes,Multan,1939000.0,15,Positive,Not Scheduled,Medium
Manufacturing,Small,Good,Low,Yes,Peshawar,1179000.0,44,Positive,Scheduled,High
Education,Medium,Good,Low,Yes,Rawalpindi,219000.0,67,Neutral,Scheduled,Medium
Finance,Medium,Excellent,Medium,Yes,Lahore,1279000.0,21,Positive,Scheduled,High
Manufacturing,Medium,Good,High,Yes,Quetta,298000.0,51,Positive,Scheduled,High
Healthcare,Small,Good,High,No,Lahore,1012000.0,31,Neutral,Scheduled,Medium
Healthcare,Medium,Good,Medium,Yes,Faisalabad,863000.0,256,Positive,Not Scheduled,High
Real Estate,Small,Excellent,Medium,Yes,Quetta,1764000.0,39,No Response,Scheduled,Low
Real Estate,Small,Excellent,Low,Yes,Rawalpindi,1797000.0,75,Positive,Scheduled,High
Technology,Small,Poor,Low,Yes,Lahore,990000.0,584,No Response,Completed,Low
Finance,Large,Average,Medium,Yes,Peshawar,440000.0,84,No Response,Not Contacted,Low
Marketing,Medium,Excellent,Low,Yes,Multan,506000.0,273,Positive,Not Scheduled,High
Manufacturing,Small,Average,Medium,Yes,Faisalabad,460000.0,33,Positive,Not Contacted,Low
Retail,Small,Average,Medium,Yes,Multan,1323000.0,58,Neutral,Scheduled,Medium
Manufacturing,Small,Good,High,Yes,Peshawar,215000.0,153,No Response,Not Contacted,Low
Manufacturing,Small,Good,Low,Yes,Islamabad,522000.0,382,Neutral,Not Contacted,Low
Manufacturing,Small,Average,Medium,Yes,Lahore,2235000.0,59,No Response,Scheduled,Low
Technology,Small,Excellent,Low,No,Quetta,2316000.0,219,Neutral,Not Scheduled,Low
Technology,Large,Good,Low,Yes,Islamabad,3130000.0,316,No Response,Not Scheduled,Medium
Real Estate,Small,Good,High,Yes,Peshawar,1911000.0,69,Neutral,Not Scheduled,Medium
Real Estate,Medium,Good,High,Yes,Peshawar,4312000.0,871,Neutral,Not Contacted,High
Finance,Medium,Good,Low,Yes,Islamabad,814000.0,76,Negative,Scheduled,Low
Marketing,Small,Excellent,Low,Yes,Islamabad,3307000.0,99,Neutral,Not Scheduled,Low
Marketing,Small,Good,High,Yes,Karachi,4875000.0,36,Positive,Not Scheduled,High
Real Estate,Medium,Excellent,Medium,Yes,Quetta,5839000.0,257,No Response,Not Contacted,Medium
Education,Large,Poor,Medium,Yes,Karachi,1132000.0,63,Neutral,Scheduled,Medium
Real Estate,Medium,Good,Medium,No,Quetta,9192000.0,213,No Response,Not Scheduled,Low
Education,Medium,Excellent,Medium,Yes,Karachi,525000.0,95,Neutral,Not Contacted,Medium
Education,Medium,Excellent,High,Yes,Peshawar,3904000.0,217,Negative,Scheduled,High
Marketing,Small,Poor,Low,No,Karachi,1043000.0,156,Neutral,Not Scheduled,Low
Technology,Large,Excellent,High,Yes,Islamabad,407000.0,68,Positive,Scheduled,High
Technology,Large,Average,Low,Yes,Karachi,2377000.0,112,Positive,Completed,High
Technology,Small,Good,Medium,Yes,Lahore,3166000.0,978,Neutral,Not Scheduled,Medium
Education,Large,Good,Medium,Yes,Quetta,4396000.0,238,Neutral,Completed,High
Marketing,Medium,Good,Medium,Yes,Faisalabad,876000.0,24,No Response,Not Scheduled,Low
Healthcare,Small,Good,Medium,Yes,Faisalabad,2875000.0,58,Positive,Not Contacted,Medium
Finance,Medium,Excellent,High,Yes,Karachi,1326000.0,274,Positive,Not Contacted,High
Manufacturing,Small,Good,High,Yes,Rawalpindi,2435000.0,109,,Completed,High
Real Estate,Small,Average,Low,Yes,Quetta,1496000.0,46,Positive,Not Scheduled,Low
Manufacturing,Large,Average,High,Yes,Karachi,4103000.0,177,Positive,Not Contacted,High
Marketing,Medium,Good,High,Yes,Karachi,868000.0,32,Neutral,Scheduled,High
Education,Small,Good,Low,Yes,Rawalpindi,639000.0,30,No Response,Scheduled,Medium
Retail,Small,Excellent,Medium,No,Multan,1372000.0,116,Negative,Not Scheduled,Low
Retail,Medium,Good,Low,No,Islamabad,520000.0,71,Positive,Not Contacted,Low
Manufacturing,Medium,Average,Medium,Yes,Peshawar,11713000.0,62,Positive,Scheduled,High
Education,Medium,Poor,Medium,Yes,Islamabad,7508000.0,22,Positive,Completed,High
Manufacturing,Large,Poor,Medium,Yes,Quetta,608000.0,73,Neutral,Scheduled,Medium
Technology,Small,Good,,Yes,Rawalpindi,4077000.0,92,Neutral,Scheduled,Medium
Real Estate,Large,Poor,Medium,Yes,Rawalpindi,2883000.0,79,Negative,Not Contacted,Low
Education,Small,Excellent,Medium,Yes,Peshawar,1756000.0,16,No Response,Not Scheduled,Low
Manufacturing,Large,Good,Low,Yes,Lahore,2516000.0,188,No Response,Completed,High
Technology,Large,Average,High,Yes,Karachi,701000.0,95,Neutral,Not Contacted,Medium
Retail,Small,Poor,Low,Yes,Rawalpindi,1724000.0,51,Positive,Completed,Medium
Technology,Small,Good,Low,Yes,Peshawar,173000.0,63,No Response,Scheduled,Low
Retail,Small,Excellent,Low,Yes,Quetta,668000.0,74,No Response,Scheduled,Medium
Healthcare,Medium,Average,Medium,No,Peshawar,1112000.0,15,Neutral,Not Scheduled,Low
Finance,Medium,Average,Medium,Yes,Peshawar,2608000.0,72,Neutral,Scheduled,Medium
Manufacturing,Medium,Good,Medium,Yes,Peshawar,1328000.0,187,Negative,Not Scheduled,Low
Technology,Large,Average,Low,Yes,Islamabad,663000.0,617,No Response,Not Scheduled,Low
Education,Medium,Average,Medium,Yes,Quetta,6239000.0,2047,No Response,Completed,High
Finance,Medium,Poor,High,Yes,Multan,1964000.0,206,Negative,Completed,Medium
Retail,Small,Average,,Yes,Multan,784000.0,195,Positive,Scheduled,Medium
Education,Medium,Average,High,Yes,Islamabad,989000.0,57,Positive,Not Scheduled,High
Technology,Medium,Average,Low,Yes,Multan,4529000.0,50,No Response,Completed,Medium
Finance,Large,,Medium,No,Multan,984000.0,327,Negative,Scheduled,Medium
Education,Large,Average,Low,Yes,Rawalpindi,1362000.0,151,Positive,Not Scheduled,Medium
Real Estate,Large,Good,Medium,Yes,Lahore,1407000.0,155,Neutral,Not Scheduled,Medium
Technology,Medium,Good,Medium,No,Quetta,189000.0,72,No Response,Not Scheduled,Low
Real Estate,Medium,Good,High,Yes,Faisalabad,7455000.0,87,Positive,Not Scheduled,High
Marketing,Large,Excellent,Medium,No,Karachi,640000.0,49,Neutral,Scheduled,High
Marketing,Small,Good,Medium,Yes,Quetta,1923000.0,201,Positive,Completed,High
Technology,Large,Average,Medium,No,Rawalpindi,2482000.0,207,Positive,Completed,High
Technology,Medium,Excellent,Medium,Yes,Faisalabad,3576000.0,179,Positive,Completed,High
Healthcare,Large,Good,Medium,No,Faisalabad,430000.0,137,Neutral,Not Scheduled,Medium
Finance,Medium,Good,Low,Yes,Karachi,676000.0,102,Negative,Not Contacted,Low
Education,Small,Excellent,Low,No,Faisalabad,255000.0,290,Neutral,Completed,Low
Real Estate,Small,Average,Low,Yes,Peshawar,2806000.0,94,Positive,Not Contacted,Low
Finance,Small,Poor,Medium,No,Rawalpindi,331000.0,417,No Response,Completed,Low
Healthcare,Small,Average,High,Yes,Lahore,1105000.0,50,No Response,Scheduled,Low
Technology,Small,Average,Medium,Yes,Faisalabad,3695000.0,42,Positive,Not Scheduled,Medium
Technology,Large,Poor,Medium,No,Islamabad,3688000.0,35,No Response,Completed,Medium
Healthcare,Small,Excellent,Medium,Yes,Faisalabad,1213000.0,164,Positive,Scheduled,High
Manufacturing,Medium,Excellent,Low,No,Islamabad,4517000.0,200,No Response,Not Scheduled,Low
Marketing,Small,Excellent,,No,Islamabad,2557000.0,65,Neutral,Not Contacted,Low
Finance,Small,Average,High,Yes,Rawalpindi,1084000.0,107,No Response,Not Scheduled,Low
Technology,Small,Average,Medium,No,Karachi,2105000.0,313,Neutral,Scheduled,Low
Technology,Medium,Average,Medium,Yes,Islamabad,437000.0,235,Negative,Not Scheduled,Low
Retail,Medium,Average,Medium,No,Quetta,2370000.0,423,Positive,Not Contacted,Low
Technology,Small,,High,No,Peshawar,715000.0,781,No Response,Scheduled,Low
Finance,Small,Good,High,Yes,Rawalpindi,2351000.0,95,No Response,Not Scheduled,Medium
Marketing,Medium,Average,Low,Yes,Rawalpindi,2121000.0,194,No Response,Scheduled,Low
Finance,Large,Good,Low,Yes,Faisalabad,1184000.0,43,Neutral,Not Scheduled,Medium
Marketing,Large,Average,High,Yes,Islamabad,3237000.0,268,Neutral,Completed,High
Retail,Medium,Average,Low,Yes,Lahore,6401000.0,119,Neutral,Scheduled,Medium
Real Estate,Large,Good,Medium,No,Lahore,815000.0,184,Positive,Scheduled,High
Finance,Small,Excellent,Medium,Yes,Karachi,876000.0,106,Positive,Completed,High
Education,Small,Good,High,No,Quetta,735000.0,102,No Response,Completed,Medium
Education,Medium,Average,Low,Yes,Islamabad,2914000.0,414,Positive,Completed,High
Real Estate,Large,Excellent,Medium,Yes,Lahore,2422000.0,75,Negative,Not Scheduled,Medium
Finance,Medium,Average,,Yes,Karachi,3031000.0,25,No Response,Not Scheduled,Low
Finance,Small,Good,Low,Yes,Multan,2658000.0,168,Neutral,Not Contacted,Low
Manufacturing,Small,Average,Low,Yes,Faisalabad,464000.0,77,Positive,Not Contacted,Low
Marketing,Large,Excellent,Low,Yes,Peshawar,544000.0,548,No Response,Not Scheduled,Medium
Manufacturing,Small,Average,Medium,Yes,Multan,1154000.0,39,Positive,Not Contacted,Medium
Education,Medium,Excellent,High,No,Faisalabad,4598000.0,76,Neutral,Scheduled,High
Education,Small,Excellent,Medium,No,Karachi,483000.0,12,Neutral,Scheduled,Medium
Manufacturing,Small,Average,Low,No,Lahore,1614000.0,186,No Response,Not Contacted,Low
Manufacturing,Medium,Average,Medium,Yes,Peshawar,1785000.0,126,No Response,Not Scheduled,Low
Technology,Medium,Average,High,No,Rawalpindi,5460000.0,47,No Response,Completed,Medium
Real Estate,Small,Excellent,Medium,Yes,Faisalabad,1339000.0,212,No Response,Not Scheduled,Low
Finance,Small,Average,Medium,Yes,Multan,1634000.0,453,Positive,Completed,High
Retail,Medium,Excellent,Low,Yes,Faisalabad,,96,Positive,Not Contacted,High
Finance,Small,Good,High,Yes,Islamabad,2335000.0,29,Positive,Not Scheduled,Medium
Finance,Medium,Good,Medium,Yes,Faisalabad,1265000.0,60,Neutral,Not Contacted,Low
Retail,Medium,Excellent,High,Yes,Lahore,516000.0,56,No Response,Not Scheduled,Medium
Technology,Medium,Excellent,High,Yes,Faisalabad,400000.0,86,Neutral,Not Scheduled,Medium
Manufacturing,Large,Good,Medium,Yes,Karachi,1062000.0,78,Positive,Scheduled,High
Finance,Small,Average,Low,Yes,Lahore,2409000.0,77,Positive,Scheduled,Medium
Retail,Small,Excellent,Low,Yes,Rawalpindi,421000.0,25,Neutral,Not Scheduled,Low
Marketing,Large,,Low,Yes,Multan,1272000.0,49,Positive,Completed,High
Manufacturing,Large,Poor,Medium,Yes,Karachi,367000.0,45,Positive,Not Scheduled,Medium
Real Estate,Small,Poor,High,Yes,Peshawar,2522000.0,215,Negative,Scheduled,Low
Finance,Medium,Good,High,Yes,Karachi,316000.0,58,Positive,Not Scheduled,High
Marketing,Medium,Excellent,Low,Yes,Faisalabad,1971000.0,51,Positive,Not Scheduled,High
Manufacturing,Small,Good,Medium,Yes,Karachi,521000.0,51,No Response,Not Scheduled,Low
Manufacturing,Large,Excellent,Low,Yes,Islamabad,8195000.0,83,No Response,Not Scheduled,Medium
Manufacturing,Small,Good,Low,Yes,Lahore,686000.0,50,Neutral,Completed,Medium
Finance,Medium,Excellent,High,Yes,Islamabad,1430000.0,49,Negative,Completed,High
Education,Small,Good,High,Yes,Peshawar,6790000.0,199,Negative,Scheduled,Medium
Finance,Small,Average,Low,Yes,Islamabad,3045000.0,29,Neutral,Scheduled,Low
Finance,Medium,Good,High,Yes,Faisalabad,509000.0,205,Positive,Completed,High
Healthcare,Small,Excellent,Low,Yes,Rawalpindi,1216000.0,84,,Not Contacted,Medium
Technology,Large,Excellent,Medium,Yes,Islamabad,3286000.0,201,Positive,Scheduled,High
Healthcare,Medium,Good,Medium,Yes,Lahore,1708000.0,134,Negative,Not Contacted,Low
Healthcare,Medium,Average,High,Yes,Islamabad,549000.0,172,Neutral,Completed,High
Technology,Medium,Poor,Low,Yes,Lahore,1346000.0,32,No Response,Scheduled,Low
Retail,Small,Average,High,Yes,Quetta,466000.0,50,Positive,Scheduled,High
Technology,Large,Good,Medium,No,Quetta,300000.0,14,Positive,Not Scheduled,Medium
Retail,Small,Average,Low,Yes,Islamabad,2297000.0,140,Negative,Scheduled,Low
Manufacturing,Small,Good,High,Yes,Peshawar,6964000.0,25,Neutral,Completed,High
Retail,Medium,Excellent,High,Yes,Karachi,1054000.0,121,Positive,Scheduled,High
Retail,Small,Average,Medium,Yes,Lahore,1832000.0,227,No Response,Completed,Medium
Retail,Medium,Good,Low,Yes,Faisalabad,345000.0,9,Positive,Completed,High
Real Estate,Small,Excellent,Medium,Yes,Faisalabad,4166000.0,100,Positive,Not Contacted,High
Marketing,Small,Good,Medium,Yes,Peshawar,550000.0,73,No Response,Scheduled,Low
Real Estate,Medium,Good,Medium,Yes,Rawalpindi,7478000.0,221,Neutral,Completed,High
Technology,Medium,Good,Medium,Yes,Rawalpindi,2898000.0,72,No Response,Not Scheduled,Medium
Manufacturing,Small,Average,High,Yes,Quetta,3178000.0,123,Positive,Not Scheduled,Medium
Retail,Small,Excellent,Low,Yes,Lahore,1975000.0,137,Positive,Not Contacted,Medium
Healthcare,Small,Average,Medium,Yes,Islamabad,472000.0,165,Positive,Not Contacted,Low
Healthcare,Small,Excellent,Low,Yes,Multan,5729000.0,20,Positive,Completed,High
Manufacturing,Medium,Good,Medium,Yes,Peshawar,306000.0,201,No Response,Not Scheduled,Low
Technology,Medium,Poor,High,Yes,Islamabad,1965000.0,135,Positive,Scheduled,High
Technology,Small,Good,Medium,Yes,Rawalpindi,914000.0,97,No Response,Not Scheduled,Low
Retail,Medium,Good,Medium,No,Peshawar,1376000.0,78,Positive,Not Scheduled,Medium
Technology,Medium,Excellent,Low,Yes,Quetta,663000.0,60,No Response,Not Scheduled,Low
Finance,Medium,Average,High,Yes,Peshawar,1138000.0,105,Neutral,Not Scheduled,Medium
Finance,Medium,Excellent,Medium,Yes,Karachi,745000.0,20,Negative,Scheduled,Medium
Marketing,Large,Poor,Medium,Yes,Karachi,930000.0,53,Negative,Scheduled,Medium
Finance,Medium,Good,Low,Yes,Karachi,460000.0,117,Positive,Completed,High
Technology,Small,Excellent,Medium,Yes,Lahore,436000.0,517,No Response,Not Contacted,Low
Education,Small,Excellent,Medium,Yes,Faisalabad,10771000.0,24,No Response,Not Scheduled,Medium
Manufacturing,Medium,Average,Low,Yes,Faisalabad,395000.0,11,Positive,Completed,High
Education,Small,Average,Low,Yes,Peshawar,2636000.0,80,Negative,Not Contacted,Low
Retail,Small,Good,Low,Yes,Faisalabad,903000.0,272,Neutral,Not Scheduled,Low
Healthcare,Medium,Poor,Medium,Yes,Islamabad,4978000.0,133,Negative,Scheduled,Low
Manufacturing,Medium,Good,High,Yes,Lahore,10553000.0,102,No Response,Not Scheduled,Medium
Healthcare,Large,Good,Low,Yes,Multan,2186000.0,67,Positive,Completed,High
Technology,Medium,Poor,High,Yes,Lahore,2306000.0,40,Positive,Not Scheduled,Medium
Finance,Small,Excellent,High,Yes,Peshawar,1354000.0,123,Negative,Scheduled,High
Education,Medium,Average,Low,Yes,Lahore,2543000.0,125,No Response,Not Contacted,Low
Education,Medium,Excellent,Medium,No,Lahore,1220000.0,423,Negative,Completed,Medium
Education,Small,Poor,High,Yes,Islamabad,547000.0,108,No Response,Not Scheduled,Low
Technology,Large,Average,Low,Yes,Rawalpindi,950000.0,44,No Response,Completed,Medium
Real Estate,Small,Good,High,Yes,Lahore,2000000.0,54,Negative,Scheduled,Medium
Healthcare,Small,Excellent,Medium,No,Multan,,73,No Response,Completed,Medium
Technology,Small,Excellent,Medium,Yes,Quetta,993000.0,28,Negative,Scheduled,Medium
Retail,Small,Poor,Medium,Yes,Multan,3067000.0,319,Neutral,Completed,Medium
Healthcare,Small,Good,High,Yes,Lahore,11172000.0,90,No Response,Scheduled,Medium
Retail,Medium,Good,Medium,Yes,Islamabad,1642000.0,111,No Response,Not Scheduled,Medium
Real Estate,Medium,Good,Medium,Yes,Karachi,3563000.0,37,Positive,Not Contacted,High
Marketing,Large,Excellent,Medium,Yes,Karachi,2826000.0,512,Positive,Not Contacted,High
Healthcare,Small,Average,Medium,Yes,Peshawar,7477000.0,120,Positive,Completed,High
Finance,Medium,Excellent,High,Yes,Lahore,3008000.0,74,No Response,Not Scheduled,High
Retail,Medium,Excellent,Medium,Yes,Multan,823000.0,39,Neutral,Scheduled,High
Education,Small,Excellent,Low,Yes,Multan,1068000.0,261,Negative,Not Contacted,Low
Marketing,Large,Poor,Medium,No,Islamabad,1429000.0,227,Positive,Scheduled,Medium
Healthcare,Medium,Average,Medium,Yes,Faisalabad,669000.0,121,No Response,Not Scheduled,Low
Real Estate,Medium,Excellent,Medium,Yes,Islamabad,1252000.0,43,Positive,Not Scheduled,High
Finance,Medium,Average,Low,No,Lahore,4808000.0,180,No Response,Not Contacted,Low
Manufacturing,Small,Good,Medium,No,Rawalpindi,1197000.0,135,Positive,Scheduled,Medium
Technology,Medium,Good,Low,No,Multan,874000.0,33,No Response,Completed,Low
Manufacturing,Medium,Average,Low,Yes,Peshawar,1358000.0,227,Neutral,Scheduled,Medium
Marketing,Small,Good,Medium,No,Rawalpindi,1308000.0,251,No Response,Completed,Low
Technology,Medium,Good,Low,Yes,Peshawar,379000.0,67,Positive,Completed,High
Finance,Large,Average,Low,Yes,Islamabad,4455000.0,47,Neutral,Completed,High
Marketing,Large,Poor,Medium,Yes,Quetta,3295000.0,182,Neutral,Not Contacted,Medium
Retail,Small,Poor,High,Yes,Faisalabad,4097000.0,26,Positive,Not Scheduled,Medium
Manufacturing,Small,Good,High,No,Rawalpindi,1815000.0,232,Neutral,Completed,Medium
Marketing,Medium,Good,Medium,Yes,Quetta,767000.0,170,,Not Scheduled,High
Technology,Large,,Low,Yes,Karachi,717000.0,89,Positive,Not Contacted,Medium
Retail,Large,Excellent,Medium,No,Quetta,2945000.0,150,Positive,Not Contacted,High
Finance,Small,Good,Medium,Yes,Lahore,16162000.0,67,Negative,Not Contacted,Low
Technology,Small,Excellent,Medium,Yes,Islamabad,898000.0,87,Neutral,Completed,High
Finance,Medium,Excellent,Low,Yes,Multan,2103000.0,114,Neutral,Not Scheduled,Medium
Real Estate,Large,Average,Low,No,Lahore,909000.0,309,No Response,Scheduled,Low
Real Estate,Small,Average,Medium,No,Peshawar,1100000.0,9,No Response,Completed,Low
Education,Small,Good,Medium,Yes,Karachi,2167000.0,66,Neutral,Not Contacted,Medium
Manufacturing,Small,,Medium,Yes,Faisalabad,410000.0,109,Positive,Not Scheduled,Medium
Education,Small,Poor,High,Yes,Islamabad,272000.0,120,Positive,Scheduled,Medium
Healthcare,Large,Poor,Low,Yes,Quetta,4106000.0,242,No Response,Completed,Medium
Real Estate,Small,Good,Medium,Yes,Multan,5632000.0,49,No Response,Not Contacted,Low
Manufacturing,Medium,Good,Low,Yes,Karachi,738000.0,731,Neutral,Not Scheduled,Medium
Retail,Medium,Average,Low,Yes,Multan,133000.0,102,Positive,Not Scheduled,Medium
Healthcare,Small,,Medium,No,Lahore,306000.0,58,Neutral,Not Scheduled,Low
Marketing,Medium,Good,Medium,Yes,Rawalpindi,1960000.0,99,Positive,Not Contacted,High
Retail,Small,Average,Low,Yes,Faisalabad,2191000.0,19,Positive,Completed,High
Manufacturing,Small,Good,Medium,Yes,Peshawar,1083000.0,67,Neutral,Not Contacted,Low
Manufacturing,Large,Average,Low,Yes,Faisalabad,1259000.0,46,No Response,Not Contacted,Low
Healthcare,Medium,Excellent,High,Yes,Islamabad,,138,Positive,Not Contacted,High
Technology,Medium,Excellent,Medium,Yes,Peshawar,5687000.0,16,Positive,Not Scheduled,High
Technology,Medium,Average,Low,Yes,Quetta,4368000.0,429,No Response,Completed,Medium
Finance,Small,Excellent,Medium,Yes,Islamabad,7540000.0,6,No Response,Scheduled,Medium
Healthcare,Small,Good,High,Yes,Karachi,896000.0,81,Positive,Not Scheduled,High
Retail,Small,Excellent,Medium,Yes,Rawalpindi,619000.0,109,Positive,Scheduled,High
Technology,Medium,Average,High,No,Karachi,6048000.0,260,Neutral,Not Contacted,Low
Retail,Large,Good,Medium,Yes,Peshawar,3702000.0,454,Neutral,Scheduled,High
Real Estate,Medium,Excellent,Low,Yes,Quetta,1793000.0,62,Neutral,Scheduled,Medium
Healthcare,Medium,Average,Medium,Yes,Faisalabad,1018000.0,148,Neutral,Not Scheduled,Low
Technology,Small,Good,Medium,Yes,Karachi,1131000.0,195,,Completed,High
Education,Small,Good,High,Yes,Rawalpindi,1101000.0,46,Positive,Scheduled,High
Education,Small,Average,Medium,No,Karachi,2387000.0,95,Negative,Not Scheduled,Low
Manufacturing,Medium,Average,Low,Yes,Islamabad,3319000.0,72,Positive,Not Scheduled,Medium
Healthcare,Large,Excellent,High,Yes,Faisalabad,1330000.0,25,Neutral,Completed,High
Manufacturing,Small,Good,Medium,No,Rawalpindi,1647000.0,156,Negative,Not Scheduled,Low
Real Estate,Large,Excellent,Medium,Yes,Lahore,3615000.0,212,Negative,Completed,High
Healthcare,Small,Poor,High,No,Peshawar,2877000.0,681,Positive,Completed,Medium
Education,Medium,Good,Medium,Yes,Peshawar,3503000.0,99,No Response,Scheduled,Medium
Retail,Medium,Poor,Medium,Yes,Multan,1194000.0,27,Positive,Not Contacted,Low
Marketing,Small,Average,Low,Yes,Faisalabad,1967000.0,387,Positive,Not Contacted,Low
Healthcare,Small,Average,Low,Yes,Multan,6272000.0,50,Negative,Not Scheduled,Low
Retail,Large,Good,Medium,Yes,Rawalpindi,1739000.0,249,Positive,Scheduled,High
Technology,Medium,Excellent,Medium,No,Faisalabad,1248000.0,69,No Response,Not Scheduled,Low
Finance,Medium,Good,Medium,Yes,Rawalpindi,965000.0,165,Positive,Not Contacted,High
Technology,Medium,Good,Medium,Yes,Lahore,1879000.0,52,Positive,Not Scheduled,High
Finance,Small,Average,Low,Yes,Rawalpindi,918000.0,90,No Response,Not Scheduled,Low
Technology,Medium,Good,,No,Multan,2924000.0,281,Neutral,Not Contacted,Low
Manufacturing,Medium,Good,Medium,No,Rawalpindi,3484000.0,49,Neutral,Completed,Medium
Technology,Small,Average,High,Yes,Quetta,1272000.0,118,Negative,Not Scheduled,Low
Healthcare,Medium,Excellent,Medium,Yes,Lahore,2863000.0,31,Neutral,Not Contacted,Low
Technology,Small,Good,Low,No,Multan,551000.0,180,Positive,Not Contacted,Low
Finance,Small,Good,Low,Yes,Islamabad,157000.0,102,No Response,Not Scheduled,Low
Education,Medium,Good,High,No,Karachi,1988000.0,102,No Response,Scheduled,Low
Healthcare,Medium,Poor,Medium,Yes,Multan,1253000.0,53,No Response,Scheduled,Low
Healthcare,Small,Good,High,Yes,Multan,1079000.0,81,Neutral,Not Contacted,Medium
Finance,Small,Good,Medium,Yes,Islamabad,897000.0,61,No Response,Scheduled,Medium
Technology,Small,Good,Low,Yes,Lahore,2441000.0,108,No Response,Scheduled,Low
Technology,Small,Good,Medium,Yes,Multan,1240000.0,109,No Response,Completed,Medium
Manufacturing,Medium,Average,Medium,Yes,Faisalabad,2845000.0,575,Positive,Scheduled,High
Manufacturing,Small,Average,Medium,Yes,Rawalpindi,1049000.0,26,Neutral,Completed,High
Real Estate,Medium,Good,High,Yes,Quetta,2714000.0,111,No Response,Scheduled,Medium
Technology,Medium,Poor,Low,No,Rawalpindi,5610000.0,89,Positive,Not Scheduled,Low
Marketing,Small,Average,High,Yes,Karachi,1676000.0,123,No Response,Completed,Medium
Retail,Small,Good,Medium,Yes,Karachi,777000.0,104,Positive,Scheduled,High
Technology,Large,Average,Low,Yes,Karachi,7565000.0,73,No Response,Completed,Medium
Real Estate,Small,Excellent,Low,Yes,Lahore,2470000.0,98,No Response,Not Scheduled,Low
Marketing,Medium,Average,High,Yes,Islamabad,1902000.0,133,Negative,Not Scheduled,Medium
Retail,Small,Average,Low,Yes,Multan,1527000.0,113,Neutral,Scheduled,Low
Technology,Small,Good,Medium,Yes,Islamabad,622000.0,67,No Response,Completed,Medium
Marketing,Medium,Excellent,Medium,Yes,Multan,3591000.0,206,Negative,Not Contacted,Medium
Technology,Small,Poor,Medium,Yes,Rawalpindi,10480000.0,47,No Response,Not Scheduled,Low
Retail,Small,Good,High,Yes,Islamabad,1132000.0,247,Positive,Completed,High
Education,Small,Poor,Low,Yes,Islamabad,5093000.0,221,Negative,Not Scheduled,Low
Manufacturing,Medium,Average,Medium,Yes,Faisalabad,1185000.0,352,Neutral,Completed,High
Marketing,Small,Good,Medium,Yes,Peshawar,258000.0,124,Neutral,Completed,High
Technology,Medium,Average,Medium,Yes,Karachi,814000.0,58,Neutral,Not Scheduled,Low
Healthcare,Large,Good,High,Yes,Peshawar,975000.0,58,Positive,Scheduled,High
Technology,Small,Poor,High,Yes,Faisalabad,14637000.0,147,No Response,Completed,Medium
Education,Small,Good,,Yes,Rawalpindi,3268000.0,96,No Response,Not Scheduled,Low
Technology,Small,Good,Medium,Yes,Lahore,965000.0,69,,Scheduled,Medium
Finance,Small,Average,Low,Yes,Lahore,1636000.0,199,Positive,Scheduled,High
Finance,Medium,Good,High,Yes,Karachi,13512000.0,61,Negative,Completed,High
Real Estate,Large,Excellent,High,Yes,Faisalabad,1228000.0,322,No Response,Not Contacted,High
Finance,Small,Good,Low,Yes,Islamabad,1844000.0,85,Positive,Completed,High
Healthcare,Medium,Poor,High,Yes,Karachi,786000.0,62,No Response,Scheduled,Medium
Healthcare,Small,Excellent,Low,Yes,Lahore,397000.0,33,Neutral,Not Scheduled,Low
Marketing,Large,Poor,High,Yes,Faisalabad,278000.0,52,Negative,Not Scheduled,Low
Real Estate,Large,Good,Low,No,Karachi,1748000.0,23,No Response,Completed,Low
Technology,Small,Average,High,Yes,Rawalpindi,1626000.0,5,Positive,Scheduled,High
Marketing,Small,Average,Medium,Yes,Faisalabad,559000.0,108,No Response,Scheduled,Medium
Finance,Large,Poor,Medium,Yes,Faisalabad,552000.0,82,No Response,Not Scheduled,Low
Retail,Large,Good,High,Yes,Multan,1085000.0,273,Positive,Not Scheduled,High
Manufacturing,Small,Good,Medium,No,Peshawar,1179000.0,162,Positive,Completed,Medium
Education,Medium,Poor,High,Yes,Rawalpindi,1465000.0,37,Neutral,Scheduled,Medium
Manufacturing,Small,Good,Medium,Yes,Faisalabad,4536000.0,67,No Response,Scheduled,Medium
Technology,Medium,Good,High,Yes,Islamabad,789000.0,38,Positive,Scheduled,High
Education,Small,Good,Medium,Yes,Lahore,5072000.0,188,Neutral,Scheduled,High
Retail,Medium,Good,Medium,Yes,Faisalabad,368000.0,186,Negative,Scheduled,Medium
Technology,Large,Excellent,Medium,Yes,Rawalpindi,1949000.0,226,Neutral,Not Scheduled,High
Technology,Medium,Good,Medium,Yes,Karachi,989000.0,42,No Response,Not Scheduled,Low
Education,Medium,Good,Low,Yes,Lahore,424000.0,271,Neutral,Not Contacted,Medium
Technology,Small,Excellent,High,Yes,Karachi,1641000.0,186,Neutral,Not Contacted,Medium
Real Estate,Small,Average,Medium,Yes,Rawalpindi,13384000.0,96,No Response,Not Contacted,Low
Retail,Large,Good,Medium,Yes,Karachi,2887000.0,232,No Response,Not Scheduled,Medium
Education,Medium,Average,Low,Yes,Multan,840000.0,102,Neutral,Completed,Medium
Real Estate,Medium,Good,Low,Yes,Rawalpindi,972000.0,67,Neutral,Completed,Medium
Retail,Small,Excellent,Medium,Yes,Faisalabad,605000.0,94,Negative,Scheduled,Medium
Healthcare,Medium,Poor,Medium,Yes,Faisalabad,1735000.0,206,Positive,Scheduled,High
Technology,Large,Good,Low,Yes,Quetta,2719000.0,685,Positive,Not Scheduled,High
Marketing,Small,Average,Medium,Yes,Lahore,2320000.0,159,No Response,Not Scheduled,Low
Manufacturing,Medium,Excellent,Low,Yes,Quetta,901000.0,115,Neutral,Scheduled,High
Education,Medium,Good,Medium,No,Faisalabad,2396000.0,96,Neutral,Not Scheduled,Low
Manufacturing,Medium,Average,Medium,Yes,Quetta,2204000.0,284,Positive,Not Scheduled,High
Marketing,Small,Good,High,Yes,Quetta,4186000.0,30,Negative,Scheduled,Medium
Manufacturing,Medium,Good,Low,No,Karachi,2443000.0,75,Positive,Completed,Medium
Retail,Small,Excellent,High,Yes,Islamabad,4491000.0,46,Positive,Completed,High
Technology,Small,Good,High,Yes,Quetta,790000.0,20,No Response,Completed,Medium
Healthcare,Small,Average,Low,No,Multan,1979000.0,154,Neutral,Completed,Low
Retail,Medium,Good,High,Yes,Faisalabad,720000.0,78,No Response,Not Scheduled,Medium
Retail,Small,Good,Medium,Yes,Faisalabad,1653000.0,11,Positive,Scheduled,Medium
Marketing,Large,Excellent,Medium,Yes,Peshawar,5022000.0,335,Neutral,Not Contacted,High
Retail,Small,Good,Medium,No,Islamabad,1163000.0,235,Neutral,Scheduled,Low
Retail,Large,Excellent,Medium,Yes,Lahore,1503000.0,217,No Response,Not Contacted,High
Finance,Large,Good,Medium,No,Peshawar,1073000.0,280,Positive,Not Scheduled,Medium
Retail,Large,Good,High,Yes,Quetta,916000.0,73,Positive,Not Scheduled,High
Technology,Medium,Good,Low,No,Karachi,2831000.0,20,Positive,Not Contacted,Low
Healthcare,Medium,Good,Medium,Yes,Lahore,316000.0,221,Positive,Not Scheduled,Medium
Technology,Large,Average,Medium,Yes,Karachi,1767000.0,226,Positive,Scheduled,High
Technology,Medium,Average,Medium,Yes,Islamabad,4417000.0,375,Positive,Scheduled,High
Retail,Medium,Excellent,Low,Yes,Quetta,2073000.0,372,No Response,Scheduled,Medium
Real Estate,Small,Average,Medium,Yes,Peshawar,459000.0,103,No Response,Scheduled,Low
Technology,Small,Poor,Medium,Yes,Multan,1886000.0,188,No Response,Completed,Low
Technology,Small,Good,Low,Yes,Quetta,15641000.0,323,Positive,Not Scheduled,Medium
Finance,Medium,Good,Low,No,Quetta,2301000.0,16,No Response,Scheduled,Low
Technology,Medium,Good,Low,Yes,Peshawar,4931000.0,206,Negative,Completed,Medium
Education,Small,Excellent,Low,No,Lahore,707000.0,84,Positive,Not Scheduled,Low
Education,Small,Average,Medium,No,Lahore,12753000.0,83,Positive,Not Scheduled,Low
Technology,Small,Excellent,Medium,No,Karachi,302000.0,40,Negative,Scheduled,Low
Education,Medium,Good,Medium,No,Peshawar,662000.0,150,Positive,Scheduled,High
Manufacturing,Medium,Average,Low,Yes,Faisalabad,2170000.0,190,Positive,Not Contacted,Low
Healthcare,Medium,Excellent,Low,Yes,Islamabad,1760000.0,204,Neutral,Not Scheduled,Medium
Technology,Medium,Good,Medium,Yes,Faisalabad,150000.0,192,Positive,Not Scheduled,High
Education,Small,Average,Medium,No,Multan,4681000.0,36,Neutral,Not Scheduled,Low
Finance,Medium,Good,Medium,Yes,Multan,1586000.0,114,No Response,Not Contacted,Medium
Finance,Small,Average,Medium,Yes,Faisalabad,3767000.0,148,Negative,Not Contacted,Low
Retail,Small,Average,Medium,Yes,Karachi,485000.0,36,Positive,Not Contacted,Low
Real Estate,Medium,Good,Low,Yes,Rawalpindi,705000.0,116,No Response,Not Contacted,Low
Education,Small,Poor,,Yes,Quetta,1298000.0,143,Positive,Not Scheduled,Medium
Finance,Small,Good,Low,No,Islamabad,1657000.0,135,Neutral,Scheduled,Low
Technology,Large,Good,Medium,No,Rawalpindi,707000.0,72,No Response,Completed,Medium
Technology,Medium,Good,Low,Yes,Karachi,1047000.0,224,Negative,Not Contacted,Low
Marketing,Medium,Good,Low,Yes,Karachi,1411000.0,362,Neutral,Not Contacted,Medium
Marketing,Small,Excellent,Medium,Yes,Lahore,179000.0,53,No Response,Not Contacted,Low
Manufacturing,Small,Excellent,Medium,Yes,Peshawar,4930000.0,16,Positive,Not Scheduled,High
Retail,Large,Excellent,High,Yes,Rawalpindi,1409000.0,23,No Response,Not Scheduled,Medium
Healthcare,Medium,Good,Medium,No,Multan,9664000.0,55,Positive,Scheduled,High
Technology,Small,Good,Medium,Yes,Lahore,3860000.0,21,No Response,Scheduled,Low
Education,Small,Good,Medium,No,Faisalabad,511000.0,146,No Response,Not Contacted,Low
Finance,Small,Average,Medium,Yes,Rawalpindi,851000.0,144,No Response,Not Scheduled,Low
Healthcare,Medium,Excellent,Medium,Yes,Faisalabad,1172000.0,114,Neutral,Not Contacted,Medium
Healthcare,Small,Average,Low,No,Multan,4264000.0,143,No Response,Not Contacted,Low
Marketing,Medium,Good,Low,No,Islamabad,1902000.0,464,Positive,Not Contacted,Low
Manufacturing,Small,Average,Medium,Yes,Peshawar,630000.0,246,No Response,Not Contacted,Low
Real Estate,Medium,Average,High,No,Rawalpindi,7767000.0,89,Neutral,Not Scheduled,Low
Technology,Medium,Excellent,High,Yes,Karachi,454000.0,98,No Response,Not Scheduled,High
Finance,Medium,Average,High,No,Rawalpindi,7564000.0,237,No Response,Not Contacted,Low
Technology,Medium,Good,High,Yes,Rawalpindi,649000.0,307,No Response,Scheduled,High
Manufacturing,Small,Poor,Medium,Yes,Multan,1714000.0,132,No Response,Not Scheduled,Low
Technology,Medium,Average,Medium,No,Multan,689000.0,47,No Response,Scheduled,Low
Real Estate,Medium,Poor,Medium,Yes,Karachi,527000.0,75,Neutral,Scheduled,Low
Healthcare,Medium,Excellent,High,No,Islamabad,1600000.0,64,No Response,Scheduled,Medium
Manufacturing,Small,,Medium,Yes,Peshawar,5933000.0,58,No Response,Not Scheduled,Low
Education,Medium,Average,Medium,Yes,Peshawar,1516000.0,74,,Not Scheduled,Low
Manufacturing,Large,Average,High,Yes,Islamabad,743000.0,57,No Response,Not Scheduled,Medium
Manufacturing,Medium,Good,Medium,Yes,Quetta,432000.0,84,Positive,Not Scheduled,Medium
Technology,Medium,Good,Medium,Yes,Islamabad,772000.0,62,Positive,Not Contacted,Medium
Manufacturing,Medium,Good,Low,Yes,Peshawar,207000.0,308,Negative,Completed,Medium
Marketing,Medium,Excellent,High,Yes,Islamabad,501000.0,91,No Response,Scheduled,High
Real Estate,Large,Average,Medium,No,Faisalabad,1086000.0,53,No Response,Completed,Low
Healthcare,Medium,Excellent,Low,Yes,Islamabad,8414000.0,564,Neutral,Scheduled,High
Finance,Small,Excellent,High,Yes,Islamabad,9039000.0,113,No Response,Not Contacted,Medium
Technology,Large,Good,High,No,Faisalabad,401000.0,39,Neutral,Not Contacted,Medium
Finance,Large,Good,Medium,No,Rawalpindi,1190000.0,34,No Response,Scheduled,Medium
Real Estate,Small,Good,Medium,Yes,Quetta,4124000.0,291,No Response,Scheduled,Medium
Healthcare,Small,Poor,Low,Yes,Peshawar,405000.0,383,Positive,Scheduled,Medium
Finance,Medium,Good,Low,Yes,Peshawar,1969000.0,50,No Response,Not Scheduled,Low
Marketing,Small,Excellent,High,Yes,Faisalabad,452000.0,101,No Response,Not Scheduled,Low
Finance,Large,Good,Medium,Yes,Faisalabad,2195000.0,23,Positive,Completed,High
Real Estate,Medium,Average,Medium,Yes,Quetta,2361000.0,332,Positive,Not Scheduled,Medium
Education,Small,Excellent,Medium,No,Peshawar,606000.0,70,Neutral,Not Scheduled,Low
Education,Medium,Excellent,Low,Yes,Lahore,660000.0,417,No Response,Not Scheduled,Medium
Education,Large,Good,Medium,Yes,Islamabad,5652000.0,79,No Response,Scheduled,High
Retail,Large,Excellent,High,Yes,Peshawar,1820000.0,109,No Response,Not Scheduled,High
Finance,Small,Average,Medium,Yes,Karachi,1091000.0,266,Positive,Scheduled,High
Healthcare,Large,Poor,Medium,No,Peshawar,577000.0,457,Positive,Completed,High
Marketing,Small,Good,Medium,Yes,Lahore,1374000.0,72,Negative,Completed,Medium
Finance,Small,Good,Medium,Yes,Karachi,5974000.0,25,No Response,Scheduled,Medium
Marketing,Medium,Poor,Low,Yes,Faisalabad,3127000.0,87,Neutral,Not Scheduled,Low
Education,Small,Good,Medium,Yes,Faisalabad,1585000.0,62,Negative,Completed,Medium
Technology,Medium,Poor,Medium,Yes,Karachi,967000.0,195,Positive,Not Scheduled,Medium
Education,Large,Good,High,Yes,Quetta,5034000.0,43,No Response,Completed,High
Technology,Medium,Excellent,Low,Yes,Islamabad,938000.0,81,Neutral,Scheduled,High
Real Estate,Medium,Good,Low,Yes,Lahore,10656000.0,138,Positive,Completed,High
Real Estate,Small,Good,Medium,Yes,Islamabad,5702000.0,71,Neutral,Not Contacted,Medium
Education,Small,Average,Medium,Yes,Islamabad,10564000.0,117,Positive,Not Contacted,Low
Finance,Small,Poor,Low,Yes,Islamabad,2441000.0,52,Positive,Not Scheduled,Low
Technology,Medium,Average,Low,Yes,Multan,925000.0,149,Positive,Completed,High
Technology,Medium,Good,Medium,Yes,Rawalpindi,2477000.0,87,Positive,Completed,High
Technology,Large,Average,Low,Yes,Faisalabad,889000.0,21,Positive,Scheduled,Medium
Healthcare,Small,Average,High,Yes,Peshawar,4073000.0,119,No Response,Not Contacted,Low
Education,Medium,Good,Medium,Yes,Faisalabad,1739000.0,39,Neutral,Not Contacted,Low
Real Estate,Medium,Excellent,Low,Yes,Islamabad,1047000.0,226,No Response,Not Contacted,Low
Retail,Medium,Poor,High,Yes,Karachi,1469000.0,318,No Response,Not Contacted,Low
Education,Small,Excellent,Medium,Yes,Peshawar,1304000.0,277,Neutral,Scheduled,High
Manufacturing,Small,Poor,High,Yes,Multan,523000.0,35,Negative,Not Scheduled,Low
Education,Medium,Average,Medium,Yes,Lahore,1885000.0,52,Negative,Not Scheduled,Low
Marketing,Small,Average,Medium,Yes,Faisalabad,1890000.0,137,Negative,Scheduled,Low
Healthcare,Small,Average,High,Yes,Lahore,655000.0,439,Neutral,Not Scheduled,Medium
Manufacturing,Medium,Good,Medium,Yes,Quetta,1711000.0,358,No Response,Not Contacted,Low
Education,Small,Good,Low,Yes,Faisalabad,7365000.0,273,No Response,Not Scheduled,Low
Technology,Medium,Excellent,Low,Yes,Islamabad,1913000.0,72,Positive,Completed,High
Marketing,Small,Average,Medium,Yes,Quetta,2546000.0,152,Positive,Not Contacted,Medium
Technology,Small,Good,High,Yes,Islamabad,668000.0,254,Positive,Scheduled,High
Technology,Medium,Average,High,Yes,Multan,1842000.0,531,Negative,Not Contacted,Medium
Technology,Small,Average,Medium,Yes,Peshawar,1927000.0,77,No Response,Not Contacted,Low
Marketing,Medium,Good,Medium,Yes,Quetta,2495000.0,36,Neutral,Not Contacted,Medium
Technology,Large,Average,Medium,Yes,Quetta,6646000.0,31,No Response,Not Contacted,Low
Retail,Medium,Good,High,Yes,Islamabad,2952000.0,142,Neutral,Scheduled,High
Finance,Medium,Poor,Medium,Yes,Rawalpindi,608000.0,211,Neutral,Not Contacted,Low
Education,Large,Average,High,Yes,Karachi,1284000.0,105,Positive,Scheduled,High
Finance,Small,Average,Medium,Yes,Quetta,2745000.0,103,No Response,Not Scheduled,Low
Real Estate,Large,Good,Medium,Yes,Rawalpindi,3599000.0,141,Positive,Scheduled,High
Technology,Large,Good,Low,Yes,Multan,582000.0,415,Neutral,Scheduled,High
Manufacturing,Small,Poor,Medium,Yes,Karachi,1417000.0,166,Positive,Scheduled,Medium
Education,Small,Average,Medium,Yes,Faisalabad,5639000.0,129,Neutral,Completed,High
Education,Medium,Good,Low,Yes,Multan,368000.0,41,No Response,Scheduled,Low
Retail,Small,Good,Medium,Yes,Karachi,9211000.0,110,No Response,Not Scheduled,Low
Technology,Medium,Good,,Yes,Rawalpindi,1995000.0,144,No Response,Scheduled,High
Retail,Small,Average,Low,No,Multan,7912000.0,206,Positive,Completed,Medium
Retail,Small,Excellent,High,Yes,Lahore,992000.0,108,Negative,Scheduled,Medium
Retail,Small,Poor,High,Yes,Multan,2493000.0,83,,Scheduled,Medium
Technology,Medium,Good,Medium,Yes,Lahore,531000.0,96,No Response,Not Scheduled,Low
Education,Large,Good,Medium,Yes,Quetta,2353000.0,55,Negative,Not Contacted,Medium
Marketing,Large,Good,Low,Yes,Quetta,6807000.0,74,Positive,Not Contacted,High
Marketing,Small,Poor,High,Yes,Lahore,10866000.0,397,Positive,Not Scheduled,Medium
Retail,Large,Average,Medium,Yes,Islamabad,854000.0,58,Positive,Scheduled,High
Marketing,Small,Poor,Medium,Yes,Faisalabad,815000.0,164,Neutral,Scheduled,Low
Finance,Small,Average,Medium,Yes,Multan,707000.0,44,Positive,Completed,High
Technology,Medium,Poor,High,No,Faisalabad,6425000.0,48,Negative,Scheduled,Low
Education,Small,Good,Medium,Yes,Rawalpindi,3867000.0,243,No Response,Not Scheduled,Low
Technology,Small,Average,Medium,Yes,Faisalabad,4100000.0,272,No Response,Not Contacted,Low
Manufacturing,Large,Average,Medium,Yes,Quetta,5450000.0,53,Neutral,Scheduled,High
Technology,Small,Good,Medium,Yes,Faisalabad,2775000.0,265,No Response,Not Scheduled,Low
Real Estate,Medium,Good,Low,Yes,Lahore,6043000.0,86,No Response,Not Contacted,Low
Retail,Small,Good,Low,Yes,Islamabad,3045000.0,184,Positive,Completed,High
Retail,Medium,Excellent,Medium,No,Karachi,119000.0,267,Positive,Not Scheduled,Medium
Healthcare,Medium,Excellent,Low,Yes,Rawalpindi,1586000.0,159,Positive,Completed,High
Manufacturing,Large,Excellent,Medium,Yes,Faisalabad,1053000.0,18,Positive,Not Contacted,High
Education,Medium,Good,Medium,Yes,Karachi,1744000.0,90,,Scheduled,Medium
Technology,Large,Good,Low,Yes,Quetta,509000.0,50,Positive,Not Scheduled,Medium
Manufacturing,Small,Excellent,Medium,Yes,Rawalpindi,586000.0,75,Positive,Scheduled,High
Technology,Large,Excellent,Medium,Yes,Multan,842000.0,79,Positive,Not Scheduled,High
Technology,Medium,Good,Low,No,Karachi,1634000.0,30,Positive,Not Scheduled,Low
Healthcare,Small,Excellent,Low,Yes,Rawalpindi,828000.0,41,Positive,Not Scheduled,Medium
Retail,Large,Average,Medium,No,Peshawar,785000.0,40,Neutral,Not Contacted,Low
Manufacturing,Small,Good,Medium,Yes,Rawalpindi,1765000.0,393,Positive,Not Contacted,Medium
Retail,Small,Good,Low,Yes,Quetta,,77,Negative,Not Contacted,Low
Technology,Large,Average,Medium,Yes,Peshawar,854000.0,80,No Response,Not Contacted,Low
Finance,Medium,Excellent,Low,Yes,Multan,712000.0,124,No Response,Scheduled,Medium
Real Estate,Large,,Medium,No,Lahore,947000.0,50,Positive,Not Scheduled,Medium
Healthcare,Medium,Excellent,Medium,Yes,Peshawar,5017000.0,67,Positive,Completed,High
Technology,Small,Good,Medium,Yes,Karachi,460000.0,197,Positive,Scheduled,High
Manufacturing,Medium,Good,Medium,Yes,Lahore,952000.0,89,Neutral,Not Contacted,Medium
Healthcare,Small,Average,Medium,Yes,Karachi,650000.0,54,No Response,Completed,Medium
Education,Small,Good,Medium,Yes,Multan,4755000.0,202,Neutral,Completed,High
Marketing,Large,Excellent,Medium,Yes,Quetta,2624000.0,303,Positive,Scheduled,High
Real Estate,Small,Average,Medium,Yes,Faisalabad,1005000.0,107,No Response,Not Scheduled,Low
Marketing,Small,Excellent,High,Yes,Islamabad,353000.0,64,No Response,Not Contacted,Medium
Technology,Small,Good,Medium,Yes,Faisalabad,3363000.0,94,Negative,Scheduled,Medium
Retail,Large,Good,Medium,Yes,Lahore,1405000.0,261,Negative,Scheduled,High
Retail,Large,Average,High,Yes,Rawalpindi,,41,Positive,Not Scheduled,High
Retail,Small,Good,High,Yes,Peshawar,930000.0,114,Neutral,Not Scheduled,Medium
Manufacturing,Medium,Average,Medium,Yes,Multan,8344000.0,107,Positive,Scheduled,High
Real Estate,Medium,Good,Medium,Yes,Islamabad,956000.0,303,No Response,Not Scheduled,Medium
Retail,Medium,Excellent,High,Yes,Rawalpindi,1957000.0,37,Neutral,Scheduled,High
Manufacturing,Small,Excellent,Medium,Yes,Karachi,,83,Positive,Not Scheduled,High
Real Estate,Small,Average,Medium,Yes,Karachi,1028000.0,45,No Response,Not Scheduled,Low
Healthcare,Large,Average,Low,Yes,Quetta,506000.0,76,Neutral,Not Scheduled,Low
Technology,Small,Excellent,High,Yes,Quetta,1305000.0,137,Negative,Completed,High
Healthcare,Medium,Average,High,Yes,Lahore,829000.0,196,No Response,Scheduled,Medium
Marketing,Medium,Good,Medium,Yes,Islamabad,804000.0,41,Positive,Not Contacted,Medium
Healthcare,Small,Average,Medium,Yes,Karachi,4224000.0,140,Negative,Completed,Medium
Retail,Small,Average,Low,No,Peshawar,1273000.0,167,Neutral,Not Scheduled,Low
Healthcare,Medium,Average,Medium,Yes,Lahore,1116000.0,278,Positive,Not Scheduled,High
Healthcare,Medium,Good,High,Yes,Islamabad,2496000.0,602,No Response,Not Scheduled,Medium
Finance,Small,Excellent,High,Yes,Multan,2194000.0,188,,Scheduled,High
Technology,Medium,Average,High,Yes,Peshawar,1156000.0,19,Neutral,Completed,High
Finance,Small,Good,Medium,Yes,Quetta,4374000.0,153,Neutral,Not Contacted,Low
Education,Small,Excellent,,Yes,Karachi,19944000.0,40,Positive,Completed,High
Technology,Small,Good,Low,Yes,Peshawar,2440000.0,48,Negative,Not Contacted,Low
Marketing,Small,Poor,High,Yes,Islamabad,1045000.0,57,Positive,Completed,High
Manufacturing,Medium,Average,High,Yes,Quetta,673000.0,35,Neutral,Completed,High
Education,Large,Good,Low,Yes,Peshawar,1025000.0,26,Positive,Scheduled,High
Education,Large,Poor,Low,Yes,Islamabad,262000.0,2772,No Response,Completed,Medium
Finance,Large,Excellent,Low,Yes,Islamabad,5888000.0,117,Negative,Scheduled,High
Marketing,Medium,Excellent,Low,Yes,Rawalpindi,1459000.0,214,Negative,Not Scheduled,Medium
Healthcare,Small,Average,Medium,Yes,Islamabad,1931000.0,10,No Response,Not Scheduled,Low
Education,Medium,Average,Medium,No,Rawalpindi,3091000.0,85,Positive,Scheduled,Medium
Real Estate,Large,Good,Low,No,Karachi,7090000.0,254,No Response,Not Contacted,Low
Manufacturing,Small,Good,High,Yes,Islamabad,3213000.0,468,Positive,Completed,High
Retail,Small,Poor,Medium,No,Quetta,5135000.0,83,Positive,Not Scheduled,Low
Technology,Large,Excellent,Low,Yes,Islamabad,3136000.0,81,No Response,Scheduled,High
Technology,Small,Average,Low,Yes,Rawalpindi,1257000.0,111,No Response,Completed,Low
Manufacturing,Small,Good,Low,No,Rawalpindi,913000.0,81,No Response,Not Scheduled,Low
Real Estate,Small,Excellent,Medium,Yes,Lahore,445000.0,272,Negative,Not Contacted,Low
Manufacturing,Small,Good,Medium,Yes,Lahore,239000.0,110,Negative,Not Scheduled,Low
Finance,Medium,Excellent,High,Yes,Lahore,5667000.0,27,Positive,Scheduled,High
Education,Small,Excellent,Medium,Yes,Islamabad,2230000.0,164,No Response,Scheduled,Medium
Finance,Small,Average,High,Yes,Islamabad,1312000.0,63,Positive,Not Contacted,Medium
Finance,Small,Excellent,Low,Yes,Faisalabad,593000.0,94,Positive,Not Scheduled,Medium
Education,Medium,Good,Low,Yes,Rawalpindi,2927000.0,133,Positive,Not Scheduled,Medium
Healthcare,Small,Average,Medium,Yes,Faisalabad,7296000.0,413,Neutral,Scheduled,Medium
Real Estate,Small,Excellent,High,Yes,Lahore,3193000.0,83,Positive,Completed,High
Manufacturing,Small,Average,Medium,Yes,Rawalpindi,3720000.0,88,Positive,Scheduled,High
Manufacturing,Small,Good,Medium,Yes,Karachi,75000.0,10,No Response,Scheduled,Low
Manufacturing,Medium,Excellent,High,No,Lahore,1314000.0,113,Neutral,Not Contacted,Medium
Finance,Small,Good,Medium,Yes,Faisalabad,4104000.0,129,Positive,Not Scheduled,High
Education,Medium,Average,Medium,No,Rawalpindi,3042000.0,78,Negative,Scheduled,Low
Technology,Medium,Excellent,Low,Yes,Lahore,1451000.0,174,Negative,Scheduled,Medium
Real Estate,Large,Average,Medium,No,Rawalpindi,1048000.0,80,Positive,Scheduled,Medium
Finance,Medium,Good,High,Yes,Peshawar,896000.0,196,Positive,Completed,High
Manufacturing,Large,Poor,,Yes,Karachi,2749000.0,115,Positive,Not Scheduled,Medium
Finance,Small,Average,Medium,Yes,Faisalabad,5008000.0,270,Positive,Completed,High
Healthcare,Small,Good,Low,Yes,Multan,2554000.0,53,Negative,Completed,Medium
Healthcare,Small,Average,Medium,Yes,Karachi,4142000.0,184,No Response,Not Contacted,Low
Healthcare,Medium,Excellent,Medium,Yes,Lahore,7762000.0,634,No Response,Not Contacted,Medium
Technology,Large,Excellent,Low,Yes,Quetta,464000.0,69,Positive,Scheduled,High
Technology,Medium,Good,Medium,No,Lahore,879000.0,87,No Response,Not Scheduled,Low
Technology,Small,Average,High,Yes,Islamabad,2095000.0,84,No Response,Scheduled,Low
Marketing,Small,Good,Medium,Yes,Quetta,1094000.0,148,No Response,Not Scheduled,Low
Healthcare,Medium,Average,High,Yes,Quetta,4566000.0,423,No Response,Scheduled,Medium
Manufacturing,Small,Good,Medium,Yes,Islamabad,2051000.0,92,Negative,Completed,Medium
Healthcare,Medium,Average,Medium,Yes,Karachi,460000.0,54,Positive,Scheduled,High
Technology,Small,Good,High,No,Rawalpindi,257000.0,15,Positive,Scheduled,Medium
Finance,Small,Good,High,Yes,Islamabad,3216000.0,500,Negative,Completed,High
Manufacturing,Large,Good,Low,No,Karachi,1488000.0,244,Positive,Not Scheduled,Low
Finance,Small,Good,Low,Yes,Peshawar,12577000.0,127,Negative,Not Scheduled,Low
Finance,Small,Excellent,Medium,Yes,Lahore,376000.0,44,No Response,Not Scheduled,Low
Marketing,Small,Good,Medium,Yes,Karachi,318000.0,81,Positive,Completed,High
Retail,Small,Excellent,High,Yes,Lahore,174000.0,59,No Response,Not Scheduled,Low
Technology,Small,Poor,Medium,No,Faisalabad,2009000.0,314,Negative,Scheduled,Low
Retail,Medium,Average,High,Yes,Multan,1367000.0,143,Neutral,Scheduled,High
Education,Large,Good,Low,Yes,Peshawar,1632000.0,93,No Response,Scheduled,Medium
Retail,Large,Good,High,Yes,Islamabad,561000.0,25,Positive,Not Scheduled,High
Finance,Medium,Good,High,Yes,Karachi,1250000.0,35,No Response,Not Contacted,Medium
Technology,Large,Average,Medium,Yes,Peshawar,4134000.0,83,No Response,Scheduled,Medium
Manufacturing,Small,Excellent,Low,Yes,Multan,424000.0,17,Neutral,Scheduled,Low
Technology,Medium,Average,High,Yes,Karachi,1469000.0,142,Positive,Not Scheduled,High
Education,Small,Average,Low,No,Islamabad,856000.0,209,Neutral,Scheduled,Low
Finance,Small,Average,Low,Yes,Islamabad,347000.0,450,Negative,Scheduled,Low
Education,Medium,Good,Low,Yes,Islamabad,3274000.0,173,Positive,Completed,High
Education,Medium,Good,Medium,Yes,Karachi,976000.0,99,Positive,Not Scheduled,High
Education,Small,Excellent,Low,Yes,Karachi,960000.0,193,Neutral,Not Scheduled,Medium
Finance,Large,Good,Medium,Yes,Peshawar,2522000.0,278,Negative,Completed,High
Healthcare,Medium,Excellent,Low,Yes,Karachi,6639000.0,627,Neutral,Not Scheduled,Medium
Manufacturing,Small,Average,High,No,Islamabad,3274000.0,180,Negative,Scheduled,Low
Marketing,Medium,Good,Medium,Yes,Islamabad,3521000.0,90,No Response,Not Scheduled,Medium
Manufacturing,Small,Average,Medium,Yes,Islamabad,17182000.0,153,Neutral,Not Scheduled,Medium
Finance,Large,Excellent,Medium,Yes,Rawalpindi,4793000.0,24,Positive,Scheduled,High
Retail,Small,Average,Medium,Yes,Peshawar,1116000.0,511,Neutral,Completed,High
Manufacturing,Small,Good,Medium,No,Faisalabad,2714000.0,69,Positive,Scheduled,Medium
Manufacturing,Small,Good,Medium,Yes,Islamabad,409000.0,123,Positive,Not Scheduled,Medium
Healthcare,Small,Poor,Low,No,Islamabad,375000.0,309,Negative,Not Scheduled,Low
Healthcare,Large,Poor,High,Yes,Multan,1847000.0,186,No Response,Completed,High
Finance,Small,Good,Medium,Yes,Islamabad,654000.0,37,No Response,Scheduled,Low
Finance,Small,Average,High,Yes,Karachi,1671000.0,67,Neutral,Completed,High
Finance,Small,Average,Medium,Yes,Multan,3481000.0,78,Neutral,Not Contacted,Low
Education,Medium,Good,High,Yes,Rawalpindi,922000.0,26,Neutral,Completed,High
Manufacturing,Medium,Poor,High,Yes,Karachi,201000.0,46,Negative,Not Scheduled,Low
Healthcare,Small,Good,High,Yes,Multan,1021000.0,162,Positive,Completed,High
Retail,Large,Good,Medium,Yes,Karachi,2198000.0,70,Positive,Scheduled,High
Finance,Small,Good,Medium,No,Karachi,973000.0,33,No Response,Scheduled,Low
Technology,Small,Poor,Low,Yes,Quetta,9149000.0,53,Neutral,Not Scheduled,Low
Retail,Medium,Good,High,Yes,Rawalpindi,2540000.0,102,Neutral,Completed,High
Technology,Medium,Excellent,Medium,Yes,Faisalabad,1854000.0,192,Positive,Completed,High
Education,Large,Good,Medium,Yes,Peshawar,1439000.0,61,Positive,Scheduled,High
Healthcare,Small,Poor,Medium,Yes,Rawalpindi,464000.0,140,Negative,Not Scheduled,Low
Retail,Small,Good,Medium,Yes,Quetta,3125000.0,101,No Response,Not Contacted,Low
Retail,Medium,Average,Medium,Yes,Rawalpindi,1791000.0,346,Positive,Not Scheduled,High
Education,Medium,Poor,Medium,Yes,Peshawar,506000.0,200,Negative,Completed,Low
Real Estate,Medium,Average,Medium,Yes,Islamabad,2271000.0,244,Positive,Not Scheduled,High
Education,Medium,Good,Medium,Yes,Faisalabad,3979000.0,199,No Response,Not Contacted,Medium
Marketing,Medium,Excellent,High,Yes,Lahore,4041000.0,268,Positive,Not Scheduled,High
Healthcare,Small,Poor,,Yes,Faisalabad,3404000.0,42,Positive,Scheduled,Medium
Technology,Small,Average,Medium,Yes,Rawalpindi,3793000.0,55,No Response,Not Scheduled,Low
Real Estate,Small,Good,Medium,Yes,Faisalabad,1889000.0,85,Negative,Scheduled,Low
Marketing,Medium,Average,Medium,Yes,Karachi,726000.0,72,Positive,Scheduled,High
Healthcare,Small,Excellent,Medium,Yes,Karachi,690000.0,13,No Response,Completed,Medium
Finance,Small,Average,High,Yes,Karachi,164000.0,66,No Response,Not Scheduled,Low
Technology,Small,Good,Low,Yes,Faisalabad,814000.0,66,,Not Scheduled,Low
Healthcare,Small,Good,Medium,Yes,Rawalpindi,1218000.0,55,Neutral,Not Contacted,Low
Technology,Medium,Good,Medium,Yes,Faisalabad,1512000.0,47,No Response,Not Scheduled,Low
Education,Medium,Good,High,Yes,Faisalabad,3883000.0,26,Neutral,Not Scheduled,High
Real Estate,Small,Average,High,Yes,Faisalabad,502000.0,185,Positive,Scheduled,High
Technology,Medium,Average,Medium,Yes,Karachi,3226000.0,158,Positive,Not Contacted,Medium
Finance,Medium,Average,,No,Rawalpindi,2460000.0,45,Positive,Scheduled,Medium
Healthcare,Small,Good,Medium,Yes,Peshawar,1032000.0,27,Positive,Not Scheduled,Medium
Technology,Medium,Excellent,Medium,Yes,Faisalabad,31304000.0,33,Positive,Not Scheduled,High
Technology,Small,Average,Medium,No,Lahore,779000.0,80,No Response,Scheduled,Low
Healthcare,Small,Good,High,Yes,Peshawar,1536000.0,37,Neutral,Scheduled,High
Technology,Small,Poor,Medium,Yes,Faisalabad,2067000.0,51,Neutral,Scheduled,Low
Finance,Medium,Excellent,Low,Yes,Quetta,1397000.0,277,No Response,Not Scheduled,Low
Healthcare,Small,Good,,Yes,Islamabad,660000.0,70,No Response,Not Contacted,Low
Technology,Small,Excellent,Low,Yes,Rawalpindi,943000.0,133,No Response,Scheduled,Low
Finance,Small,Excellent,High,Yes,Rawalpindi,510000.0,317,,Not Scheduled,Medium
Healthcare,Small,Excellent,Low,Yes,Multan,3289000.0,139,No Response,Not Scheduled,Low
Education,Small,Good,High,Yes,Rawalpindi,448000.0,181,No Response,Completed,Medium
Education,Small,Average,High,Yes,Multan,598000.0,768,Neutral,Completed,High
Marketing,Large,Excellent,High,Yes,Rawalpindi,1241000.0,220,Positive,Not Scheduled,High
Education,Small,Average,Medium,Yes,Karachi,2015000.0,179,Neutral,Not Scheduled,Low
Healthcare,Medium,Average,Medium,No,Karachi,2168000.0,29,Negative,Not Scheduled,Low
Technology,Small,Average,Medium,Yes,Faisalabad,1936000.0,293,Neutral,Completed,Medium
Marketing,Large,Excellent,Medium,Yes,Quetta,7188000.0,43,Neutral,Scheduled,High
Manufacturing,Medium,Average,Medium,Yes,Karachi,1118000.0,122,Positive,Completed,High
Healthcare,Medium,Excellent,Medium,No,Multan,2295000.0,148,Negative,Not Scheduled,Low
Manufacturing,Medium,Good,Medium,Yes,Multan,1057000.0,77,Neutral,Completed,High
Healthcare,Medium,Good,High,Yes,Multan,504000.0,325,No Response,Not Scheduled,Medium
Retail,Small,Average,Medium,Yes,Islamabad,2134000.0,263,Neutral,Scheduled,Medium
Retail,Large,Good,Low,Yes,Faisalabad,411000.0,131,Negative,Not Contacted,Low
Real Estate,Large,Poor,Medium,Yes,Islamabad,299000.0,168,Positive,Not Scheduled,Medium
Real Estate,Small,Excellent,Medium,Yes,Rawalpindi,445000.0,41,Neutral,Completed,High
Technology,Small,Excellent,Low,No,Faisalabad,3436000.0,73,Neutral,Completed,Medium
Manufacturing,Small,Good,High,Yes,Lahore,2772000.0,12,Positive,Not Scheduled,Medium
Healthcare,Medium,Poor,Medium,Yes,Karachi,3907000.0,85,Negative,Not Contacted,Low
Technology,Small,Average,Medium,Yes,Quetta,6795000.0,56,Neutral,Completed,Medium
Education,Medium,Good,Low,Yes,Multan,517000.0,809,,Not Contacted,Medium
Retail,Medium,Excellent,High,Yes,Faisalabad,972000.0,117,Negative,Not Scheduled,Medium
Finance,Small,Excellent,Medium,No,Multan,1471000.0,73,Neutral,Not Scheduled,Low
Retail,Small,Excellent,Low,Yes,Peshawar,3815000.0,72,Neutral,Scheduled,Medium
Education,Small,Average,High,Yes,Faisalabad,814000.0,375,Positive,Completed,High
Real Estate,Small,Average,Medium,Yes,Peshawar,488000.0,235,No Response,Completed,Medium
Real Estate,Large,Excellent,Medium,Yes,Rawalpindi,2213000.0,285,Positive,Completed,High
Technology,Small,Average,Low,Yes,Karachi,824000.0,51,No Response,Completed,Low
Healthcare,Large,Excellent,Medium,Yes,Lahore,4348000.0,300,No Response,Scheduled,High
Finance,Small,Good,Low,Yes,Islamabad,515000.0,176,Positive,Scheduled,High
Manufacturing,Small,Good,High,No,Karachi,1901000.0,59,No Response,Completed,Medium
Marketing,Small,Good,Medium,Yes,Faisalabad,866000.0,128,Positive,Scheduled,High
Finance,Medium,Average,High,Yes,Faisalabad,7338000.0,43,Positive,Not Contacted,High
Healthcare,Medium,Good,High,Yes,Karachi,3652000.0,136,Positive,Scheduled,High
Technology,Large,Excellent,Medium,Yes,Multan,1551000.0,92,No Response,Not Scheduled,Medium
Manufacturing,Small,Excellent,High,Yes,Lahore,312000.0,8,Positive,Scheduled,High
Education,Small,Average,Medium,Yes,Islamabad,881000.0,102,Negative,Not Contacted,Low
Manufacturing,Medium,Poor,Medium,Yes,Multan,1347000.0,768,Negative,Not Contacted,Low
Finance,Large,Good,Medium,Yes,Rawalpindi,2716000.0,53,No Response,Completed,High
Finance,Large,Average,Low,Yes,Islamabad,5783000.0,100,Positive,Not Scheduled,Medium
Healthcare,Medium,Poor,Low,Yes,Faisalabad,11367000.0,41,,Completed,High
Technology,Large,Excellent,Medium,Yes,Peshawar,6722000.0,271,Negative,Scheduled,High
Healthcare,Small,Excellent,High,Yes,Peshawar,890000.0,210,No Response,Not Scheduled,Medium
Education,Small,Average,High,Yes,Quetta,633000.0,101,No Response,Completed,Medium
Manufacturing,Small,Average,Medium,Yes,Rawalpindi,1009000.0,164,Neutral,Not Contacted,Low
Marketing,Large,Average,Medium,Yes,Faisalabad,694000.0,234,Neutral,Scheduled,High
Manufacturing,Small,Good,Medium,No,Quetta,858000.0,332,Neutral,Not Contacted,Low
Education,Large,Good,High,No,Multan,2069000.0,143,Positive,Scheduled,High
Technology,Large,Good,Medium,Yes,Peshawar,1172000.0,320,Negative,Scheduled,High
Technology,Small,Excellent,Medium,Yes,Islamabad,5570000.0,59,No Response,Completed,High
Technology,Small,Good,Medium,Yes,Faisalabad,811000.0,601,Positive,Not Contacted,Medium
Manufacturing,Small,Excellent,Medium,Yes,Islamabad,1035000.0,231,No Response,Scheduled,Medium
Education,Large,Average,Low,No,Faisalabad,183000.0,137,Neutral,Completed,Medium
Finance,Small,Average,Medium,No,Karachi,338000.0,855,No Response,Not Scheduled,Low
Marketing,Medium,Excellent,Low,Yes,Multan,1122000.0,163,Positive,Scheduled,High
Finance,Small,Good,High,Yes,Lahore,1205000.0,108,Neutral,Not Scheduled,Medium
Manufacturing,Large,Excellent,Medium,Yes,Multan,4414000.0,74,Positive,Not Contacted,High
Marketing,Medium,Poor,Medium,No,Lahore,2027000.0,195,Negative,Scheduled,Low
Retail,Small,Excellent,High,Yes,Rawalpindi,719000.0,1716,Positive,Not Scheduled,High
Marketing,Medium,Excellent,,Yes,Multan,2665000.0,320,No Response,Scheduled,High
Education,Medium,Average,Medium,Yes,Faisalabad,1743000.0,74,Positive,Not Contacted,Medium
Technology,Small,Good,Low,Yes,Multan,2476000.0,212,No Response,Not Contacted,Low
Finance,Small,Average,Medium,Yes,Islamabad,104000.0,157,Positive,Not Scheduled,Medium
Finance,Small,Poor,Low,Yes,Lahore,2533000.0,316,No Response,Scheduled,Low
Manufacturing,Small,Average,High,Yes,Multan,2537000.0,107,No Response,Scheduled,Medium
Finance,Large,Good,High,Yes,Multan,1621000.0,69,Neutral,Scheduled,High
Retail,Medium,Poor,Medium,No,Karachi,612000.0,7,No Response,Scheduled,Low
Manufacturing,Small,Good,Low,Yes,Peshawar,555000.0,130,Neutral,Scheduled,Low
Healthcare,Medium,Good,High,Yes,Multan,710000.0,220,Neutral,Scheduled,High
Healthcare,Medium,Good,Medium,Yes,Lahore,3762000.0,234,Positive,Scheduled,High
Real Estate,Large,Good,Medium,Yes,Rawalpindi,1752000.0,66,Negative,Scheduled,High
Finance,Medium,Average,Low,Yes,Karachi,1029000.0,45,Neutral,Completed,Low
Healthcare,Medium,Excellent,Medium,Yes,Karachi,1287000.0,55,Positive,Not Contacted,High
Retail,Large,Average,High,No,Lahore,2262000.0,177,Positive,Scheduled,High
Finance,Medium,Good,Medium,Yes,Peshawar,377000.0,32,Positive,Scheduled,High
Technology,Medium,Average,Medium,Yes,Multan,3928000.0,47,No Response,Not Scheduled,Low
Finance,Medium,Average,High,Yes,Islamabad,1329000.0,13,Neutral,Scheduled,Medium
Marketing,Large,Good,Medium,Yes,Multan,2549000.0,12,No Response,Completed,Medium
Technology,Small,Good,Medium,Yes,Quetta,2321000.0,165,Negative,Not Scheduled,Medium
Real Estate,Small,Excellent,High,Yes,Multan,3582000.0,261,Positive,Scheduled,High
Technology,Small,Average,Medium,Yes,Karachi,953000.0,24,Neutral,Scheduled,Low
Marketing,Small,Good,Medium,Yes,Islamabad,820000.0,94,Positive,Scheduled,High
Education,Small,Good,Medium,No,Rawalpindi,462000.0,140,Neutral,Not Scheduled,Low
Manufacturing,Small,Good,Medium,No,Multan,299000.0,311,Positive,Not Scheduled,Low
Marketing,Small,Average,Medium,Yes,Rawalpindi,2530000.0,66,Positive,Not Scheduled,Medium
Healthcare,Small,Average,Low,Yes,Multan,382000.0,72,Positive,Not Contacted,Low
Retail,Medium,Poor,Medium,Yes,Quetta,1572000.0,23,Positive,Not Contacted,Low
Retail,Small,Good,Medium,Yes,Islamabad,1404000.0,40,No Response,Not Scheduled,Low
Technology,Small,Poor,Low,Yes,Karachi,609000.0,40,Neutral,Scheduled,Low
Manufacturing,Large,Average,Medium,Yes,Karachi,535000.0,164,Negative,Not Contacted,Low
Marketing,Large,Good,Medium,No,Faisalabad,5341000.0,146,No Response,Scheduled,Medium
Technology,Large,Good,Low,Yes,Karachi,3467000.0,564,Negative,Completed,High
Finance,Medium,Poor,Low,Yes,Faisalabad,3997000.0,130,Positive,Not Scheduled,Low
Education,Medium,Excellent,Medium,Yes,Rawalpindi,382000.0,272,Neutral,Scheduled,High
Manufacturing,Small,Excellent,High,Yes,Karachi,1243000.0,53,Positive,Scheduled,High
Marketing,Small,Good,Medium,Yes,Lahore,233000.0,88,,Not Scheduled,Low
Retail,Medium,Good,Medium,Yes,Lahore,5398000.0,44,No Response,Not Contacted,Medium
Healthcare,Small,Excellent,Medium,Yes,Karachi,2030000.0,256,Neutral,Scheduled,High
Healthcare,Large,Good,Low,Yes,Lahore,835000.0,304,No Response,Scheduled,High
Marketing,Small,Good,Low,No,Karachi,334000.0,630,Positive,Completed,Medium
Technology,Small,Good,Medium,Yes,Peshawar,745000.0,58,Positive,Not Scheduled,Medium
Retail,Large,Good,High,Yes,Quetta,2149000.0,226,Neutral,Scheduled,High
Technology,Medium,Poor,High,Yes,Multan,338000.0,49,Positive,Scheduled,Medium
Technology,Small,Average,Low,Yes,Faisalabad,863000.0,186,Negative,Not Contacted,Low
Finance,Small,Good,Low,Yes,Islamabad,2136000.0,57,Positive,Not Scheduled,Medium
Marketing,Medium,Average,Medium,Yes,Karachi,1500000.0,87,No Response,Not Contacted,Low
Healthcare,Small,Poor,Low,Yes,Islamabad,706000.0,208,Positive,Scheduled,Medium
Technology,Medium,Excellent,Medium,Yes,Quetta,1130000.0,62,Neutral,Scheduled,High
Technology,Medium,Good,Medium,Yes,Faisalabad,1014000.0,188,Negative,Scheduled,Medium
Finance,Medium,Average,Medium,Yes,Faisalabad,1843000.0,52,Neutral,Completed,High
Technology,Small,Good,Medium,Yes,Peshawar,493000.0,59,Positive,Completed,High
Finance,Small,Average,High,Yes,Faisalabad,2123000.0,137,Positive,Completed,High
Education,Large,Good,Medium,Yes,Lahore,1602000.0,340,Positive,Not Contacted,High
Retail,Small,Average,Medium,No,Peshawar,1041000.0,233,Positive,Scheduled,Medium
Manufacturing,Small,Good,Medium,Yes,Karachi,173000.0,155,No Response,Not Contacted,Low
Real Estate,Medium,Average,,Yes,Multan,278000.0,12,Positive,Not Scheduled,Medium
Finance,Large,Average,Medium,Yes,Karachi,1497000.0,459,Neutral,Completed,High
Manufacturing,Large,Poor,Medium,Yes,Faisalabad,2669000.0,480,Negative,Not Contacted,Low
Technology,Small,Excellent,Medium,No,Multan,1773000.0,353,Neutral,Scheduled,Medium
Manufacturing,Large,Good,Medium,No,Islamabad,305000.0,80,Neutral,Completed,Medium
Education,Large,Poor,Medium,Yes,Rawalpindi,3231000.0,47,Negative,Completed,Medium
Finance,Small,Average,Medium,Yes,Faisalabad,1772000.0,73,Negative,Completed,Low
Retail,Small,Average,Medium,Yes,Quetta,4659000.0,153,Negative,Completed,Medium
Finance,Large,Average,High,Yes,Multan,3215000.0,20,No Response,Not Contacted,Medium
Healthcare,Small,Good,Medium,No,Karachi,2710000.0,41,No Response,Scheduled,Low
Marketing,Medium,Excellent,Medium,Yes,Multan,1295000.0,124,Neutral,Scheduled,High
Technology,Small,Good,Low,Yes,Faisalabad,2285000.0,205,Negative,Scheduled,Medium
Manufacturing,Small,Poor,Low,Yes,Peshawar,1200000.0,113,Negative,Scheduled,Low
Healthcare,Small,Good,Low,Yes,Multan,1523000.0,195,Negative,Not Scheduled,Low
Healthcare,Small,Average,Medium,Yes,Peshawar,1096000.0,48,No Response,Completed,Medium
Education,Medium,Average,Medium,Yes,Faisalabad,,427,Neutral,Completed,Medium
Finance,Medium,Good,High,No,Islamabad,5062000.0,191,Positive,Scheduled,High
Real Estate,Small,Excellent,High,Yes,Lahore,917000.0,308,No Response,Completed,High
Healthcare,Large,Good,Low,Yes,Lahore,223000.0,19,Positive,Not Scheduled,Medium
Education,Medium,Good,Medium,Yes,Peshawar,253000.0,105,No Response,Scheduled,Medium
Technology,Small,Average,Low,Yes,Rawalpindi,517000.0,225,Positive,Not Contacted,Low
Finance,Medium,Excellent,Medium,Yes,Quetta,783000.0,72,Neutral,Scheduled,Medium
Manufacturing,Medium,Average,Low,No,Quetta,1331000.0,38,No Response,Not Scheduled,Low
Technology,Small,Poor,Medium,Yes,Faisalabad,541000.0,217,Positive,Completed,Medium
Healthcare,Medium,Excellent,,No,Lahore,335000.0,42,Positive,Not Scheduled,Medium
Retail,Small,Average,Medium,Yes,Peshawar,,264,Positive,Scheduled,High
Technology,Small,Average,Medium,Yes,Islamabad,922000.0,118,No Response,Not Contacted,Low
Education,Medium,Good,Low,Yes,Faisalabad,1536000.0,28,No Response,Completed,Medium
Real Estate,Large,Average,Low,Yes,Karachi,666000.0,66,No Response,Not Scheduled,Low
Manufacturing,Medium,Average,Low,Yes,Rawalpindi,2025000.0,133,No Response,Not Contacted,Low
Manufacturing,Medium,Average,Low,Yes,Peshawar,1126000.0,65,Positive,Not Scheduled,Medium
Real Estate,Medium,Average,Medium,No,Rawalpindi,,143,Neutral,Not Scheduled,Low
Technology,Small,Average,Medium,Yes,Lahore,1663000.0,58,Positive,Not Scheduled,Medium
Marketing,Medium,Good,Medium,Yes,Lahore,483000.0,446,Neutral,Scheduled,High
Education,Medium,Good,Medium,No,Karachi,13216000.0,59,Neutral,Not Scheduled,Low
Technology,Small,Good,Low,Yes,Peshawar,3502000.0,276,Positive,Not Scheduled,Medium
Technology,Small,Excellent,Low,Yes,Karachi,454000.0,95,Neutral,Scheduled,Medium
Manufacturing,Small,Average,Low,Yes,Faisalabad,4527000.0,26,Positive,Completed,Medium
Finance,Large,Good,High,Yes,Lahore,2307000.0,272,No Response,Not Contacted,Medium
Real Estate,Medium,Good,Low,No,Quetta,755000.0,70,Positive,Scheduled,Medium
Marketing,Large,Good,Low,Yes,Lahore,367000.0,349,Neutral,Not Scheduled,Medium
Technology,Small,Excellent,Medium,Yes,Peshawar,314000.0,215,Positive,Scheduled,High
Technology,Medium,Good,High,Yes,Multan,168000.0,34,Positive,Not Contacted,High
Finance,Small,Excellent,High,Yes,Islamabad,373000.0,112,Neutral,Completed,High
Education,Small,Poor,Low,No,Peshawar,1219000.0,48,Positive,Scheduled,Low
Retail,Small,Good,Medium,Yes,Quetta,976000.0,46,,Not Contacted,Low
Manufacturing,Small,Excellent,Low,No,Quetta,,36,Positive,Not Scheduled,Low
Technology,Small,Excellent,Medium,Yes,Quetta,376000.0,105,No Response,Completed,Medium
Manufacturing,Large,Poor,Low,No,Karachi,1081000.0,1007,Positive,Not Contacted,Low
Marketing,Small,Excellent,Medium,Yes,Karachi,339000.0,243,Neutral,Not Contacted,Medium
Education,Large,Average,Medium,No,Karachi,3159000.0,46,No Response,Not Scheduled,Low
Real Estate,Medium,Excellent,Low,Yes,Rawalpindi,2161000.0,30,No Response,Not Contacted,Low
Retail,Medium,Average,Low,Yes,Multan,875000.0,29,Positive,Not Scheduled,Medium
Real Estate,Medium,Good,Low,No,Islamabad,1428000.0,167,Neutral,Not Scheduled,Low
Real Estate,Medium,Good,Medium,Yes,Peshawar,1936000.0,59,No Response,Not Scheduled,Medium
Healthcare,Small,Average,High,Yes,Lahore,1155000.0,43,Positive,Scheduled,High
Healthcare,Medium,Average,Low,Yes,Lahore,2218000.0,192,No Response,Not Scheduled,Low
Education,Small,Good,Medium,Yes,Karachi,1333000.0,54,Positive,Not Scheduled,Medium
Healthcare,Medium,Poor,Medium,Yes,Karachi,347000.0,50,No Response,Not Scheduled,Low
Technology,Large,Good,,Yes,Peshawar,1038000.0,199,No Response,Scheduled,High
Technology,Medium,Excellent,Low,No,Peshawar,3396000.0,93,Neutral,Not Contacted,Low
Healthcare,Small,Excellent,Medium,No,Faisalabad,1220000.0,779,Neutral,Not Scheduled,Low
Technology,Small,Average,High,Yes,Peshawar,5917000.0,47,No Response,Not Contacted,Low
Retail,Large,Good,Medium,No,Islamabad,1185000.0,55,Negative,Scheduled,Low
Education,Small,Excellent,Low,Yes,Karachi,1698000.0,17,Negative,Not Scheduled,Low
Finance,Medium,Poor,Low,No,Rawalpindi,269000.0,41,Positive,Not Contacted,Low
Real Estate,Large,Good,Medium,Yes,Lahore,1907000.0,117,Neutral,Not Contacted,Medium
Marketing,Large,Poor,High,Yes,Lahore,2316000.0,76,Neutral,Scheduled,Medium
Technology,Small,Excellent,Medium,Yes,Faisalabad,881000.0,35,Positive,Not Scheduled,Medium
Real Estate,Medium,,Medium,Yes,Lahore,657000.0,61,Positive,Not Scheduled,Medium
Retail,Small,Good,Medium,Yes,Faisalabad,1239000.0,15,,Scheduled,Low
Technology,Medium,Average,Medium,Yes,Rawalpindi,1983000.0,59,Neutral,Not Scheduled,Low
Education,Large,Poor,Medium,Yes,Rawalpindi,3495000.0,209,Negative,Scheduled,Low
Technology,Medium,Good,Medium,Yes,Islamabad,735000.0,36,No Response,Not Scheduled,Low
Real Estate,Medium,Excellent,Medium,No,Islamabad,442000.0,87,No Response,Scheduled,Medium
Healthcare,Large,Good,Low,Yes,Multan,1138000.0,219,No Response,Scheduled,Medium
Manufacturing,Medium,Good,High,Yes,Karachi,3653000.0,248,Neutral,Scheduled,High
Healthcare,Small,Good,High,Yes,Quetta,1653000.0,66,Positive,Scheduled,High
Technology,Small,Good,Medium,No,Karachi,272000.0,30,Positive,Not Scheduled,Low
Retail,Large,Average,Medium,Yes,Quetta,2149000.0,70,No Response,Not Scheduled,Medium
Technology,Small,Average,Low,No,Karachi,73000.0,1047,Neutral,Scheduled,Low
Technology,Small,Good,Medium,Yes,Lahore,1714000.0,76,Neutral,Not Contacted,Low
Finance,Large,Excellent,Low,Yes,Multan,902000.0,109,Positive,Not Contacted,High
Healthcare,Medium,Good,Medium,Yes,Lahore,215000.0,17,Negative,Not Contacted,Low
Retail,Large,Good,High,Yes,Faisalabad,1164000.0,91,Positive,Not Contacted,High
Technology,Small,Excellent,Medium,Yes,Quetta,2434000.0,47,No Response,Not Scheduled,Low
Finance,Medium,Good,Medium,Yes,Faisalabad,974000.0,385,No Response,Not Scheduled,Low
Retail,Small,Poor,Low,Yes,Quetta,747000.0,26,Positive,Completed,Medium
Healthcare,Small,Good,Medium,Yes,Quetta,798000.0,116,No Response,Not Scheduled,Low
Retail,Small,Good,Medium,Yes,Karachi,468000.0,40,Positive,Not Scheduled,Medium
Finance,Large,Poor,Medium,Yes,Islamabad,1264000.0,26,Positive,Not Scheduled,Medium
Retail,Medium,Good,High,Yes,Multan,450000.0,73,No Response,Not Scheduled,Medium
Retail,Medium,Good,Medium,Yes,Peshawar,351000.0,62,No Response,Not Scheduled,Medium
Technology,Large,Good,High,Yes,Islamabad,2457000.0,201,No Response,Not Contacted,Medium
Education,Small,Excellent,Low,Yes,Quetta,3505000.0,34,Neutral,Completed,Medium
Manufacturing,Medium,Good,High,No,Peshawar,1650000.0,57,Negative,Completed,Medium
Technology,Large,Excellent,Low,Yes,Quetta,919000.0,22,Positive,Not Scheduled,High
Real Estate,Medium,Good,Low,No,Lahore,2070000.0,179,No Response,Not Contacted,Low
Finance,Medium,Average,Low,No,Rawalpindi,659000.0,185,No Response,Scheduled,Low
Marketing,Large,Good,High,Yes,Quetta,9055000.0,156,No Response,Completed,High
Healthcare,Small,Average,High,Yes,Peshawar,5362000.0,10,Neutral,Scheduled,Medium
Education,Small,Poor,Low,No,Rawalpindi,865000.0,76,Negative,Not Scheduled,Low
Finance,Large,Good,High,Yes,Islamabad,9945000.0,31,No Response,Not Contacted,Medium
Marketing,Large,Good,High,No,Quetta,4209000.0,149,No Response,Scheduled,High
Retail,Small,Good,Low,Yes,Islamabad,1949000.0,20,Positive,Not Scheduled,Medium
Education,Medium,Excellent,Medium,Yes,Peshawar,3820000.0,62,Positive,Scheduled,High
Manufacturing,Small,Average,Medium,Yes,Lahore,1273000.0,129,Neutral,Completed,Medium
Finance,Large,Good,Low,Yes,Rawalpindi,1777000.0,26,Positive,Completed,High
Technology,Medium,Good,Low,No,Faisalabad,4234000.0,150,Positive,Not Scheduled,Low
Healthcare,Large,Average,Low,Yes,Karachi,3166000.0,36,No Response,Completed,Medium
Healthcare,Small,Average,Medium,Yes,Lahore,3828000.0,47,Positive,Scheduled,High
Education,Small,Excellent,Medium,No,Rawalpindi,,33,Positive,Not Scheduled,Low
Technology,Medium,Poor,Medium,No,Rawalpindi,128000.0,82,Neutral,Not Contacted,Low
Real Estate,Large,Good,Medium,Yes,Islamabad,1308000.0,44,Neutral,Scheduled,High
Healthcare,Large,Poor,Medium,Yes,Lahore,930000.0,66,Positive,Not Contacted,Medium
Technology,Small,Good,Medium,Yes,Islamabad,2381000.0,19,Positive,Completed,High
Finance,Small,Average,High,Yes,Lahore,5692000.0,83,Positive,Scheduled,High
Technology,Small,Excellent,High,No,Peshawar,2857000.0,70,No Response,Completed,Medium
Retail,Large,Good,Low,No,Islamabad,414000.0,24,Positive,Scheduled,Medium
Technology,Large,Good,Low,No,Peshawar,631000.0,144,Positive,Scheduled,High
Marketing,Small,Good,Low,Yes,Peshawar,424000.0,110,No Response,Completed,Medium
Education,Small,Good,Medium,No,Faisalabad,3023000.0,98,No Response,Scheduled,Low
Healthcare,Large,Good,Low,Yes,Karachi,10021000.0,72,No Response,Scheduled,Medium
Education,Medium,Average,Low,Yes,Lahore,9811000.0,40,Negative,Not Scheduled,Low
Real Estate,Small,Average,High,Yes,Multan,3561000.0,122,Neutral,Scheduled,Medium
Retail,Small,Average,Medium,Yes,Rawalpindi,2044000.0,145,Positive,Scheduled,Medium
Real Estate,Small,Good,Low,Yes,Quetta,1456000.0,40,No Response,Not Scheduled,Low
Manufacturing,Large,Good,Low,Yes,Karachi,,28,Neutral,Scheduled,Medium
Retail,Large,Good,Medium,Yes,Rawalpindi,1664000.0,53,Positive,Scheduled,High
Finance,Medium,Average,Medium,Yes,Quetta,281000.0,83,Positive,Not Scheduled,High
Technology,Small,Excellent,High,Yes,Lahore,1684000.0,67,Neutral,Not Contacted,Medium
Finance,Small,Average,Medium,Yes,Lahore,8217000.0,184,No Response,Not Contacted,Low
Technology,Small,Good,High,No,Faisalabad,740000.0,262,No Response,Not Scheduled,Low
Real Estate,Medium,Good,Medium,Yes,Peshawar,3558000.0,247,Positive,Not Scheduled,Medium
Technology,Medium,Good,Medium,Yes,Rawalpindi,942000.0,53,No Response,Not Scheduled,Low
Education,Small,Average,Medium,Yes,Karachi,2585000.0,47,Positive,Completed,High
Education,Medium,Good,Low,Yes,Islamabad,1496000.0,264,Positive,Not Scheduled,High
Finance,Large,Excellent,High,Yes,Faisalabad,461000.0,167,,Scheduled,High
Technology,Medium,Average,High,Yes,Lahore,1287000.0,110,Positive,Scheduled,High
Education,Small,Poor,Low,No,Karachi,1601000.0,43,Neutral,Not Contacted,Low
Marketing,Small,Good,Low,No,Peshawar,3816000.0,31,Neutral,Not Scheduled,Low
Healthcare,Medium,Good,High,Yes,Peshawar,747000.0,35,Neutral,Scheduled,High
Real Estate,Small,Poor,Medium,Yes,Faisalabad,850000.0,74,No Response,Not Scheduled,Low
Finance,Small,Average,Medium,Yes,Karachi,1541000.0,482,Positive,Not Scheduled,Medium
Finance,Large,Good,,Yes,Peshawar,3373000.0,81,,Completed,High
Retail,Medium,Poor,High,Yes,Islamabad,1655000.0,49,Positive,Not Contacted,Medium
Healthcare,Medium,Good,Low,Yes,Quetta,1490000.0,89,Positive,Not Scheduled,High
Healthcare,Medium,Good,Low,Yes,Islamabad,4892000.0,52,No Response,Completed,Medium
Healthcare,Medium,Average,High,Yes,Karachi,1241000.0,59,Neutral,Not Scheduled,Medium
Education,Small,Good,Low,Yes,Karachi,2765000.0,93,Positive,Completed,High
Real Estate,Small,Excellent,Low,Yes,Peshawar,865000.0,58,No Response,Scheduled,Medium
Healthcare,Medium,Good,Medium,Yes,Karachi,293000.0,143,Negative,Not Contacted,Low
Healthcare,Small,Good,Medium,Yes,Peshawar,2704000.0,371,Neutral,Scheduled,Medium
Manufacturing,Small,Excellent,Medium,No,Faisalabad,792000.0,87,Neutral,Not Scheduled,Low
Retail,Small,Excellent,Medium,Yes,Rawalpindi,1281000.0,25,Neutral,Completed,High
Manufacturing,Large,Good,Medium,Yes,Faisalabad,1941000.0,98,Positive,Scheduled,High
Retail,Small,Average,High,Yes,Lahore,558000.0,104,Neutral,Not Scheduled,Low
Technology,Large,Excellent,High,Yes,Peshawar,1458000.0,37,No Response,Scheduled,High
Marketing,Large,Poor,High,Yes,Peshawar,10312000.0,85,No Response,Not Contacted,Low
Technology,Medium,Excellent,Low,Yes,Karachi,1179000.0,46,Positive,Not Scheduled,Medium
Education,Small,Good,High,Yes,Islamabad,2913000.0,36,No Response,Not Contacted,Low
Healthcare,Small,Good,Medium,Yes,Faisalabad,445000.0,24,Negative,Scheduled,Low
Finance,Medium,Average,High,Yes,Faisalabad,1545000.0,62,No Response,Not Contacted,Low
Marketing,Medium,Good,Low,Yes,Faisalabad,3576000.0,47,No Response,Not Scheduled,Low
Healthcare,Medium,Good,Low,Yes,Karachi,1322000.0,186,Neutral,Not Scheduled,Medium
Technology,Medium,Average,High,Yes,Rawalpindi,3011000.0,80,No Response,Completed,High
Technology,Small,Average,Low,Yes,Multan,3862000.0,127,Negative,Not Scheduled,Low
Technology,Small,Poor,High,Yes,Lahore,1756000.0,348,No Response,Completed,Medium
Education,Small,Excellent,High,Yes,Islamabad,1443000.0,448,Positive,Not Contacted,High
Retail,Medium,Poor,High,Yes,Peshawar,3299000.0,33,No Response,Completed,Medium
Retail,Small,Good,Medium,Yes,Multan,2491000.0,132,No Response,Not Scheduled,Low
Education,Large,Poor,Medium,No,Islamabad,10521000.0,31,No Response,Not Scheduled,Low
Marketing,Medium,Good,Low,Yes,Peshawar,436000.0,60,No Response,Not Scheduled,Low
Technology,Large,Poor,Low,Yes,Karachi,1414000.0,140,Neutral,Not Contacted,Low
Healthcare,Large,Excellent,Medium,Yes,Peshawar,921000.0,312,No Response,Scheduled,High
Technology,Large,Poor,Medium,Yes,Faisalabad,1706000.0,117,Positive,Scheduled,High
Manufacturing,Large,Average,High,Yes,Karachi,2368000.0,221,Neutral,Completed,High
Healthcare,Large,Good,Medium,Yes,Quetta,2855000.0,103,Neutral,Not Scheduled,High
Retail,Small,Average,Low,Yes,Lahore,1010000.0,168,Positive,Not Contacted,Medium
Marketing,Large,Poor,Low,No,Peshawar,1100000.0,135,No Response,Not Scheduled,Low
Finance,Small,Excellent,Medium,Yes,Islamabad,,100,Positive,Scheduled,High
Technology,Small,Excellent,High,Yes,Islamabad,465000.0,51,Positive,Completed,High
Finance,Medium,Good,Medium,Yes,Peshawar,2805000.0,165,No Response,Scheduled,Medium
Manufacturing,Medium,Average,Low,Yes,Karachi,16239000.0,94,Neutral,Not Scheduled,Medium
Manufacturing,Small,Average,Low,Yes,Peshawar,3113000.0,30,Neutral,Not Contacted,Low
Marketing,Small,Average,Medium,Yes,Multan,3118000.0,645,Neutral,Completed,Medium
Technology,Large,Average,High,Yes,Karachi,985000.0,115,No Response,Scheduled,High
Finance,Small,Good,Low,Yes,Peshawar,637000.0,62,Positive,Not Contacted,Medium
Real Estate,Small,Good,High,Yes,Faisalabad,2569000.0,30,Positive,Not Scheduled,High
Education,Small,Average,Medium,No,Peshawar,3363000.0,183,Neutral,Not Scheduled,Low
Manufacturing,Small,Good,High,No,Quetta,5544000.0,67,No Response,Not Scheduled,Low
Retail,Medium,Good,,Yes,Islamabad,693000.0,391,Neutral,Not Contacted,Low
Retail,Medium,Excellent,Medium,No,Multan,8007000.0,378,Neutral,Completed,High
Finance,Medium,Excellent,Medium,Yes,Karachi,2242000.0,148,Negative,Scheduled,Medium
Finance,Medium,Good,Medium,Yes,Multan,1284000.0,165,No Response,Scheduled,High
Retail,Medium,Good,Low,Yes,Quetta,1962000.0,53,Neutral,Scheduled,Medium
Education,Small,,High,Yes,Karachi,17411000.0,16,Negative,Not Scheduled,Low
Technology,Small,Good,High,Yes,Lahore,566000.0,157,Neutral,Not Scheduled,Medium
Healthcare,Medium,Good,Low,Yes,Rawalpindi,1560000.0,49,Neutral,Not Scheduled,Medium
Education,Small,Excellent,Low,Yes,Peshawar,184000.0,23,No Response,Scheduled,Low
Healthcare,Medium,Good,Medium,Yes,Karachi,546000.0,172,Neutral,Completed,High
Education,Small,Good,Low,Yes,Multan,7339000.0,1203,No Response,Scheduled,Low
Education,Small,Poor,Medium,Yes,Lahore,6380000.0,59,Positive,Not Scheduled,Medium
Healthcare,Large,Average,Medium,Yes,Peshawar,602000.0,657,Negative,Completed,High
Marketing,Large,Good,Medium,Yes,Quetta,8560000.0,29,Negative,Scheduled,High
Manufacturing,Small,Excellent,High,Yes,Lahore,818000.0,52,Neutral,Not Contacted,Medium
Marketing,Medium,,Low,Yes,Multan,1498000.0,480,Neutral,Scheduled,Medium
Healthcare,Large,Excellent,Low,Yes,Peshawar,8494000.0,67,No Response,Not Scheduled,Medium
Healthcare,Small,Average,Medium,Yes,Faisalabad,2248000.0,93,Positive,Not Contacted,Medium
Finance,Small,Average,High,Yes,Islamabad,265000.0,82,Positive,Not Scheduled,High
Manufacturing,Medium,Good,,No,Multan,2345000.0,77,No Response,Not Scheduled,Low
Technology,Medium,Average,Medium,Yes,Lahore,1984000.0,133,Negative,Scheduled,Medium
Technology,Medium,Good,Medium,Yes,Quetta,246000.0,21,No Response,Scheduled,Medium
Technology,Medium,Good,High,Yes,Lahore,2378000.0,131,No Response,Completed,High
Retail,Medium,Good,High,Yes,Faisalabad,5780000.0,135,No Response,Completed,High
Marketing,Small,Excellent,High,Yes,Peshawar,793000.0,87,No Response,Not Contacted,Medium
Technology,Large,Good,Low,Yes,Peshawar,330000.0,249,No Response,Not Scheduled,Medium
Technology,Small,Average,Low,Yes,Rawalpindi,384000.0,69,No Response,Not Scheduled,Low
Education,Small,Good,Low,Yes,Karachi,,53,Neutral,Completed,Medium
Finance,Medium,Average,Low,No,Karachi,3207000.0,199,No Response,Not Contacted,Low
Technology,Medium,Excellent,High,No,Peshawar,1990000.0,57,No Response,Not Scheduled,Medium
Finance,Small,Excellent,High,Yes,Rawalpindi,2200000.0,113,No Response,Not Scheduled,Medium
Technology,Medium,Poor,Low,Yes,Quetta,1320000.0,26,No Response,Completed,Low
Manufacturing,Small,Excellent,Medium,Yes,Faisalabad,1575000.0,16,No Response,Not Contacted,Low
Education,Small,Poor,High,Yes,Peshawar,133000.0,134,No Response,Completed,Medium
Technology,Medium,Average,High,Yes,Peshawar,932000.0,107,,Completed,High
Technology,Medium,Average,Medium,Yes,Peshawar,944000.0,125,Neutral,Completed,Medium
Technology,Medium,Excellent,Low,Yes,Islamabad,1763000.0,95,Negative,Not Scheduled,Low
Manufacturing,Small,Good,Low,Yes,Islamabad,1646000.0,72,Neutral,Scheduled,Medium
Technology,Medium,Good,High,Yes,Rawalpindi,948000.0,18,Positive,Not Scheduled,High
Finance,Small,Excellent,Low,Yes,Rawalpindi,388000.0,98,Neutral,Not Contacted,Low
Technology,Large,Good,Low,No,Faisalabad,394000.0,211,Negative,Not Contacted,Low
Healthcare,Small,Average,High,No,Faisalabad,5047000.0,139,Positive,Completed,High
Technology,Medium,Good,High,Yes,Islamabad,302000.0,94,No Response,Completed,High
Education,Large,Excellent,Medium,Yes,Islamabad,1579000.0,346,No Response,Scheduled,High
Manufacturing,Small,Good,Low,No,Islamabad,2443000.0,52,Neutral,Not Scheduled,Low
Healthcare,Medium,Good,Medium,No,Peshawar,,25,Negative,Completed,Medium
Manufacturing,Small,Excellent,Medium,Yes,Multan,1578000.0,142,Neutral,Not Contacted,Medium
Technology,Large,Average,,Yes,Lahore,,66,Neutral,Scheduled,Medium
Finance,Medium,Average,Low,Yes,Multan,700000.0,42,Negative,Completed,Low
Retail,Medium,Good,Medium,Yes,Multan,5529000.0,124,Positive,Not Scheduled,High
Education,Small,Average,High,No,Rawalpindi,1929000.0,238,No Response,Not Contacted,Low
Manufacturing,Small,Excellent,Medium,Yes,Rawalpindi,4165000.0,63,Positive,Scheduled,High
Marketing,Medium,Excellent,Medium,No,Rawalpindi,422000.0,112,Negative,Completed,Medium
Technology,Medium,Average,Medium,Yes,Lahore,723000.0,258,No Response,Scheduled,Medium
Technology,Large,Good,High,Yes,Peshawar,1316000.0,43,Neutral,Scheduled,High
Education,Small,Poor,Low,Yes,Peshawar,557000.0,130,No Response,Not Contacted,Low
Retail,Medium,Average,High,Yes,Peshawar,1156000.0,191,Negative,Completed,High
Manufacturing,Medium,Excellent,Medium,Yes,Faisalabad,1135000.0,76,Negative,Not Scheduled,Low
Manufacturing,Small,Average,High,Yes,Multan,4710000.0,697,Neutral,Completed,High
Technology,Small,Good,Medium,Yes,Islamabad,6390000.0,51,No Response,Scheduled,Medium
Technology,Large,Excellent,Low,Yes,Rawalpindi,2511000.0,111,Negative,Scheduled,High
Manufacturing,Small,Excellent,High,Yes,Multan,1035000.0,207,Positive,Not Scheduled,High
Healthcare,Small,Average,High,Yes,Karachi,1136000.0,71,Neutral,Scheduled,Medium
Healthcare,Medium,Excellent,Low,Yes,Faisalabad,4632000.0,367,Negative,Not Contacted,Medium
Education,Medium,Average,Medium,Yes,Peshawar,839000.0,57,Positive,Not Contacted,Medium
Manufacturing,Small,Good,Medium,Yes,Rawalpindi,1523000.0,38,Positive,Not Contacted,Medium
Finance,Medium,Good,Low,Yes,Islamabad,,100,Neutral,Completed,High
Marketing,Small,Good,Medium,Yes,Islamabad,,54,Positive,Not Scheduled,Medium
Healthcare,Medium,Excellent,Low,Yes,Karachi,8719000.0,62,No Response,Scheduled,Medium
Finance,Medium,Good,High,Yes,Rawalpindi,2704000.0,43,Positive,Scheduled,High
Marketing,Medium,Excellent,Medium,Yes,Rawalpindi,1420000.0,98,Neutral,Not Scheduled,Medium
Finance,Small,Good,,Yes,Quetta,313000.0,152,No Response,Scheduled,Medium
Healthcare,Small,Excellent,Medium,Yes,Islamabad,3283000.0,20,Neutral,Not Scheduled,Medium
Education,Medium,,Low,No,Faisalabad,2486000.0,267,Neutral,Not Scheduled,Low
Real Estate,Small,Good,Medium,Yes,Islamabad,2145000.0,30,Negative,Not Scheduled,Low
Technology,Small,Excellent,High,Yes,Peshawar,3022000.0,60,Positive,Not Scheduled,High
Education,Small,Average,Low,Yes,Faisalabad,1038000.0,104,Neutral,Scheduled,Low
Finance,Medium,Poor,High,Yes,Karachi,,185,Neutral,Scheduled,Medium
Technology,Small,Average,High,Yes,Multan,1187000.0,169,Positive,Not Contacted,Medium
Manufacturing,Medium,Good,Medium,No,Karachi,432000.0,11,Positive,Completed,High
Education,Small,Average,Medium,No,Rawalpindi,721000.0,37,Positive,Not Contacted,Low
Retail,Medium,Excellent,Low,Yes,Rawalpindi,368000.0,34,Negative,Not Scheduled,Medium
Manufacturing,Large,Good,Low,Yes,Faisalabad,1317000.0,43,Negative,Completed,Medium
Marketing,Large,Good,Medium,Yes,Quetta,1955000.0,19,Negative,Not Scheduled,Medium
Technology,Small,Good,Medium,Yes,Faisalabad,1055000.0,88,Neutral,Scheduled,Medium
Technology,Large,Good,Low,Yes,Rawalpindi,2305000.0,100,No Response,Completed,Medium
Real Estate,Medium,Poor,Low,Yes,Peshawar,8676000.0,105,Positive,Completed,High
Finance,Small,Average,High,Yes,Quetta,3259000.0,75,No Response,Scheduled,Medium
Marketing,Medium,Excellent,Medium,Yes,Lahore,581000.0,38,No Response,Not Scheduled,Medium
Real Estate,Medium,Good,Low,Yes,Quetta,2031000.0,52,No Response,Scheduled,Medium
Retail,Small,Good,High,Yes,Karachi,469000.0,103,Positive,Not Scheduled,High
Finance,Small,Excellent,Low,No,Rawalpindi,3271000.0,136,No Response,Not Contacted,Low
Marketing,Large,Good,High,Yes,Rawalpindi,336000.0,621,Negative,Scheduled,High
Healthcare,Small,Good,Medium,No,Peshawar,586000.0,466,,Not Contacted,Low
Technology,Large,Average,Low,Yes,Rawalpindi,1172000.0,45,No Response,Not Scheduled,Low
Education,Medium,Good,High,Yes,Karachi,2033000.0,148,Positive,Not Contacted,High
Retail,Small,Average,Medium,Yes,Multan,699000.0,88,Positive,Completed,High
Education,Small,Average,Low,No,Faisalabad,483000.0,295,Negative,Scheduled,Low
Education,Large,Excellent,Low,Yes,Karachi,807000.0,153,Negative,Not Scheduled,Medium
Marketing,Medium,Poor,High,Yes,Islamabad,7403000.0,59,No Response,Scheduled,Medium
Education,Medium,Good,Low,Yes,Multan,2083000.0,76,,Not Contacted,Medium
Finance,Small,,Low,Yes,Quetta,3510000.0,65,Positive,Not Contacted,Low
Marketing,Large,Good,Low,Yes,Karachi,3486000.0,81,Positive,Scheduled,High
Technology,Small,Good,Low,No,Faisalabad,1777000.0,89,No Response,Not Contacted,Low
Technology,Small,Excellent,Low,Yes,Faisalabad,1289000.0,29,Positive,Scheduled,High
Retail,Large,Good,Medium,Yes,Lahore,1259000.0,44,No Response,Not Scheduled,Medium
Technology,Small,Good,Low,Yes,Faisalabad,4349000.0,186,No Response,Scheduled,Low
Finance,Small,Excellent,Low,Yes,Faisalabad,2550000.0,41,Neutral,Scheduled,Medium
Retail,Large,Average,Medium,Yes,Faisalabad,2839000.0,93,Negative,Not Scheduled,Low
Retail,Large,Good,Medium,Yes,Multan,1714000.0,21,No Response,Not Contacted,Low
Healthcare,Small,Excellent,Medium,Yes,Karachi,2673000.0,186,No Response,Scheduled,High
Retail,Small,Good,Medium,Yes,Faisalabad,2541000.0,33,Negative,Not Contacted,Low
Education,Small,Average,,Yes,Faisalabad,4308000.0,112,Neutral,Not Contacted,Low
Healthcare,Small,Good,Low,Yes,Islamabad,200000.0,126,No Response,Scheduled,Low
Manufacturing,Medium,Average,Low,Yes,Lahore,1486000.0,236,Negative,Not Contacted,Low
Manufacturing,Small,Poor,Medium,Yes,Peshawar,11931000.0,181,No Response,Scheduled,Low
Finance,Large,Average,Low,Yes,Rawalpindi,4064000.0,127,Neutral,Not Scheduled,Low
Finance,Small,Average,High,Yes,Rawalpindi,2008000.0,37,,Completed,High
Retail,Small,Average,Medium,Yes,Multan,3999000.0,89,Negative,Not Scheduled,Low
Retail,Medium,,Medium,Yes,Faisalabad,2081000.0,42,No Response,Completed,High
Finance,Medium,Good,Medium,Yes,Quetta,1966000.0,175,Positive,Not Scheduled,High
Education,Medium,Good,High,Yes,Faisalabad,359000.0,136,Positive,Scheduled,High
Technology,Small,Good,Low,Yes,Faisalabad,3635000.0,31,No Response,Completed,Medium
Manufacturing,Small,Average,Low,Yes,Rawalpindi,2679000.0,23,Positive,Not Scheduled,Low
Manufacturing,Medium,Good,High,Yes,Multan,7611000.0,242,Positive,Not Contacted,High
Technology,Large,Average,Low,No,Rawalpindi,1948000.0,53,Positive,Scheduled,Medium
Education,Small,Poor,Low,No,Lahore,909000.0,311,Positive,Completed,Medium
Healthcare,Small,Poor,Medium,Yes,Lahore,525000.0,26,Neutral,Not Scheduled,Low
Marketing,Medium,Good,High,Yes,Quetta,783000.0,117,No Response,Scheduled,Medium
Finance,Medium,,Medium,No,Islamabad,3407000.0,194,Negative,Scheduled,Low
Real Estate,Medium,Good,Medium,Yes,Quetta,1418000.0,103,No Response,Not Contacted,Low
Education,Small,Average,Low,Yes,Islamabad,349000.0,287,Neutral,Completed,Low
Technology,Medium,Good,Low,Yes,Faisalabad,28193000.0,201,Positive,Not Contacted,Medium
Finance,Medium,Poor,Low,Yes,Multan,3274000.0,76,Neutral,Scheduled,Medium
Real Estate,Large,Poor,High,No,Rawalpindi,936000.0,135,Positive,Not Scheduled,Medium
Healthcare,Small,Good,Low,Yes,Rawalpindi,2607000.0,221,No Response,Not Contacted,Low
Manufacturing,Medium,Good,Medium,Yes,Karachi,1150000.0,205,No Response,Not Contacted,Low
Education,Medium,Poor,Medium,Yes,Quetta,10728000.0,63,Negative,Not Scheduled,Low
Finance,Small,Excellent,High,Yes,Lahore,1073000.0,30,Positive,Not Contacted,High
Technology,Medium,Average,Low,Yes,Multan,664000.0,154,Positive,Scheduled,Medium
Manufacturing,Medium,Good,Low,Yes,Faisalabad,2037000.0,12,No Response,Not Scheduled,Low
Education,Small,Average,Low,Yes,Islamabad,28851000.0,174,Neutral,Not Contacted,Medium
Manufacturing,Medium,Average,Medium,Yes,Islamabad,2489000.0,145,Positive,Not Contacted,Medium
Technology,Medium,Excellent,High,Yes,Faisalabad,3875000.0,24,,Scheduled,High
Healthcare,Large,Poor,Medium,Yes,Lahore,1301000.0,198,Negative,Completed,Medium
Technology,Small,Excellent,High,No,Quetta,1176000.0,80,No Response,Scheduled,Medium
Finance,Large,Good,Low,Yes,Quetta,1788000.0,26,Neutral,Completed,High
Finance,Small,Average,High,Yes,Peshawar,3429000.0,55,Positive,Not Scheduled,Medium
Marketing,Medium,Good,Medium,Yes,Quetta,1557000.0,96,Positive,Not Scheduled,Medium
Marketing,Small,Good,High,Yes,Islamabad,1824000.0,65,No Response,Scheduled,Medium
Finance,Small,Average,Medium,Yes,Lahore,549000.0,50,Neutral,Not Contacted,Low
Retail,Small,Good,High,Yes,Faisalabad,219000.0,62,Positive,Not Scheduled,High
Education,Small,Good,Medium,Yes,Rawalpindi,1096000.0,18,Neutral,Scheduled,Medium
Technology,Small,Excellent,Medium,Yes,Lahore,1871000.0,175,Neutral,Completed,High
Finance,Large,Good,Low,Yes,Peshawar,9507000.0,71,Positive,Scheduled,High
Education,Small,Excellent,Medium,Yes,Peshawar,1290000.0,46,Negative,Scheduled,Medium
Manufacturing,Medium,Good,Medium,Yes,Quetta,2291000.0,53,No Response,Not Contacted,Low
Marketing,Medium,Average,Medium,Yes,Peshawar,3161000.0,513,Neutral,Scheduled,Medium
Manufacturing,Medium,Average,High,No,Multan,1076000.0,135,Neutral,Not Contacted,Low
Retail,Medium,,Low,Yes,Lahore,3159000.0,28,No Response,Not Contacted,Low
Finance,Small,Poor,Low,Yes,Faisalabad,2099000.0,252,No Response,Not Scheduled,Low
Healthcare,Large,Average,Medium,Yes,Peshawar,6040000.0,85,Positive,Scheduled,High
Education,Small,Average,Low,No,Lahore,500000.0,235,Neutral,Not Scheduled,Low
Retail,Medium,Poor,High,Yes,Lahore,332000.0,70,Neutral,Not Scheduled,Low
Finance,Small,Average,Medium,Yes,Faisalabad,392000.0,286,No Response,Scheduled,Low
Marketing,Medium,Average,High,Yes,Faisalabad,1461000.0,76,Positive,Scheduled,High
Manufacturing,Small,Poor,Low,Yes,Lahore,2283000.0,154,Neutral,Not Scheduled,Low
Technology,Medium,Average,Medium,Yes,Rawalpindi,,192,Positive,Scheduled,Medium
Technology,Large,Poor,Medium,Yes,Karachi,6522000.0,24,Negative,Not Scheduled,Low
Finance,Medium,Average,Medium,Yes,Multan,56000.0,31,No Response,Scheduled,Low
Manufacturing,Small,Excellent,High,Yes,Islamabad,1513000.0,48,Negative,Completed,High
Finance,Medium,Good,Medium,Yes,Lahore,6727000.0,113,Negative,Scheduled,High
Retail,Medium,Good,Medium,Yes,Rawalpindi,958000.0,61,Neutral,Not Contacted,Low
Marketing,Small,Average,High,No,Faisalabad,7200000.0,148,Neutral,Completed,Medium
Healthcare,Small,Excellent,High,No,Faisalabad,2462000.0,197,No Response,Not Contacted,Low
Healthcare,Large,Excellent,Medium,Yes,Peshawar,5429000.0,283,Positive,Not Scheduled,High
Retail,Small,Good,Medium,Yes,Lahore,519000.0,162,No Response,Scheduled,Medium
Manufacturing,Medium,Average,,Yes,Lahore,1520000.0,79,No Response,Completed,High
Healthcare,Medium,Average,Medium,Yes,Quetta,10147000.0,49,Neutral,Not Scheduled,Medium
Education,Small,Poor,Medium,No,Peshawar,1739000.0,113,No Response,Not Contacted,Low
Technology,Small,Excellent,Medium,Yes,Islamabad,1300000.0,98,Positive,Completed,High
Manufacturing,Small,Good,High,Yes,Rawalpindi,441000.0,43,Positive,Not Scheduled,High
Manufacturing,Small,Excellent,High,No,Islamabad,866000.0,163,No Response,Completed,Medium
Technology,Small,Average,Medium,Yes,Quetta,398000.0,246,No Response,Completed,Medium
Healthcare,Medium,Good,Medium,No,Rawalpindi,5929000.0,168,Positive,Scheduled,High
Manufacturing,Large,Excellent,High,No,Quetta,5167000.0,11,Positive,Not Scheduled,High
Real Estate,Large,Good,Medium,Yes,Peshawar,4741000.0,115,No Response,Not Scheduled,Medium
Healthcare,Medium,Good,Medium,Yes,Lahore,4447000.0,17,Neutral,Scheduled,Medium
Retail,Medium,Good,High,Yes,Peshawar,1673000.0,374,Neutral,Scheduled,High
Retail,Small,Poor,Medium,Yes,Quetta,992000.0,556,Positive,Not Scheduled,Medium
Manufacturing,Large,Poor,High,No,Quetta,2550000.0,420,Negative,Scheduled,Low
Retail,Medium,Poor,Medium,Yes,Lahore,1994000.0,148,Positive,Scheduled,High
Education,Small,Good,High,Yes,Peshawar,4641000.0,128,Negative,Completed,High
Manufacturing,Medium,Average,Low,Yes,Lahore,4033000.0,174,Positive,Scheduled,Medium
Retail,Small,Average,Medium,Yes,Lahore,1852000.0,173,Neutral,Scheduled,Medium
Healthcare,Medium,Good,Low,Yes,Lahore,2524000.0,128,Positive,Not Contacted,Medium
Marketing,Small,Good,High,Yes,Rawalpindi,521000.0,271,Positive,Scheduled,High
Education,Large,Excellent,Medium,Yes,Rawalpindi,1281000.0,122,No Response,Scheduled,High
Education,Small,Excellent,,Yes,Peshawar,711000.0,562,Positive,Completed,High
Manufacturing,Small,Average,,Yes,Quetta,1216000.0,183,No Response,Completed,Medium
Finance,Medium,Average,Medium,Yes,Peshawar,786000.0,60,No Response,Not Contacted,Low
Healthcare,Large,Good,Medium,Yes,Multan,1368000.0,33,No Response,Not Contacted,Medium
Marketing,Small,Good,Medium,Yes,Quetta,232000.0,246,No Response,Completed,Medium
Real Estate,Large,Good,Low,Yes,Rawalpindi,9266000.0,41,Neutral,Scheduled,High
Real Estate,Small,Average,Medium,No,Faisalabad,1405000.0,220,Positive,Not Scheduled,Low
Healthcare,Medium,Average,Medium,Yes,Faisalabad,1785000.0,22,Neutral,Scheduled,Medium
Technology,Small,Good,High,Yes,Multan,2474000.0,155,No Response,Not Contacted,Low
Manufacturing,Small,Good,Medium,Yes,Multan,2858000.0,93,Negative,Not Contacted,Low
Technology,Medium,Good,Medium,Yes,Rawalpindi,2985000.0,34,Neutral,Scheduled,Medium
Technology,Medium,Good,High,Yes,Islamabad,217000.0,175,Positive,Not Scheduled,High
Education,Medium,Good,Medium,Yes,Quetta,1608000.0,147,,Not Contacted,Medium
Finance,Medium,Good,Low,Yes,Peshawar,694000.0,29,Neutral,Not Scheduled,Low
Manufacturing,Large,Good,Medium,Yes,Faisalabad,707000.0,16,Neutral,Completed,High
Marketing,Small,Good,Medium,Yes,Lahore,612000.0,97,No Response,Not Scheduled,Low
Retail,Small,Average,Medium,Yes,Faisalabad,2502000.0,254,Neutral,Completed,High
Technology,Medium,Average,High,Yes,Peshawar,636000.0,52,No Response,Scheduled,Medium
Marketing,Small,Good,Medium,No,Islamabad,1268000.0,115,Neutral,Completed,Medium
Technology,Small,Excellent,Low,Yes,Lahore,17824000.0,112,Positive,Scheduled,High
Healthcare,Large,Average,High,No,Rawalpindi,13568000.0,146,Positive,Not Scheduled,High
Manufacturing,Large,Good,Medium,Yes,Islamabad,257000.0,48,Positive,Completed,High
Retail,Large,Good,Medium,Yes,Rawalpindi,641000.0,242,,Not Contacted,High
Technology,Small,Average,Medium,Yes,Quetta,2472000.0,183,Positive,Scheduled,High
Real Estate,Small,Good,Medium,Yes,Peshawar,671000.0,114,Positive,Not Scheduled,High
Healthcare,Large,Poor,High,Yes,Rawalpindi,3882000.0,71,No Response,Scheduled,Medium
Finance,Small,,Low,No,Rawalpindi,2230000.0,309,Neutral,Not Scheduled,Low
Healthcare,Small,Average,Medium,Yes,Peshawar,340000.0,185,Negative,Completed,Low
Manufacturing,Small,Excellent,Medium,Yes,Multan,,169,Negative,Not Contacted,Low
Technology,Small,Good,High,No,Quetta,567000.0,142,Positive,Scheduled,High
Technology,Large,Excellent,High,Yes,Quetta,650000.0,284,Positive,Not Contacted,High
Technology,Small,Average,High,Yes,Quetta,1976000.0,87,Negative,Scheduled,Medium
Real Estate,Small,Good,Medium,Yes,Multan,1702000.0,117,Negative,Scheduled,Low
Marketing,Small,Excellent,Low,Yes,Lahore,1145000.0,111,Positive,Completed,High
Technology,Medium,Excellent,High,Yes,Lahore,722000.0,250,Positive,Scheduled,High
Marketing,Large,Excellent,Medium,Yes,Quetta,1098000.0,32,No Response,Not Scheduled,Medium
Technology,Medium,Average,High,Yes,Faisalabad,7974000.0,519,,Scheduled,High
Real Estate,Medium,Good,,Yes,Multan,1598000.0,65,Positive,Not Scheduled,Medium
Finance,Large,Excellent,Medium,Yes,Lahore,2019000.0,26,Neutral,Not Scheduled,High
Finance,Large,Good,High,Yes,Multan,665000.0,183,Negative,Scheduled,High
Manufacturing,Small,Good,High,No,Islamabad,5065000.0,142,Positive,Not Contacted,Medium
Technology,Large,Excellent,Medium,No,Peshawar,1014000.0,98,Neutral,Not Contacted,Low
Marketing,Small,Excellent,Medium,Yes,Faisalabad,1250000.0,449,No Response,Scheduled,Medium
Retail,Small,Poor,High,Yes,Multan,1452000.0,373,Positive,Not Scheduled,Medium
Technology,Medium,Good,High,No,Peshawar,3646000.0,93,Positive,Not Contacted,Medium
Technology,Small,Good,Low,Yes,Multan,979000.0,65,Positive,Scheduled,Medium
Retail,Medium,Average,Medium,Yes,Quetta,957000.0,274,Positive,Not Scheduled,Medium
Technology,Large,Good,Medium,Yes,Rawalpindi,2260000.0,106,Negative,Not Contacted,Low
Manufacturing,Large,Excellent,High,Yes,Karachi,,9,No Response,Scheduled,High
Retail,Large,Poor,Low,Yes,Lahore,1469000.0,122,Positive,Not Scheduled,Medium
Marketing,Medium,Good,Medium,Yes,Peshawar,410000.0,34,Neutral,Completed,Medium
Technology,Medium,Good,Medium,No,Multan,682000.0,108,Neutral,Completed,Medium
Finance,Small,Excellent,Medium,No,Faisalabad,4408000.0,374,Neutral,Scheduled,Medium
Healthcare,Large,Good,Low,No,Karachi,570000.0,146,No Response,Scheduled,Low
Manufacturing,Small,Average,Medium,Yes,Rawalpindi,490000.0,152,Positive,Completed,High
Real Estate,Small,Average,Low,No,Rawalpindi,3629000.0,124,Neutral,Not Scheduled,Low
Real Estate,Small,Average,Medium,Yes,Multan,1323000.0,37,Positive,Completed,High
Finance,Large,Poor,Low,Yes,Islamabad,9341000.0,63,No Response,Completed,Medium
Technology,Medium,Average,Medium,Yes,Faisalabad,6450000.0,84,Positive,Completed,High
Manufacturing,Small,Good,Medium,Yes,Rawalpindi,437000.0,45,Negative,Completed,Medium
Marketing,Small,Average,Medium,Yes,Quetta,616000.0,76,Neutral,Not Scheduled,Low
Technology,Medium,Average,Medium,Yes,Karachi,1662000.0,31,Positive,Scheduled,High
Real Estate,Large,Good,Medium,No,Quetta,5743000.0,67,Neutral,Completed,High
Technology,Medium,Excellent,Medium,Yes,Rawalpindi,3533000.0,14,No Response,Scheduled,Medium
Education,Small,Average,Medium,Yes,Multan,3793000.0,866,Neutral,Not Contacted,Medium
Retail,Small,Good,Medium,Yes,Multan,1721000.0,41,Positive,Scheduled,High
Technology,Medium,Average,Medium,No,Peshawar,770000.0,541,Positive,Not Scheduled,Medium
Technology,Small,Excellent,High,No,Quetta,428000.0,115,Positive,Not Scheduled,Medium
Healthcare,Small,Average,Low,Yes,Islamabad,1412000.0,65,Positive,Scheduled,Medium
Healthcare,Small,Good,Low,Yes,Rawalpindi,1826000.0,445,No Response,Not Contacted,Low
Manufacturing,Medium,Poor,High,Yes,Islamabad,,77,Neutral,Scheduled,Medium
Finance,Large,Good,High,Yes,Rawalpindi,10284000.0,47,Negative,Not Contacted,Medium
Retail,Medium,Average,Medium,Yes,Multan,9123000.0,13,Positive,Not Contacted,Medium
Healthcare,Medium,Good,High,No,Lahore,1003000.0,33,No Response,Scheduled,Low
Marketing,Medium,Good,Medium,Yes,Faisalabad,769000.0,51,Negative,Not Scheduled,Low
Finance,Medium,Good,High,Yes,Peshawar,1275000.0,114,Negative,Completed,High
Manufacturing,Small,Good,Low,Yes,Faisalabad,1599000.0,278,Positive,Scheduled,Medium
Manufacturing,Small,Good,Low,Yes,Quetta,2563000.0,95,Positive,Scheduled,High
Education,Small,Excellent,Low,Yes,Peshawar,1234000.0,25,Neutral,Scheduled,Medium
Manufacturing,Medium,Average,Low,No,Quetta,5208000.0,49,Negative,Not Contacted,Low
Manufacturing,Small,Excellent,Medium,Yes,Faisalabad,12148000.0,76,Neutral,Completed,High
Finance,Large,Average,Low,Yes,Lahore,1207000.0,65,Neutral,Not Scheduled,Low
Marketing,Small,Poor,Low,Yes,Quetta,5645000.0,56,No Response,Completed,Low
Education,Small,Poor,Medium,Yes,Rawalpindi,1710000.0,760,Positive,Completed,High
Education,Small,,Medium,No,Peshawar,3616000.0,331,Positive,Scheduled,High
Real Estate,Small,Excellent,High,Yes,Multan,4519000.0,21,No Response,Not Contacted,Medium
Healthcare,Medium,Excellent,High,No,Lahore,627000.0,86,No Response,Scheduled,Medium
Retail,Large,Good,High,Yes,Rawalpindi,781000.0,121,Positive,Not Scheduled,High
Technology,Small,Excellent,Medium,Yes,Quetta,351000.0,110,Negative,Not Contacted,Low
Real Estate,Small,Average,High,Yes,Lahore,10404000.0,107,Positive,Completed,High
Real Estate,Small,Poor,Low,Yes,Faisalabad,917000.0,163,Positive,Completed,Medium
Finance,Large,Average,Medium,Yes,Quetta,683000.0,200,No Response,Not Scheduled,Medium
Healthcare,Small,Excellent,High,No,Islamabad,3039000.0,670,Positive,Not Scheduled,Medium
Retail,Medium,Average,Low,Yes,Karachi,,486,Positive,Completed,High
Manufacturing,Small,Poor,Medium,Yes,Faisalabad,19504000.0,294,No Response,Completed,Low
Technology,Medium,Poor,Low,Yes,Multan,1930000.0,107,Neutral,Not Scheduled,Low
Finance,Medium,Average,Medium,Yes,Faisalabad,2032000.0,93,Negative,Completed,Medium
Finance,Large,Average,High,Yes,Faisalabad,1281000.0,176,No Response,Scheduled,High
Technology,Small,Good,Medium,Yes,Karachi,426000.0,111,Neutral,Scheduled,Medium
Finance,Medium,Good,Low,No,Lahore,2902000.0,13,No Response,Not Contacted,Low
Healthcare,Small,Excellent,Medium,Yes,Peshawar,3571000.0,20,Positive,Not Scheduled,High
Technology,Small,Average,Medium,Yes,Peshawar,298000.0,75,No Response,Not Scheduled,Low
Education,Medium,Average,Low,Yes,Rawalpindi,2100000.0,90,No Response,Scheduled,Low
Marketing,Large,Good,High,No,Peshawar,1077000.0,174,Negative,Not Contacted,Medium
Marketing,Small,Poor,Low,Yes,Peshawar,562000.0,275,No Response,Completed,Medium
Manufacturing,Small,Good,Medium,Yes,Rawalpindi,2291000.0,26,Neutral,Not Scheduled,Low
Technology,Small,Good,High,Yes,Karachi,930000.0,223,Positive,Not Scheduled,High
Finance,Medium,Good,High,Yes,Multan,1374000.0,265,Positive,Not Contacted,High
Retail,Medium,Good,High,Yes,Multan,1521000.0,99,Negative,Scheduled,Medium
Technology,Small,Poor,High,Yes,Faisalabad,377000.0,219,Positive,Not Contacted,Medium
Retail,Small,Good,Medium,No,Islamabad,5084000.0,97,Neutral,Not Contacted,Low
Technology,Small,Excellent,High,No,Quetta,2156000.0,109,Positive,Not Contacted,Medium
Retail,Large,Average,Medium,No,Lahore,242000.0,110,Positive,Scheduled,High
Education,Small,Good,Medium,No,Multan,1796000.0,65,Negative,Scheduled,Low
Finance,Medium,,Medium,No,Faisalabad,578000.0,232,Negative,Not Scheduled,Low
Retail,Medium,Average,Medium,Yes,Peshawar,693000.0,34,Positive,Not Scheduled,Low
Finance,Small,Average,High,Yes,Lahore,682000.0,57,Negative,Scheduled,Medium
Education,Large,Average,Medium,No,Karachi,2416000.0,180,Positive,Not Scheduled,Low
Retail,Large,Good,Low,Yes,Multan,280000.0,50,Positive,Not Scheduled,Medium
Real Estate,Medium,Good,Low,Yes,Karachi,2100000.0,39,No Response,Not Scheduled,Low
Technology,Small,Poor,High,Yes,Peshawar,2817000.0,127,No Response,Not Scheduled,Low
Finance,Small,Average,Low,Yes,Peshawar,1057000.0,75,Positive,Completed,Medium
Retail,Medium,Excellent,Medium,Yes,Rawalpindi,5874000.0,312,Positive,Scheduled,High
Education,Small,Poor,Medium,Yes,Islamabad,1654000.0,636,Negative,Scheduled,Low
Manufacturing,Large,Average,Medium,No,Rawalpindi,698000.0,33,No Response,Completed,Medium
Finance,Small,Excellent,High,Yes,Faisalabad,1783000.0,197,No Response,Scheduled,High
Finance,Medium,Excellent,Low,No,Lahore,4582000.0,19,Negative,Completed,Medium
Technology,Small,Excellent,Medium,Yes,Lahore,223000.0,173,Negative,Scheduled,Medium
Finance,Small,Excellent,Low,Yes,Islamabad,577000.0,57,No Response,Not Contacted,Low
Real Estate,Small,Average,,Yes,Lahore,,82,Neutral,Completed,Low
Technology,Small,Poor,Medium,No,Quetta,2338000.0,56,No Response,Scheduled,Low
Education,Small,Average,Medium,Yes,Rawalpindi,584000.0,269,No Response,Not Scheduled,Low
Real Estate,Large,Poor,Medium,Yes,Quetta,2173000.0,22,No Response,Completed,Medium
Healthcare,Large,Good,Low,Yes,Rawalpindi,1219000.0,27,Negative,Completed,High
Real Estate,Small,Good,Medium,No,Quetta,609000.0,165,No Response,Not Scheduled,Low
Manufacturing,Large,Poor,High,No,Lahore,1270000.0,115,Neutral,Not Contacted,Low
Retail,Small,Excellent,Medium,Yes,Islamabad,6711000.0,285,Positive,Not Contacted,High
Technology,Small,Excellent,,Yes,Peshawar,1607000.0,98,Positive,Completed,High
Healthcare,Medium,Excellent,Medium,Yes,Islamabad,2053000.0,138,Neutral,Not Scheduled,Medium
Healthcare,Medium,Good,High,Yes,Multan,2643000.0,368,Neutral,Not Scheduled,Medium
Technology,Small,Good,,No,Quetta,1519000.0,27,Positive,Completed,Medium
Technology,Small,Good,Medium,Yes,Rawalpindi,1003000.0,76,Positive,Completed,High
Technology,Small,Good,Medium,Yes,Peshawar,1504000.0,156,Positive,Not Contacted,Medium
Healthcare,Medium,Good,Medium,Yes,Karachi,474000.0,171,Neutral,Completed,Medium
Technology,Large,Excellent,Medium,Yes,Multan,1400000.0,60,Positive,Scheduled,High
Retail,Small,Average,High,No,Islamabad,1954000.0,20,Negative,Not Scheduled,Low
Healthcare,Medium,Poor,High,Yes,Lahore,2430000.0,91,Neutral,Completed,High
Finance,Medium,Average,Low,Yes,Faisalabad,845000.0,73,Neutral,Not Contacted,Low
Healthcare,Small,Average,Low,Yes,Multan,3091000.0,365,Negative,Completed,Low
Healthcare,Small,Good,Medium,No,Peshawar,2802000.0,111,Neutral,Completed,Medium
Manufacturing,Medium,Excellent,High,Yes,Peshawar,817000.0,144,Negative,Not Scheduled,Medium
Marketing,Large,Excellent,High,Yes,Lahore,820000.0,107,Positive,Not Contacted,High
Technology,Small,Poor,High,No,Multan,1493000.0,61,Positive,Completed,Medium
Healthcare,Medium,Good,Medium,Yes,Quetta,1174000.0,245,Positive,Scheduled,High
Real Estate,Medium,Excellent,Low,Yes,Lahore,3572000.0,25,Neutral,Scheduled,Medium
Technology,Small,Poor,Low,No,Peshawar,732000.0,43,No Response,Scheduled,Low
Manufacturing,Medium,Excellent,Medium,Yes,Peshawar,1736000.0,24,Negative,Not Scheduled,Medium
Real Estate,Medium,Average,High,Yes,Multan,1290000.0,194,No Response,Not Scheduled,Low
Technology,Medium,Good,Medium,Yes,Faisalabad,3196000.0,107,Negative,Scheduled,Medium
Education,Large,Good,Low,Yes,Islamabad,330000.0,25,Neutral,Not Scheduled,Low
Technology,Medium,Good,High,Yes,Peshawar,1555000.0,52,,Not Scheduled,Medium
Healthcare,Medium,Poor,Medium,Yes,Islamabad,476000.0,145,No Response,Scheduled,Low
Real Estate,Medium,Good,Medium,Yes,Lahore,,245,Negative,Scheduled,Medium
Finance,Small,Good,Medium,Yes,Quetta,877000.0,193,Neutral,Scheduled,Medium
Manufacturing,Medium,,High,Yes,Lahore,7089000.0,29,Negative,Not Scheduled,Medium
Education,Small,Good,Low,Yes,Karachi,,70,Neutral,Not Scheduled,Low
Finance,Large,Average,Low,Yes,Faisalabad,3437000.0,72,Positive,Scheduled,High
Technology,Small,Good,Medium,Yes,Faisalabad,1213000.0,90,No Response,Completed,Medium
Retail,Small,Good,Low,No,Lahore,8984000.0,33,Negative,Not Scheduled,Low
Marketing,Small,Average,Medium,Yes,Islamabad,2088000.0,93,Neutral,Not Contacted,Low
Retail,Small,Excellent,,Yes,Multan,842000.0,314,Positive,Not Contacted,Medium
Real Estate,Medium,Good,High,Yes,Multan,424000.0,136,Positive,Scheduled,High
Healthcare,Medium,Good,Medium,Yes,Peshawar,517000.0,270,No Response,Not Contacted,Low
Finance,Small,Excellent,Low,Yes,Islamabad,2384000.0,418,Positive,Not Contacted,Medium
Retail,Medium,Average,Medium,Yes,Peshawar,2088000.0,51,,Completed,High
Real Estate,Medium,Average,Low,Yes,Multan,3924000.0,35,Neutral,Not Scheduled,Low
Finance,Medium,Average,Medium,Yes,Lahore,223000.0,227,Positive,Not Scheduled,Medium
Retail,Small,Good,High,Yes,Peshawar,2421000.0,146,Neutral,Completed,High
Education,Large,Average,High,Yes,Quetta,2307000.0,71,Neutral,Not Contacted,Medium
Real Estate,Medium,Poor,Medium,No,Karachi,1360000.0,225,Negative,Scheduled,Low
Manufacturing,Small,Good,Low,Yes,Rawalpindi,581000.0,153,Positive,Completed,High
Retail,Medium,Average,Low,Yes,Rawalpindi,511000.0,196,Positive,Scheduled,High
Retail,Medium,Average,Medium,Yes,Faisalabad,943000.0,69,Positive,Not Scheduled,Medium
Retail,Small,Good,High,Yes,Lahore,1082000.0,65,Positive,Completed,High
Finance,Medium,Good,Low,Yes,Karachi,574000.0,178,Positive,Scheduled,High
Manufacturing,Large,Average,Medium,Yes,Islamabad,2598000.0,256,No Response,Completed,High
Technology,Medium,Good,Medium,Yes,Karachi,4020000.0,75,No Response,Not Contacted,Low
Education,Small,Poor,Medium,Yes,Faisalabad,730000.0,163,No Response,Not Contacted,Low
Finance,Medium,Good,Medium,Yes,Rawalpindi,1575000.0,150,Positive,Not Scheduled,Medium
Technology,Medium,Good,High,Yes,Multan,11060000.0,101,No Response,Scheduled,High
Retail,Large,Good,Medium,No,Quetta,181000.0,101,Positive,Not Scheduled,Medium
Real Estate,Medium,Good,Low,Yes,Rawalpindi,1308000.0,114,Neutral,Not Scheduled,Low
Education,Large,Excellent,Low,Yes,Peshawar,150000.0,110,Positive,Scheduled,High
Manufacturing,Large,Average,Medium,Yes,Lahore,2575000.0,69,Positive,Not Scheduled,High
Technology,Medium,Good,Medium,Yes,Faisalabad,815000.0,339,Positive,Not Contacted,High
Real Estate,Large,Average,Low,Yes,Karachi,2440000.0,25,Negative,Not Contacted,Low
Technology,Small,Good,Medium,No,Islamabad,8746000.0,168,Negative,Scheduled,Low
Retail,Medium,Good,Medium,No,Peshawar,1609000.0,43,Negative,Scheduled,Low
Manufacturing,Small,Excellent,Medium,Yes,Faisalabad,624000.0,33,No Response,Not Scheduled,Low
Finance,Small,Good,Medium,Yes,Karachi,1425000.0,10,Positive,Not Scheduled,Medium
Manufacturing,Small,Good,Low,Yes,Karachi,1263000.0,69,Negative,Not Scheduled,Low
Technology,Small,Average,High,Yes,Quetta,530000.0,37,Positive,Completed,High
Marketing,Medium,Average,Medium,Yes,Islamabad,395000.0,37,Neutral,Scheduled,Medium
Technology,Small,Good,Medium,Yes,Multan,811000.0,38,Positive,Completed,High
Finance,Small,Good,Medium,Yes,Rawalpindi,909000.0,109,Neutral,Not Contacted,Low
Education,Small,Excellent,High,Yes,Multan,4665000.0,36,Neutral,Scheduled,High
Manufacturing,Large,Good,Medium,No,Rawalpindi,2062000.0,432,No Response,Scheduled,Medium
Technology,Small,Average,Medium,Yes,Faisalabad,4957000.0,168,No Response,Not Contacted,Low
Manufacturing,Medium,Average,Low,No,Quetta,562000.0,32,Positive,Not Scheduled,Low
Finance,Large,Excellent,Low,Yes,Karachi,1579000.0,187,Neutral,Not Scheduled,Medium
Real Estate,Small,Average,Medium,Yes,Rawalpindi,300000.0,404,No Response,Scheduled,Low
Technology,Medium,Good,High,Yes,Faisalabad,2971000.0,723,Positive,Completed,High
Technology,Medium,Good,Low,Yes,Lahore,1426000.0,47,Positive,Not Scheduled,Medium
Technology,Small,Average,Medium,Yes,Karachi,237000.0,55,Positive,Scheduled,High
Healthcare,Small,Good,Medium,Yes,Lahore,5560000.0,54,No Response,Scheduled,Medium
Manufacturing,Large,Average,Medium,Yes,Karachi,2135000.0,121,Negative,Not Scheduled,Medium
Retail,Medium,Good,Low,Yes,Quetta,2054000.0,75,Positive,Completed,High
Manufacturing,Medium,Good,High,Yes,Rawalpindi,2211000.0,17,Positive,Scheduled,High
Finance,Large,Excellent,Medium,Yes,Rawalpindi,1339000.0,67,Positive,Not Scheduled,High
Real Estate,Medium,Average,Medium,Yes,Quetta,2960000.0,196,Neutral,Not Scheduled,Medium
Manufacturing,Small,Excellent,Medium,No,Peshawar,1713000.0,276,Positive,Not Scheduled,High
Retail,Small,Poor,Low,Yes,Lahore,1377000.0,86,No Response,Completed,Low
Technology,Small,,Low,Yes,Islamabad,3188000.0,164,Neutral,Scheduled,Medium
Manufacturing,Medium,Good,Medium,Yes,Peshawar,716000.0,264,Positive,Not Scheduled,High
Technology,Medium,Average,Low,Yes,Lahore,811000.0,174,No Response,Completed,Medium
Education,Small,Excellent,Low,Yes,Faisalabad,2984000.0,53,No Response,Scheduled,Medium
Finance,Small,Good,Medium,No,Islamabad,1749000.0,24,Positive,Scheduled,Medium
Marketing,Medium,Good,,Yes,Islamabad,509000.0,87,No Response,Not Contacted,Low
Technology,Medium,Good,High,Yes,Peshawar,,354,Positive,Not Scheduled,High
Manufacturing,Small,Good,Medium,Yes,Rawalpindi,3775000.0,19,Negative,Not Scheduled,Low
Manufacturing,Small,Average,Medium,Yes,Peshawar,465000.0,298,Positive,Not Scheduled,Medium
Technology,Large,Good,Low,Yes,Quetta,591000.0,202,No Response,Scheduled,Medium
Marketing,Small,Good,High,Yes,Islamabad,3229000.0,108,Positive,Scheduled,High
Technology,Small,Poor,High,Yes,Multan,6718000.0,87,Negative,Not Scheduled,Low
Finance,Large,,Low,Yes,Lahore,746000.0,72,No Response,Not Scheduled,Low
Healthcare,Large,Excellent,Medium,No,Rawalpindi,,59,Positive,Not Scheduled,High
Technology,Medium,Excellent,Medium,No,Karachi,825000.0,51,Negative,Not Scheduled,Low
Finance,Small,Excellent,Low,No,Karachi,619000.0,126,Positive,Not Contacted,Medium
Finance,Small,Good,High,Yes,Lahore,287000.0,128,Positive,Completed,High
Retail,Small,Excellent,Low,No,Karachi,2591000.0,117,Neutral,Not Scheduled,Low
Technology,Small,Average,High,Yes,Islamabad,2308000.0,243,Positive,Not Scheduled,High
Manufacturing,Small,Average,,Yes,Peshawar,2864000.0,74,Positive,Not Contacted,Medium
Manufacturing,Small,Excellent,High,Yes,Multan,3389000.0,35,Negative,Not Scheduled,Medium
Manufacturing,Medium,Poor,Medium,Yes,Multan,208000.0,227,No Response,Completed,Medium
Technology,Large,Poor,High,Yes,Quetta,278000.0,17,Neutral,Not Scheduled,Medium
Education,Medium,Excellent,High,Yes,Quetta,2038000.0,82,Neutral,Scheduled,High
Retail,Small,Excellent,Medium,Yes,Rawalpindi,594000.0,45,No Response,Scheduled,Medium
Marketing,Small,Excellent,Low,Yes,Peshawar,271000.0,151,Positive,Not Scheduled,Medium
Finance,Medium,,Low,Yes,Quetta,3302000.0,162,No Response,Completed,Medium
Technology,Medium,Excellent,Medium,No,Rawalpindi,818000.0,53,Positive,Scheduled,High
Education,Small,Average,Low,No,Multan,248000.0,118,Positive,Scheduled,Low
Finance,Small,Good,Medium,Yes,Peshawar,5987000.0,34,Negative,Not Contacted,Low
Technology,Medium,Excellent,High,Yes,Rawalpindi,1248000.0,52,Positive,Not Scheduled,High
Healthcare,Large,Excellent,Low,Yes,Rawalpindi,2282000.0,34,Positive,Completed,High
Real Estate,Medium,Good,Medium,Yes,Peshawar,288000.0,189,No Response,Scheduled,Medium
Manufacturing,Small,Average,Low,Yes,Islamabad,808000.0,471,Neutral,Not Scheduled,Low
Technology,Small,Good,Low,No,Rawalpindi,2842000.0,225,No Response,Scheduled,Low
Finance,Medium,Good,Low,Yes,Lahore,2201000.0,103,No Response,Scheduled,Medium
Marketing,Medium,Good,Medium,Yes,Multan,1186000.0,46,No Response,Scheduled,Medium
Manufacturing,Large,Good,High,Yes,Faisalabad,1353000.0,108,No Response,Completed,High
Real Estate,Small,Average,Medium,Yes,Faisalabad,4278000.0,18,No Response,Not Scheduled,Low
Retail,Medium,Good,Medium,No,Multan,7715000.0,22,Neutral,Not Scheduled,Low
Finance,Small,Poor,High,Yes,Rawalpindi,4522000.0,400,Positive,Completed,High
Technology,Small,Average,Low,Yes,Peshawar,820000.0,15,Positive,Scheduled,Medium
Education,Large,Average,Low,Yes,Islamabad,1685000.0,50,,Completed,Medium
Retail,Small,Excellent,High,Yes,Rawalpindi,1746000.0,82,No Response,Not Contacted,Medium
Manufacturing,Small,Average,High,Yes,Islamabad,3980000.0,32,Negative,Not Scheduled,Low
Technology,Medium,Average,Low,Yes,Lahore,591000.0,81,No Response,Not Scheduled,Low
Education,Small,Excellent,Medium,Yes,Peshawar,735000.0,164,Neutral,Not Contacted,Low
Technology,Small,Excellent,Medium,Yes,Multan,332000.0,453,Neutral,Scheduled,Medium
Technology,Large,Good,Medium,Yes,Peshawar,5172000.0,43,Neutral,Not Scheduled,Medium
Healthcare,Small,Excellent,Medium,Yes,Peshawar,1330000.0,140,Negative,Not Contacted,Low
Real Estate,Small,Good,Low,Yes,Islamabad,3148000.0,62,Positive,Not Contacted,Low
Technology,Large,Excellent,High,Yes,Peshawar,4891000.0,110,No Response,Completed,High
Education,Medium,Good,Medium,Yes,Multan,830000.0,99,Positive,Not Contacted,High
Manufacturing,Medium,Good,Medium,Yes,Rawalpindi,625000.0,91,Positive,Not Scheduled,High
Education,Large,Good,Low,No,Lahore,1819000.0,32,Neutral,Not Scheduled,Low
Finance,Large,Excellent,Low,Yes,Karachi,1579000.0,187,Neutral,Not Scheduled,Medium
Manufacturing,Small,Good,Low,Yes,Peshawar,4053000.0,38,Positive,Completed,High
Marketing,Small,Average,Medium,Yes,Islamabad,1858000.0,163,Negative,Not Scheduled,Low
Education,Small,Average,Medium,Yes,Karachi,2011000.0,238,Positive,Scheduled,High
Finance,Small,Good,Medium,Yes,Quetta,931000.0,37,No Response,Not Scheduled,Low
Marketing,Small,Average,High,No,Quetta,1936000.0,155,Positive,Completed,High
Real Estate,Large,Average,Medium,Yes,Karachi,381000.0,35,Positive,Scheduled,High
Finance,Small,Average,Medium,Yes,Faisalabad,1403000.0,182,No Response,Not Scheduled,Low
Retail,Small,Poor,Low,Yes,Multan,819000.0,390,No Response,Not Contacted,Low
Marketing,Small,Good,Medium,Yes,Peshawar,1138000.0,177,No Response,Completed,Medium
Finance,Medium,Good,High,Yes,Karachi,808000.0,441,Positive,Not Scheduled,High
Education,Medium,Poor,Medium,Yes,Karachi,8151000.0,150,Positive,Not Scheduled,Medium
Technology,Small,Good,Medium,Yes,Multan,393000.0,92,Negative,Completed,Medium
Retail,Small,Good,Low,Yes,Multan,1045000.0,41,No Response,Completed,Low
Real Estate,Small,Excellent,Medium,Yes,Islamabad,727000.0,73,No Response,Scheduled,Medium
Finance,Medium,Excellent,Medium,Yes,Islamabad,7850000.0,14,Neutral,Not Contacted,Low
Retail,Large,Average,Low,Yes,Multan,3004000.0,125,Positive,Scheduled,High
Retail,Small,Average,Low,Yes,Karachi,412000.0,189,Positive,Not Scheduled,Low
Marketing,Small,Good,High,Yes,Rawalpindi,2809000.0,11,Positive,Scheduled,High
Marketing,Medium,Poor,Medium,Yes,Quetta,948000.0,94,Neutral,Not Scheduled,Low
Finance,Large,Good,Medium,Yes,Faisalabad,12538000.0,19,Positive,Completed,High
Healthcare,Large,Poor,High,No,Lahore,775000.0,44,Positive,Completed,High
Marketing,Small,Excellent,High,Yes,Multan,4321000.0,169,Neutral,Scheduled,High
Finance,Medium,Excellent,Low,Yes,Islamabad,2615000.0,54,No Response,Scheduled,Medium
Retail,Medium,Good,Low,Yes,Peshawar,578000.0,92,Neutral,Not Contacted,Low
Finance,Medium,Excellent,High,No,Islamabad,2603000.0,642,Negative,Not Scheduled,Medium
Healthcare,Medium,Good,Low,Yes,Peshawar,449000.0,107,Neutral,Completed,Medium
Finance,Small,Good,Medium,Yes,Multan,4236000.0,322,Positive,Not Scheduled,High
Healthcare,Small,Average,Low,Yes,Karachi,552000.0,69,No Response,Not Scheduled,Low
Real Estate,Small,Good,High,Yes,Quetta,358000.0,40,Positive,Scheduled,High
Healthcare,Large,Good,Medium,Yes,Rawalpindi,15119000.0,38,Neutral,Not Contacted,Medium
Technology,Medium,Excellent,Medium,Yes,Karachi,2874000.0,458,Positive,Completed,High
Finance,Large,Average,Medium,No,Karachi,637000.0,36,Neutral,Scheduled,Low
Manufacturing,Small,Average,Low,Yes,Lahore,1130000.0,225,Positive,Scheduled,Medium
Manufacturing,Small,Poor,High,Yes,Quetta,1659000.0,66,Neutral,Completed,Medium
Finance,Small,Good,Low,Yes,Islamabad,3602000.0,79,Neutral,Not Contacted,Low
Manufacturing,Medium,Excellent,Low,No,Faisalabad,1980000.0,39,,Scheduled,High
Technology,Small,Excellent,,Yes,Peshawar,168000.0,58,Neutral,Not Contacted,Low
Retail,Small,Poor,Medium,No,Lahore,786000.0,258,Negative,Completed,Low
Healthcare,Large,Good,High,Yes,Rawalpindi,4235000.0,24,Positive,Not Contacted,High
Finance,Medium,Good,High,Yes,Faisalabad,218000.0,250,Neutral,Scheduled,High
Manufacturing,Small,Average,High,Yes,Islamabad,2091000.0,157,Positive,Not Scheduled,Medium
Technology,Small,Average,Low,Yes,Rawalpindi,579000.0,166,Negative,Scheduled,Low
Retail,Small,Average,Low,Yes,Peshawar,1890000.0,131,Neutral,Completed,Medium
Technology,Small,Good,Medium,No,Karachi,5434000.0,21,Negative,Scheduled,Low
Education,Large,,Medium,Yes,Quetta,525000.0,478,Positive,Scheduled,High
Finance,Medium,Good,Medium,Yes,Multan,1181000.0,775,Neutral,Not Contacted,Medium
Healthcare,Small,Poor,Low,Yes,Islamabad,8258000.0,184,No Response,Scheduled,Low
Technology,Medium,Good,Medium,No,Quetta,255000.0,28,Negative,Scheduled,Low
Technology,Small,Excellent,Medium,Yes,Multan,1612000.0,696,Positive,Scheduled,High
Finance,Medium,Average,Medium,Yes,Quetta,1738000.0,419,No Response,Scheduled,Medium
Technology,Small,Average,High,Yes,Lahore,1848000.0,112,Negative,Not Contacted,Low
Manufacturing,Large,Poor,Low,Yes,Lahore,1446000.0,248,Neutral,Scheduled,Low
Finance,Large,,Medium,No,Islamabad,2521000.0,42,No Response,Completed,Medium
Technology,Small,Good,Medium,No,Multan,1022000.0,29,No Response,Not Scheduled,Low
Manufacturing,Small,Excellent,Medium,Yes,Quetta,527000.0,5,No Response,Completed,Medium
Retail,Medium,Average,Medium,Yes,Islamabad,1285000.0,119,Positive,Scheduled,High
Real Estate,Large,Average,Medium,Yes,Rawalpindi,828000.0,119,No Response,Scheduled,Medium
Education,Large,Good,High,Yes,Faisalabad,517000.0,61,Positive,Not Contacted,High
Real Estate,Small,Excellent,High,Yes,Faisalabad,2277000.0,48,No Response,Scheduled,High
Finance,Small,Poor,Low,Yes,Karachi,593000.0,25,Neutral,Scheduled,Low
Retail,Small,Excellent,Medium,Yes,Lahore,311000.0,128,No Response,Not Scheduled,Low
Real Estate,Medium,Average,Low,Yes,Karachi,1627000.0,40,No Response,Completed,Low
Marketing,Medium,Good,Medium,No,Islamabad,1198000.0,98,No Response,Completed,Medium
Technology,Medium,Excellent,Low,No,Lahore,2048000.0,29,Positive,Scheduled,Medium
Manufacturing,Medium,Average,Medium,Yes,Faisalabad,135000.0,151,Neutral,Scheduled,Medium
Manufacturing,Small,Average,Medium,Yes,Multan,1259000.0,19,No Response,Not Contacted,Low
Marketing,Small,Average,Medium,Yes,Lahore,1549000.0,104,Neutral,Scheduled,Medium
Education,Small,Poor,Medium,Yes,Rawalpindi,584000.0,199,Neutral,Completed,Medium
Finance,Small,Average,Medium,Yes,Faisalabad,1332000.0,134,No Response,Scheduled,Low
Retail,Medium,Good,Medium,Yes,Faisalabad,3357000.0,100,No Response,Not Contacted,Low
Healthcare,Large,Poor,Low,Yes,Islamabad,1231000.0,173,No Response,Not Scheduled,Low
Technology,Large,Excellent,Medium,Yes,Peshawar,6374000.0,94,Positive,Not Contacted,High
Marketing,Small,Excellent,High,Yes,Rawalpindi,828000.0,151,Positive,Not Contacted,High
Manufacturing,Small,Average,Low,No,Peshawar,185000.0,30,Negative,Not Contacted,Low
Technology,Large,Poor,Medium,Yes,Lahore,159000.0,37,Neutral,Not Scheduled,Medium
Education,Small,Average,High,Yes,Islamabad,661000.0,86,No Response,Not Contacted,Low
Technology,Small,Poor,High,Yes,Karachi,299000.0,41,No Response,Not Contacted,Low
Retail,Small,Good,Low,Yes,Peshawar,1348000.0,96,Neutral,Scheduled,Medium
Retail,Large,Excellent,Medium,Yes,Faisalabad,1378000.0,32,No Response,Not Scheduled,High
Real Estate,Small,Excellent,High,Yes,Islamabad,8368000.0,51,Positive,Not Contacted,High
Technology,Small,Good,Low,Yes,Quetta,1093000.0,52,No Response,Completed,Medium
Technology,Medium,Good,Low,Yes,Lahore,4001000.0,68,Neutral,Scheduled,Medium
Technology,Small,Good,Medium,Yes,Islamabad,3731000.0,58,Neutral,Not Contacted,Low
Finance,Medium,Poor,Low,Yes,Karachi,3770000.0,141,Neutral,Scheduled,Low
Technology,Medium,Good,Low,Yes,Karachi,2950000.0,46,No Response,Not Scheduled,Low
Marketing,Medium,Excellent,High,Yes,Multan,3917000.0,107,Positive,Not Scheduled,High
Technology,Small,Average,Medium,Yes,Faisalabad,657000.0,52,Negative,Scheduled,Low
Finance,Large,Average,Low,No,Multan,3985000.0,44,Neutral,Completed,Low
Technology,Medium,Good,Medium,Yes,Rawalpindi,,696,Neutral,Not Contacted,Medium
Healthcare,Large,Good,Low,Yes,Karachi,1674000.0,71,Neutral,Not Scheduled,Medium
Real Estate,Large,Poor,Low,Yes,Karachi,2712000.0,140,Negative,Not Scheduled,Low
Retail,Medium,Good,Low,Yes,Quetta,1346000.0,101,Negative,Completed,Medium
Finance,Medium,Poor,Medium,Yes,Peshawar,1247000.0,251,Positive,Scheduled,High
Healthcare,Large,Poor,Low,Yes,Quetta,1300000.0,268,Positive,Scheduled,High
Finance,Large,Poor,Low,Yes,Lahore,679000.0,40,Positive,Not Scheduled,Medium
Healthcare,Large,Poor,Low,Yes,Multan,400000.0,52,Neutral,Completed,Medium
Technology,Medium,Good,Medium,No,Faisalabad,4453000.0,449,No Response,Not Scheduled,Low
Finance,Large,Excellent,High,Yes,Faisalabad,490000.0,44,Neutral,Scheduled,High
Retail,Small,Average,Medium,Yes,Faisalabad,7553000.0,396,Negative,Scheduled,Medium
Marketing,Small,Excellent,Low,Yes,Rawalpindi,2455000.0,24,Positive,Completed,High
Education,Small,Poor,Medium,Yes,Lahore,2486000.0,58,Positive,Not Scheduled,Low
Manufacturing,Small,Poor,Low,No,Quetta,3591000.0,280,Negative,Not Scheduled,Low
Finance,Small,Good,Medium,Yes,Islamabad,2542000.0,172,Positive,Scheduled,High
Healthcare,Medium,Average,Low,Yes,Quetta,1226000.0,474,Positive,Not Scheduled,Medium
Technology,Small,Poor,Medium,Yes,Peshawar,1424000.0,11,Positive,Completed,Medium
Finance,Small,Excellent,High,No,Peshawar,5994000.0,126,Positive,Not Scheduled,Medium
Retail,Medium,Average,Low,Yes,Islamabad,2062000.0,511,No Response,Completed,Medium
Marketing,Medium,Average,Low,No,Lahore,1382000.0,57,Positive,Not Contacted,Low
Finance,Large,Excellent,Medium,No,Islamabad,386000.0,49,No Response,Completed,Medium
Retail,Large,Excellent,High,Yes,Islamabad,1337000.0,156,Negative,Scheduled,High
Education,Medium,Poor,High,No,Multan,1243000.0,51,Positive,Not Contacted,Low
Healthcare,Medium,Excellent,Medium,Yes,Islamabad,1112000.0,646,No Response,Scheduled,Medium
Retail,Small,Excellent,High,No,Faisalabad,8845000.0,50,Negative,Not Contacted,Low
Technology,Small,Excellent,High,Yes,Quetta,738000.0,120,Positive,Scheduled,High
Technology,Large,Excellent,High,No,Quetta,637000.0,62,Neutral,Scheduled,High
Healthcare,Medium,Good,Medium,No,Quetta,3893000.0,80,Positive,Not Scheduled,Medium
Education,Large,Excellent,,Yes,Faisalabad,609000.0,21,No Response,Not Scheduled,Medium
Education,Small,,High,Yes,Lahore,2860000.0,75,Positive,Not Contacted,Medium
Retail,Small,Average,High,No,Faisalabad,2056000.0,72,Negative,Completed,Medium
Manufacturing,Small,Good,,Yes,Lahore,3320000.0,55,Positive,Not Contacted,Medium
Finance,Medium,Good,Low,Yes,Faisalabad,2489000.0,19,Positive,Not Scheduled,Medium
Healthcare,Large,Good,Medium,Yes,Islamabad,1372000.0,70,No Response,Not Contacted,Medium
Finance,Large,Good,Low,Yes,Quetta,1726000.0,195,Negative,Not Scheduled,Low
Finance,Medium,Good,Medium,Yes,Faisalabad,1273000.0,178,Positive,Not Scheduled,High
Education,Small,Poor,Medium,Yes,Rawalpindi,2560000.0,76,Positive,Not Contacted,Low
Technology,Large,Good,High,Yes,Karachi,1596000.0,162,Positive,Scheduled,High
Manufacturing,Medium,Excellent,Low,Yes,Quetta,1444000.0,89,Negative,Not Scheduled,Low
Technology,Small,Good,High,Yes,Multan,2974000.0,155,Positive,Scheduled,High
Manufacturing,Medium,Average,Low,Yes,Multan,876000.0,59,Positive,Not Contacted,Low
Technology,Small,Average,High,No,Multan,523000.0,64,Negative,Not Scheduled,Low
Technology,Medium,Average,Medium,No,Quetta,521000.0,81,Positive,Not Scheduled,Low
Real Estate,Medium,Poor,Medium,Yes,Karachi,2086000.0,50,Neutral,Not Contacted,Low
Healthcare,Medium,Excellent,Medium,Yes,Peshawar,3723000.0,180,Negative,Not Contacted,Medium
Manufacturing,Medium,Poor,Medium,Yes,Rawalpindi,12903000.0,100,Positive,Not Contacted,Medium
Education,Medium,Good,High,No,Lahore,371000.0,290,,Scheduled,Medium
Finance,Small,Average,High,Yes,Rawalpindi,607000.0,78,Negative,Completed,Medium
Retail,Small,Excellent,Low,Yes,Islamabad,1067000.0,161,Negative,Not Scheduled,Low
Real Estate,Medium,Poor,High,Yes,Karachi,671000.0,91,Positive,Scheduled,Medium
Technology,Small,Poor,High,Yes,Karachi,638000.0,48,Negative,Scheduled,Low
Manufacturing,Medium,Good,Medium,Yes,Peshawar,4558000.0,33,Positive,Scheduled,High
Technology,Medium,Good,Low,Yes,Islamabad,462000.0,100,Neutral,Not Contacted,Low
Retail,Small,Good,Medium,Yes,Islamabad,3325000.0,319,No Response,Not Scheduled,Low
Real Estate,Medium,Excellent,Medium,Yes,Peshawar,310000.0,59,No Response,Completed,High
Technology,Small,,Medium,No,Karachi,620000.0,180,No Response,Completed,Low
Healthcare,Small,Poor,Medium,Yes,Quetta,1744000.0,1363,Negative,Not Contacted,Low
Finance,Small,Good,High,Yes,Faisalabad,641000.0,38,Positive,Completed,High
Technology,Small,Good,High,Yes,Faisalabad,489000.0,1280,Neutral,Not Contacted,Medium
Finance,Medium,Good,Medium,Yes,Islamabad,3182000.0,66,Positive,Not Contacted,Medium
Technology,Large,Average,Medium,Yes,Multan,4624000.0,225,Negative,Not Scheduled,Low
Technology,Large,Poor,Medium,Yes,Multan,289000.0,105,,Not Scheduled,Low
Finance,Medium,Good,Medium,Yes,Peshawar,5709000.0,112,No Response,Scheduled,Medium
Retail,Small,Good,Medium,Yes,Rawalpindi,13668000.0,141,,Not Contacted,Low
Real Estate,Large,Average,Medium,Yes,Karachi,482000.0,131,No Response,Not Scheduled,Low
Manufacturing,Small,Excellent,Medium,Yes,Multan,2084000.0,46,Positive,Not Scheduled,High
Finance,Small,Good,High,Yes,Peshawar,1393000.0,111,Neutral,Not Scheduled,Medium
Marketing,Small,Good,Medium,Yes,Rawalpindi,970000.0,340,No Response,Scheduled,Medium
Healthcare,Medium,Good,Medium,Yes,Lahore,391000.0,48,Neutral,Not Scheduled,Medium
Technology,Small,Excellent,Medium,Yes,Peshawar,,102,No Response,Completed,Medium
Retail,Small,Poor,Medium,No,Islamabad,893000.0,47,Neutral,Not Scheduled,Low
Healthcare,Small,Good,Medium,Yes,Islamabad,8143000.0,317,Neutral,Scheduled,Medium
Healthcare,Small,Poor,Medium,No,Islamabad,1187000.0,66,No Response,Not Scheduled,Low
Manufacturing,Small,Poor,High,Yes,Lahore,3760000.0,104,No Response,Not Scheduled,Low
Retail,Large,Average,Medium,No,Islamabad,1215000.0,27,Positive,Completed,High
Education,Large,Excellent,Medium,Yes,Karachi,477000.0,20,Neutral,Not Scheduled,Medium
Retail,Medium,,Low,Yes,Rawalpindi,71000.0,11,Neutral,Scheduled,Low
Education,Medium,Good,,Yes,Faisalabad,4476000.0,13,Positive,Not Scheduled,Medium
Finance,Medium,Average,High,No,Quetta,1822000.0,143,Positive,Not Scheduled,Medium
Finance,Small,Good,High,Yes,Multan,1207000.0,64,No Response,Scheduled,Low
Retail,Medium,Good,Medium,Yes,Rawalpindi,1546000.0,76,Neutral,Scheduled,Medium
Finance,Medium,Average,High,Yes,Karachi,546000.0,400,No Response,Completed,Medium
Retail,Large,Good,Medium,Yes,Karachi,536000.0,208,No Response,Scheduled,High
Finance,Small,Good,Low,Yes,Karachi,4936000.0,19,No Response,Not Scheduled,Low
Healthcare,Small,Good,Medium,Yes,Peshawar,1302000.0,212,Negative,Scheduled,Medium
Technology,Small,Good,Low,Yes,Quetta,989000.0,20,Neutral,Not Contacted,Low
Education,Large,Good,High,Yes,Rawalpindi,11792000.0,31,Neutral,Completed,High
Manufacturing,Small,Average,Medium,Yes,Rawalpindi,1820000.0,414,Positive,Scheduled,Medium
Manufacturing,Small,Excellent,Medium,Yes,Lahore,6429000.0,138,Positive,Completed,High
Manufacturing,Medium,Average,,Yes,Lahore,6764000.0,70,No Response,Not Contacted,Low
Healthcare,Small,Poor,Low,Yes,Rawalpindi,903000.0,147,No Response,Not Scheduled,Low
Technology,Small,Excellent,Medium,Yes,Lahore,344000.0,39,No Response,Scheduled,Medium
Technology,Small,Excellent,Medium,Yes,Quetta,1059000.0,90,Positive,Completed,High
Retail,Medium,Excellent,Medium,Yes,Peshawar,324000.0,50,No Response,Scheduled,Medium
Marketing,Small,Good,Medium,Yes,Karachi,3303000.0,23,Neutral,Not Contacted,Low
Education,Medium,Average,Medium,No,Multan,2950000.0,236,No Response,Not Contacted,Low
Technology,Small,Excellent,Medium,Yes,Multan,588000.0,90,Neutral,Scheduled,High
Marketing,Medium,Good,Low,Yes,Karachi,712000.0,161,Positive,Not Scheduled,High
Finance,Large,Poor,Medium,No,Karachi,3156000.0,32,No Response,Not Scheduled,Low
Education,Medium,Good,Low,No,Rawalpindi,677000.0,421,No Response,Not Scheduled,Low
Manufacturing,Small,Average,Low,Yes,Faisalabad,1147000.0,86,Positive,Not Scheduled,Low
Healthcare,Medium,Good,Medium,Yes,Karachi,948000.0,62,No Response,Scheduled,Medium
Education,Small,Average,Low,Yes,Quetta,2142000.0,72,No Response,Scheduled,Low
Marketing,Small,Excellent,Medium,Yes,Rawalpindi,1086000.0,130,Neutral,Not Scheduled,Medium
Technology,Medium,Good,Medium,Yes,Islamabad,1074000.0,192,Neutral,Completed,High
Retail,Large,Good,Low,Yes,Islamabad,2100000.0,52,Positive,Not Contacted,High
Retail,Small,Good,Low,Yes,Peshawar,1035000.0,103,Neutral,Not Contacted,Low
Education,Large,Excellent,High,No,Karachi,2776000.0,92,Positive,Not Scheduled,High
Education,Small,Good,Medium,Yes,Faisalabad,314000.0,69,Neutral,Scheduled,Medium
Technology,Medium,Average,Low,Yes,Rawalpindi,1065000.0,106,No Response,Not Scheduled,Low
Education,Large,Average,Low,Yes,Faisalabad,384000.0,209,No Response,Not Contacted,Low
Finance,Medium,Average,High,Yes,Quetta,1553000.0,44,Positive,Not Contacted,Medium
Technology,Small,Excellent,Medium,Yes,Faisalabad,6378000.0,63,No Response,Scheduled,Medium
Manufacturing,Small,Average,Medium,Yes,Multan,1987000.0,85,Neutral,Not Contacted,Low
Technology,Medium,Average,Medium,Yes,Karachi,6923000.0,262,Positive,Not Scheduled,Medium
Technology,Small,Poor,Low,Yes,Lahore,882000.0,109,Negative,Scheduled,Low
Manufacturing,Small,Good,High,Yes,Rawalpindi,2794000.0,251,Positive,Completed,High
Healthcare,Small,Good,Low,Yes,Quetta,576000.0,32,No Response,Scheduled,Low
Healthcare,Small,Good,Low,No,Lahore,2731000.0,47,Positive,Scheduled,Medium
Real Estate,Small,Average,Medium,Yes,Karachi,1737000.0,317,No Response,Scheduled,Low
Technology,Small,Average,Low,No,Peshawar,9551000.0,28,Positive,Not Scheduled,Low
Manufacturing,Small,Good,High,Yes,Quetta,,251,Positive,Not Scheduled,Medium
Technology,Medium,Excellent,High,No,Karachi,2802000.0,32,Positive,Scheduled,High
Technology,Large,Good,Medium,Yes,Peshawar,1044000.0,17,Neutral,Not Contacted,Medium
Real Estate,Medium,Good,High,Yes,Faisalabad,7068000.0,81,Negative,Not Scheduled,Medium
Real Estate,Medium,Excellent,Low,Yes,Rawalpindi,1001000.0,26,,Not Contacted,Medium
Technology,Medium,Average,Medium,Yes,Karachi,1300000.0,127,Neutral,Not Contacted,Low
Finance,Small,Poor,High,Yes,Multan,4468000.0,114,Neutral,Not Contacted,Low
Healthcare,Medium,Good,Medium,Yes,Rawalpindi,1635000.0,80,Neutral,Scheduled,High
Real Estate,Small,Excellent,High,Yes,Islamabad,462000.0,81,Positive,Not Contacted,Medium
Retail,Small,Excellent,,Yes,Rawalpindi,401000.0,49,Positive,Completed,High
Manufacturing,Large,Excellent,High,No,Rawalpindi,588000.0,37,Negative,Not Contacted,Low
Real Estate,Small,Average,Low,Yes,Karachi,1790000.0,134,Positive,Not Contacted,Low
Finance,Small,Excellent,Medium,Yes,Quetta,2670000.0,41,Positive,Scheduled,High
Real Estate,Small,Average,High,Yes,Rawalpindi,1653000.0,91,Positive,Not Contacted,Medium
Technology,Small,Good,High,Yes,Peshawar,437000.0,37,Neutral,Completed,High
Marketing,Small,Good,Low,Yes,Faisalabad,2167000.0,360,Positive,Scheduled,High
Real Estate,Medium,Average,High,Yes,Karachi,1331000.0,73,Neutral,Completed,High
Retail,Small,Poor,Medium,Yes,Lahore,,123,Neutral,Not Scheduled,Low
Marketing,Small,Average,Medium,Yes,Multan,7117000.0,324,Positive,Not Scheduled,Medium
Technology,Small,Excellent,High,Yes,Lahore,1868000.0,81,No Response,Not Scheduled,Medium
Real Estate,Large,Excellent,Low,Yes,Lahore,8409000.0,18,Neutral,Not Scheduled,Medium
Healthcare,Large,Good,Medium,Yes,Rawalpindi,1694000.0,25,Neutral,Not Scheduled,Medium
Technology,Small,Average,High,Yes,Peshawar,760000.0,63,Positive,Scheduled,High
Retail,Medium,Good,High,Yes,Multan,2300000.0,56,Positive,Not Contacted,High
Healthcare,Large,Excellent,High,Yes,Islamabad,4553000.0,79,Positive,Scheduled,High
Technology,Small,Poor,Low,No,Rawalpindi,3724000.0,192,No Response,Not Scheduled,Low
Manufacturing,Large,Good,Medium,Yes,Islamabad,2928000.0,75,Positive,Not Contacted,High
Technology,Medium,Excellent,Low,Yes,Islamabad,267000.0,127,Positive,Not Contacted,Medium
Finance,Small,Good,Medium,Yes,Lahore,1043000.0,24,Positive,Completed,High
Real Estate,Small,Good,High,Yes,Islamabad,1966000.0,36,No Response,Not Scheduled,Low
Finance,Small,Poor,Medium,Yes,Peshawar,545000.0,44,No Response,Completed,Low
Retail,Small,Poor,High,Yes,Lahore,3606000.0,23,No Response,Completed,Medium
Marketing,Medium,Good,,Yes,Karachi,1262000.0,186,No Response,Scheduled,Medium
Retail,Small,,Medium,Yes,Islamabad,6736000.0,291,No Response,Not Contacted,Medium
Technology,Small,Good,High,Yes,Islamabad,1251000.0,452,Positive,Not Scheduled,High
Finance,Small,Poor,Low,Yes,Islamabad,1168000.0,257,Neutral,Completed,Low
Education,Medium,Good,Low,Yes,Faisalabad,1132000.0,365,No Response,Scheduled,Low
Technology,Medium,Excellent,Low,Yes,Lahore,,279,No Response,Not Scheduled,Medium
Manufacturing,Medium,Good,High,No,Rawalpindi,3068000.0,104,Negative,Scheduled,Medium
Technology,Small,Excellent,Medium,No,Lahore,5662000.0,237,Neutral,Not Contacted,Low
Real Estate,Small,Poor,Medium,Yes,Islamabad,3312000.0,64,Positive,Completed,Medium
Finance,Small,Excellent,Medium,Yes,Faisalabad,3574000.0,137,No Response,Scheduled,Medium
Retail,Medium,Good,Medium,No,Peshawar,348000.0,267,Neutral,Not Contacted,Low
Healthcare,Medium,Average,Medium,Yes,Islamabad,629000.0,63,No Response,Not Scheduled,Low
Education,Large,Good,Medium,Yes,Karachi,213000.0,94,Positive,Completed,High
Technology,Small,Good,Medium,Yes,Lahore,2042000.0,14,Positive,Completed,High
Real Estate,Small,Poor,Medium,Yes,Peshawar,2820000.0,74,Neutral,Not Contacted,Low
Technology,Small,,High,Yes,Peshawar,1083000.0,40,Positive,Not Scheduled,Medium
Technology,Small,Good,Low,No,Rawalpindi,1358000.0,38,Neutral,Not Scheduled,Low
Marketing,Medium,Good,High,Yes,Multan,316000.0,41,No Response,Scheduled,High
Technology,Small,Good,Low,Yes,Peshawar,1188000.0,51,No Response,Completed,Medium
Manufacturing,Small,Average,Medium,Yes,Faisalabad,4304000.0,77,No Response,Not Scheduled,Low
Marketing,Small,Good,Medium,Yes,Quetta,1653000.0,109,Positive,Not Scheduled,High
Technology,Small,Excellent,Medium,No,Karachi,581000.0,62,No Response,Not Contacted,Low
Technology,Small,Excellent,High,Yes,Lahore,1101000.0,67,Neutral,Completed,High
Real Estate,Medium,Excellent,Low,Yes,Quetta,203000.0,69,Neutral,Not Contacted,Low
Technology,Medium,Poor,Medium,Yes,Peshawar,2489000.0,148,No Response,Scheduled,Low
Technology,Medium,Average,,No,Multan,1248000.0,108,Neutral,Not Contacted,Low
Finance,Large,Excellent,Medium,Yes,Faisalabad,1697000.0,35,Positive,Scheduled,High
Finance,Large,Good,High,Yes,Karachi,3963000.0,181,,Not Contacted,Medium
Manufacturing,Medium,,Medium,No,Quetta,225000.0,42,No Response,Not Scheduled,Low
Finance,Large,Good,High,Yes,Islamabad,8731000.0,100,Positive,Not Contacted,High
Finance,Medium,Excellent,High,No,Rawalpindi,2107000.0,180,No Response,Not Scheduled,Low
Education,Medium,Poor,Medium,Yes,Rawalpindi,2791000.0,227,No Response,Scheduled,Medium
Healthcare,Medium,Excellent,Medium,No,Peshawar,3316000.0,370,Positive,Scheduled,High
Finance,Small,Good,Low,Yes,Islamabad,1805000.0,24,No Response,Not Scheduled,Low
Retail,Small,Average,Medium,Yes,Islamabad,486000.0,78,Neutral,Not Scheduled,Low
Technology,Small,Good,Medium,Yes,Faisalabad,1961000.0,184,No Response,Scheduled,Medium
Real Estate,Small,Average,Low,Yes,Multan,2404000.0,72,Neutral,Not Scheduled,Low
Retail,Small,Good,Medium,No,Peshawar,1656000.0,305,,Scheduled,Medium
Manufacturing,Small,Excellent,Medium,Yes,Lahore,949000.0,115,Positive,Scheduled,High
Finance,Large,Excellent,High,Yes,Islamabad,1363000.0,185,Positive,Scheduled,High
Healthcare,Medium,Excellent,Low,Yes,Rawalpindi,2342000.0,61,Neutral,Scheduled,High
Manufacturing,Large,Average,High,Yes,Islamabad,559000.0,69,Positive,Completed,High
Healthcare,Medium,Excellent,Medium,Yes,Karachi,1327000.0,40,Positive,Scheduled,High
Marketing,Large,Average,High,Yes,Faisalabad,3346000.0,92,No Response,Not Contacted,Medium
Technology,Small,Excellent,Low,Yes,Peshawar,2544000.0,361,Positive,Not Scheduled,Medium
Education,Small,Poor,Medium,Yes,Islamabad,2170000.0,217,Positive,Completed,High
Real Estate,Medium,Excellent,Low,Yes,Faisalabad,1368000.0,119,Positive,Completed,High
Finance,Small,Average,Medium,Yes,Karachi,3111000.0,27,No Response,Scheduled,Low
Real Estate,Large,Good,Medium,Yes,Multan,2605000.0,50,Neutral,Not Scheduled,Medium
Real Estate,Small,Average,Medium,Yes,Lahore,628000.0,65,No Response,Not Scheduled,Low
Manufacturing,Small,Average,,Yes,Islamabad,1367000.0,370,No Response,Not Contacted,Low
Technology,Large,Average,High,Yes,Quetta,2428000.0,70,No Response,Not Scheduled,Medium
Technology,Small,Good,Medium,Yes,Islamabad,1368000.0,201,Neutral,Scheduled,Medium
Technology,Medium,Excellent,Medium,No,Multan,2165000.0,222,Positive,Not Contacted,High
Marketing,Small,Good,Medium,No,Multan,739000.0,94,Negative,Scheduled,Low
Finance,Medium,Excellent,Low,No,Karachi,2514000.0,301,Positive,Not Scheduled,Medium
Technology,Medium,Average,Medium,Yes,Lahore,930000.0,33,No Response,Scheduled,Low
Retail,Small,Average,Low,No,Faisalabad,646000.0,200,No Response,Completed,Low
Marketing,Small,Poor,Low,Yes,Quetta,2993000.0,27,Neutral,Not Scheduled,Low
Finance,Medium,Good,Medium,Yes,Islamabad,203000.0,164,Positive,Completed,High
Manufacturing,Small,Excellent,High,Yes,Quetta,3141000.0,147,No Response,Scheduled,High
Retail,Medium,Excellent,Medium,Yes,Peshawar,1498000.0,26,Positive,Not Scheduled,High
Finance,Small,Poor,High,No,Faisalabad,2534000.0,318,Neutral,Scheduled,Low
Technology,Medium,Excellent,Low,Yes,Multan,359000.0,76,Positive,Completed,High
Marketing,Large,Excellent,Low,Yes,Islamabad,1930000.0,140,No Response,Scheduled,High
Retail,Medium,Poor,Low,No,Faisalabad,1569000.0,853,No Response,Completed,Low
Marketing,Small,Good,High,Yes,Islamabad,1593000.0,115,Positive,Scheduled,High
Education,Medium,Poor,Low,Yes,Lahore,692000.0,91,Positive,Not Scheduled,Low
Finance,Large,Excellent,High,No,Karachi,2986000.0,195,Positive,Completed,High
Real Estate,Medium,Poor,Medium,Yes,Quetta,1166000.0,151,Positive,Completed,High
Finance,Large,Good,High,Yes,Rawalpindi,989000.0,159,Negative,Completed,High
Technology,Large,Average,High,Yes,Karachi,5905000.0,151,No Response,Completed,High
Real Estate,Large,Good,Low,Yes,Faisalabad,8719000.0,77,Positive,Not Contacted,High
Technology,Large,Excellent,High,Yes,Islamabad,4341000.0,315,Positive,Not Scheduled,High
Manufacturing,Large,Good,Medium,Yes,Quetta,1566000.0,68,No Response,Not Scheduled,Medium
Retail,Small,Good,High,Yes,Multan,4123000.0,130,Positive,Not Scheduled,High
Technology,Small,Average,High,Yes,Peshawar,236000.0,99,Positive,Not Scheduled,Medium
Finance,Small,Poor,High,Yes,Rawalpindi,1227000.0,115,Positive,Not Contacted,Medium
Education,Medium,Average,High,No,Islamabad,1107000.0,87,Negative,Not Scheduled,Low
Healthcare,Medium,Average,Medium,Yes,Rawalpindi,813000.0,934,Positive,Completed,High
Finance,Large,Average,Medium,Yes,Faisalabad,850000.0,143,Positive,Not Scheduled,High
Finance,Medium,Good,High,Yes,Quetta,11340000.0,299,No Response,Completed,High
Technology,Medium,Average,Medium,Yes,Rawalpindi,2506000.0,44,Neutral,Not Scheduled,Medium
Technology,Small,Good,Medium,Yes,Quetta,438000.0,197,No Response,Not Scheduled,Medium
Marketing,Large,,Medium,Yes,Islamabad,1750000.0,535,Positive,Scheduled,High
Technology,Medium,,Medium,Yes,Lahore,4133000.0,30,Neutral,Completed,Medium
Marketing,Large,Good,High,Yes,Rawalpindi,3885000.0,42,No Response,Completed,High
Education,Medium,Good,Medium,Yes,Quetta,4019000.0,21,No Response,Completed,High
Education,Small,Average,High,Yes,Rawalpindi,503000.0,46,Neutral,Not Contacted,Low
Education,Medium,Excellent,Low,Yes,Peshawar,1402000.0,63,Neutral,Not Contacted,Medium
Technology,Large,Poor,Medium,Yes,Karachi,693000.0,72,Neutral,Scheduled,Medium
Healthcare,Large,Average,Medium,No,Lahore,151000.0,67,No Response,Not Contacted,Low
Education,Small,Excellent,High,Yes,Karachi,1397000.0,80,Positive,Scheduled,High
Healthcare,Medium,Average,High,No,Multan,1242000.0,68,Positive,Not Scheduled,Medium
Healthcare,Large,Average,High,No,Peshawar,1073000.0,166,Negative,Not Contacted,Low
Retail,Small,Excellent,Medium,Yes,Quetta,309000.0,49,No Response,Completed,Medium
Manufacturing,Small,Good,High,Yes,Quetta,10803000.0,56,Positive,Not Scheduled,High
Manufacturing,Medium,Poor,Medium,Yes,Peshawar,7913000.0,63,No Response,Not Contacted,Low
Finance,Large,Good,High,Yes,Rawalpindi,5156000.0,17,No Response,Not Contacted,Medium
Finance,Small,Excellent,Medium,Yes,Karachi,1412000.0,88,Negative,Not Contacted,Medium
Technology,Medium,Excellent,High,Yes,Peshawar,5497000.0,143,No Response,Scheduled,High
Retail,Large,Good,Low,Yes,Peshawar,941000.0,343,Positive,Not Scheduled,High
Education,Medium,Excellent,Medium,Yes,Rawalpindi,1229000.0,131,,Not Scheduled,High
Technology,Small,Excellent,Medium,No,Peshawar,635000.0,122,No Response,Not Scheduled,Low
Healthcare,Large,Poor,Low,No,Peshawar,1909000.0,215,No Response,Not Scheduled,Low
Healthcare,Small,Good,Low,Yes,Lahore,339000.0,117,Positive,Not Contacted,Low
Retail,Medium,Good,High,Yes,Rawalpindi,1643000.0,154,Positive,Not Scheduled,High
Technology,Small,Excellent,High,Yes,Faisalabad,625000.0,21,Positive,Not Contacted,High
Technology,Small,Average,Medium,Yes,Lahore,2052000.0,117,Neutral,Not Scheduled,Low
Retail,Medium,Excellent,Medium,Yes,Lahore,1293000.0,99,Neutral,Completed,High
Finance,Small,Good,Low,Yes,Islamabad,3545000.0,69,Positive,Not Scheduled,Medium
Finance,Medium,Average,High,Yes,Quetta,1930000.0,69,Neutral,Not Scheduled,Medium
Technology,Large,Average,Medium,No,Faisalabad,2870000.0,76,Neutral,Not Contacted,Low
Education,Medium,Excellent,Medium,Yes,Karachi,2186000.0,96,Positive,Not Contacted,High
Real Estate,Small,Excellent,Low,Yes,Multan,1320000.0,383,No Response,Scheduled,Medium
Healthcare,Medium,Excellent,Medium,Yes,Faisalabad,1916000.0,69,Negative,Not Contacted,Medium
Healthcare,Small,Average,,Yes,Faisalabad,1795000.0,42,,Not Contacted,Medium
Marketing,Small,Good,High,Yes,Islamabad,938000.0,204,Positive,Scheduled,High
Retail,Medium,Excellent,Medium,Yes,Faisalabad,3297000.0,21,Positive,Completed,High
Finance,Small,Average,Low,Yes,Quetta,2001000.0,158,Negative,Completed,Low
Manufacturing,Small,Good,High,Yes,Quetta,490000.0,190,Neutral,Scheduled,Medium
Retail,Small,Average,Medium,Yes,Peshawar,758000.0,17,Positive,Not Scheduled,Medium
Finance,Small,Poor,Low,Yes,Faisalabad,2522000.0,467,No Response,Completed,Low
Marketing,Medium,Good,Low,Yes,Karachi,2223000.0,592,Neutral,Not Scheduled,Medium
Technology,Large,Poor,,Yes,Multan,1013000.0,68,No Response,Scheduled,Medium
Technology,Medium,Average,High,No,Multan,372000.0,36,Positive,Not Scheduled,Medium
Manufacturing,Large,Excellent,Medium,Yes,Quetta,4237000.0,601,Negative,Not Scheduled,Medium
Real Estate,Medium,Average,High,Yes,Quetta,887000.0,226,No Response,Not Scheduled,Low
Marketing,Small,Good,Low,Yes,Peshawar,2612000.0,352,Negative,Not Contacted,Low
Finance,Small,Good,Medium,Yes,Faisalabad,3965000.0,109,No Response,Scheduled,Medium
Finance,Large,Poor,High,Yes,Rawalpindi,2084000.0,164,Positive,Not Scheduled,High
Technology,Small,Good,Low,Yes,Peshawar,800000.0,53,Positive,Completed,High
Retail,Medium,Excellent,Medium,Yes,Multan,3286000.0,140,Positive,Not Scheduled,High
Marketing,Medium,Average,Medium,Yes,Karachi,3104000.0,67,Neutral,Completed,High
Technology,Small,Excellent,Medium,Yes,Peshawar,205000.0,189,Neutral,Not Scheduled,Medium
Education,Small,Excellent,High,Yes,Faisalabad,1137000.0,73,Neutral,Scheduled,High
Healthcare,Medium,Average,Low,No,Multan,3476000.0,95,Positive,Not Scheduled,Low
Healthcare,Medium,Average,Low,Yes,Lahore,1611000.0,139,No Response,Scheduled,Low
Retail,Medium,Poor,High,Yes,Quetta,494000.0,161,Positive,Scheduled,High
Real Estate,Medium,Good,High,Yes,Karachi,1654000.0,266,Positive,Completed,High
Healthcare,Medium,Good,Medium,Yes,Peshawar,514000.0,116,Negative,Scheduled,Medium
Technology,Large,Good,Low,Yes,Quetta,427000.0,438,Positive,Not Scheduled,High
Technology,Large,Excellent,Medium,Yes,Islamabad,7190000.0,314,No Response,Completed,High
Education,Medium,Good,Medium,No,Karachi,5002000.0,62,No Response,Scheduled,Low
Technology,Medium,Average,Medium,No,Faisalabad,379000.0,97,No Response,Completed,Low
Real Estate,Large,Excellent,High,Yes,Lahore,3245000.0,26,No Response,Not Contacted,High
Manufacturing,Medium,Good,Medium,Yes,Islamabad,257000.0,392,Positive,Not Scheduled,High
Finance,Small,Good,Medium,Yes,Peshawar,1650000.0,119,Positive,Scheduled,Medium
Education,Small,Poor,Medium,Yes,Rawalpindi,1816000.0,198,No Response,Scheduled,Low
Technology,Large,Good,Medium,Yes,Faisalabad,729000.0,69,No Response,Scheduled,High
Real Estate,Medium,Good,Medium,Yes,Lahore,1021000.0,28,Neutral,Scheduled,Medium
Healthcare,Medium,Good,Low,Yes,Multan,1628000.0,151,No Response,Not Scheduled,Low
Manufacturing,Large,Excellent,Low,Yes,Karachi,1255000.0,171,Neutral,Not Contacted,High
Marketing,Small,Average,Medium,Yes,Multan,1659000.0,281,Neutral,Not Contacted,Low
Technology,Small,Average,High,Yes,Peshawar,569000.0,250,Neutral,Not Scheduled,Low
Technology,Small,Good,Medium,Yes,Peshawar,2738000.0,71,Positive,Scheduled,High
Retail,Small,Poor,Medium,Yes,Faisalabad,19940000.0,423,Negative,Not Contacted,Low
Manufacturing,Large,Good,Medium,Yes,Quetta,953000.0,202,Positive,Not Contacted,High
Retail,Small,Average,Medium,Yes,Islamabad,2019000.0,66,Neutral,Scheduled,Medium
Technology,Medium,Poor,Low,Yes,Rawalpindi,937000.0,45,No Response,Scheduled,Low
Technology,Medium,Good,Medium,Yes,Faisalabad,823000.0,232,Neutral,Not Contacted,Medium
Real Estate,Large,Average,Low,Yes,Rawalpindi,596000.0,36,Negative,Scheduled,Low
Finance,Small,Excellent,Medium,No,Faisalabad,599000.0,451,Neutral,Not Scheduled,Low
Finance,Small,Good,Medium,Yes,Karachi,426000.0,97,Positive,Completed,High
Technology,Medium,Average,High,No,Faisalabad,2417000.0,269,Positive,Completed,High
Manufacturing,Large,Excellent,Medium,Yes,Faisalabad,5175000.0,118,Neutral,Scheduled,High
Technology,Small,Excellent,Low,Yes,Peshawar,396000.0,43,Negative,Scheduled,Low
Marketing,Medium,Poor,High,No,Lahore,4126000.0,152,Negative,Completed,Low
Technology,Medium,Excellent,Low,Yes,Peshawar,3192000.0,149,Neutral,Not Scheduled,Medium
Finance,Small,Excellent,Medium,Yes,Lahore,2163000.0,84,Positive,Not Scheduled,High
Technology,Small,Good,High,No,Islamabad,819000.0,86,Positive,Completed,Medium
Finance,Medium,Poor,High,Yes,Rawalpindi,5247000.0,101,Negative,Scheduled,Low
Finance,Medium,Good,Medium,Yes,Rawalpindi,501000.0,24,Negative,Scheduled,Medium
Marketing,Small,Excellent,Low,Yes,Peshawar,1927000.0,200,Positive,Scheduled,High
Finance,Small,Poor,Medium,Yes,Multan,3860000.0,386,No Response,Scheduled,Low
Technology,Small,Average,Medium,Yes,Multan,4681000.0,88,Neutral,Not Contacted,Low
Finance,Large,Good,High,Yes,Faisalabad,735000.0,75,Positive,Scheduled,High
Technology,Medium,Average,High,Yes,Quetta,434000.0,141,No Response,Not Scheduled,Low
Education,Medium,Excellent,Medium,Yes,Multan,8557000.0,503,Neutral,Completed,High
Education,Large,Average,Medium,Yes,Quetta,7522000.0,100,No Response,Not Scheduled,Medium
Technology,Small,Good,High,Yes,Faisalabad,1103000.0,80,No Response,Not Contacted,Low
Retail,Small,Good,High,Yes,Multan,,484,Positive,Not Contacted,Medium
Retail,Small,Average,Medium,Yes,Lahore,1207000.0,340,Positive,Completed,High
Retail,Small,Average,Medium,Yes,Peshawar,877000.0,45,No Response,Not Scheduled,Low
Retail,Small,Excellent,Medium,Yes,Islamabad,801000.0,88,Neutral,Not Contacted,Medium
Retail,Small,Average,Medium,No,Rawalpindi,4846000.0,86,Positive,Scheduled,Low
Retail,Large,Good,Medium,Yes,Multan,1780000.0,16,Positive,Not Contacted,High
Real Estate,Medium,Excellent,Medium,Yes,Karachi,2728000.0,195,Positive,Not Scheduled,High
Real Estate,Large,Good,Medium,Yes,Peshawar,1033000.0,112,Neutral,Completed,High
Real Estate,Small,Excellent,Medium,Yes,Multan,1746000.0,252,Neutral,Completed,High
Education,Medium,Excellent,High,Yes,Islamabad,1270000.0,52,Positive,Not Scheduled,High
Finance,Medium,Good,High,No,Multan,991000.0,47,Positive,Completed,High
Education,Medium,Excellent,Low,Yes,Multan,881000.0,361,No Response,Not Contacted,Medium
Retail,Medium,Good,Medium,Yes,Rawalpindi,2432000.0,87,Positive,Not Contacted,High
Technology,Small,Good,Medium,No,Lahore,1720000.0,186,Positive,Not Scheduled,Medium
Marketing,Large,Excellent,Medium,Yes,Islamabad,834000.0,67,Positive,Not Contacted,High
Technology,Small,Average,Medium,No,Quetta,340000.0,90,No Response,Completed,Low
Finance,Medium,Average,Medium,Yes,Quetta,5307000.0,29,Positive,Not Scheduled,Medium
Technology,Small,Good,Low,Yes,Karachi,1809000.0,89,No Response,Not Contacted,Low
Finance,Small,,Low,No,Karachi,3836000.0,113,Positive,Scheduled,Low
Marketing,Small,Average,Low,Yes,Quetta,163000.0,106,Positive,Scheduled,Medium
Technology,Medium,Poor,Low,Yes,Faisalabad,3510000.0,95,Positive,Not Contacted,Low
Education,Small,Average,High,Yes,Rawalpindi,1588000.0,47,Positive,Completed,High
Education,Large,Good,Medium,No,Lahore,1087000.0,56,Negative,Not Scheduled,Low
Real Estate,Medium,Poor,High,Yes,Peshawar,447000.0,211,Positive,Scheduled,High
Technology,Small,Good,Medium,Yes,Peshawar,8876000.0,68,No Response,Not Scheduled,Low
Technology,Medium,Good,Medium,Yes,Quetta,1050000.0,42,Neutral,Completed,High
Retail,Medium,Good,High,Yes,Peshawar,1947000.0,280,Positive,Scheduled,High
Education,Small,Good,Low,Yes,Lahore,3208000.0,197,Positive,Not Contacted,Medium
Manufacturing,Small,Average,High,Yes,Lahore,1632000.0,107,Positive,Scheduled,High
Real Estate,Small,Good,High,No,Islamabad,422000.0,173,Negative,Completed,Medium
Healthcare,Medium,Good,High,Yes,Peshawar,1228000.0,126,Negative,Not Scheduled,Medium
Marketing,Small,Excellent,Medium,No,Lahore,10350000.0,256,Positive,Not Scheduled,Medium
Healthcare,Small,Poor,Medium,Yes,Lahore,1091000.0,101,Negative,Not Scheduled,Low
Manufacturing,Large,Poor,Low,Yes,Peshawar,1297000.0,77,No Response,Not Contacted,Low
Technology,Small,Poor,Low,Yes,Rawalpindi,585000.0,94,Positive,Not Scheduled,Low
Retail,Medium,Average,Medium,Yes,Islamabad,1779000.0,1145,Positive,Not Contacted,High
Retail,Large,Excellent,Low,Yes,Rawalpindi,939000.0,179,No Response,Not Contacted,Medium
Retail,Medium,Average,Medium,Yes,Rawalpindi,4405000.0,17,Neutral,Not Scheduled,Low
Healthcare,Small,Average,High,No,Quetta,7665000.0,17,No Response,Not Contacted,Low
Technology,Small,Excellent,Medium,Yes,Rawalpindi,1239000.0,294,No Response,Not Contacted,Low
Technology,Small,Average,High,Yes,Quetta,1863000.0,286,Positive,Not Contacted,Medium
Technology,Medium,Poor,Medium,Yes,Multan,508000.0,81,Positive,Completed,High
Retail,Small,Average,Medium,Yes,Islamabad,1312000.0,94,Positive,Completed,High
Marketing,Medium,Excellent,High,Yes,Peshawar,12056000.0,32,Negative,Not Contacted,Medium
Technology,Large,Average,Low,Yes,Faisalabad,5780000.0,128,Positive,Not Scheduled,Medium
Healthcare,Medium,Excellent,High,Yes,Multan,5213000.0,199,No Response,Not Contacted,Medium
Healthcare,Small,Poor,Medium,No,Quetta,1855000.0,80,Neutral,Completed,Low
Technology,Small,Poor,High,Yes,Multan,1840000.0,55,Positive,Not Scheduled,Medium
Manufacturing,Small,Poor,Medium,Yes,Peshawar,2288000.0,364,Neutral,Not Scheduled,Low
Technology,Small,Good,Low,Yes,Multan,285000.0,33,No Response,Scheduled,Low
Real Estate,Large,Good,High,No,Lahore,1115000.0,45,Positive,Scheduled,High
Education,Small,Good,High,Yes,Multan,4702000.0,83,Negative,Not Contacted,Medium
Education,Medium,Average,Low,Yes,Lahore,2755000.0,480,No Response,Completed,Medium
Technology,Small,Average,Medium,Yes,Karachi,1510000.0,116,No Response,Completed,Low
Education,Small,Excellent,Low,No,Lahore,831000.0,69,Positive,Not Scheduled,Medium
Education,Small,Excellent,Medium,Yes,Faisalabad,1045000.0,63,Positive,Scheduled,High
Manufacturing,Small,Excellent,Medium,Yes,Lahore,1909000.0,174,Neutral,Completed,High
Real Estate,Large,Poor,Medium,No,Lahore,637000.0,122,Positive,Not Contacted,Low
Education,Small,Poor,Medium,No,Quetta,1612000.0,12,Positive,Not Scheduled,Low
Healthcare,Large,Good,Medium,No,Lahore,1616000.0,106,Neutral,Not Contacted,Low
Technology,Small,Excellent,Medium,Yes,Karachi,1702000.0,276,Negative,Scheduled,Medium
Retail,Small,Good,Medium,Yes,Rawalpindi,1730000.0,39,No Response,Not Scheduled,Low
Technology,Medium,Good,Medium,Yes,Lahore,2197000.0,372,Positive,Not Contacted,Medium
Retail,Medium,Good,High,Yes,Faisalabad,5780000.0,135,No Response,Completed,High
Manufacturing,Small,Good,Medium,Yes,Multan,3078000.0,29,No Response,Not Scheduled,Low
Healthcare,Medium,Average,High,Yes,Rawalpindi,832000.0,444,Neutral,Completed,High
Retail,Large,Good,High,No,Faisalabad,1588000.0,121,Neutral,Not Contacted,Medium
Education,Medium,Poor,Medium,No,Multan,405000.0,28,Neutral,Completed,Low
Finance,Medium,Excellent,High,Yes,Multan,1597000.0,484,Neutral,Not Scheduled,High
Technology,Small,Average,Low,Yes,Multan,2765000.0,30,No Response,Completed,Low
Finance,Small,Average,Medium,No,Faisalabad,267000.0,119,Negative,Not Scheduled,Low
Technology,Large,Good,Medium,No,Lahore,3380000.0,145,,Not Contacted,Medium
Healthcare,Large,Average,Medium,Yes,Quetta,564000.0,95,Negative,Completed,Medium
Technology,Medium,Good,Low,Yes,Multan,418000.0,67,No Response,Scheduled,Low
Manufacturing,Small,Excellent,Medium,Yes,Faisalabad,2739000.0,179,Positive,Scheduled,High
Real Estate,Small,,High,Yes,Rawalpindi,945000.0,380,No Response,Scheduled,Medium
Retail,Small,Average,High,No,Faisalabad,4518000.0,170,,Not Scheduled,Low
Education,Medium,Good,Medium,Yes,Multan,2658000.0,40,Positive,Completed,High
Healthcare,Small,Excellent,Low,No,Islamabad,331000.0,62,Positive,Not Scheduled,Low
Real Estate,Small,Good,Medium,Yes,Karachi,2422000.0,47,No Response,Not Scheduled,Low
Technology,Small,Average,Medium,Yes,Quetta,1273000.0,132,Neutral,Not Scheduled,Medium
Education,Small,Average,Low,Yes,Peshawar,1489000.0,298,Positive,Scheduled,Medium
Manufacturing,Large,Good,Low,Yes,Quetta,10292000.0,135,No Response,Scheduled,Medium
Finance,Small,Poor,Medium,No,Lahore,,27,Positive,Completed,Low
Real Estate,Small,Good,High,Yes,Islamabad,2011000.0,78,No Response,Scheduled,Medium
Education,Medium,Average,Medium,Yes,Peshawar,2448000.0,38,Neutral,Not Contacted,Low
Technology,Medium,,Medium,Yes,Quetta,3005000.0,15,Neutral,Not Scheduled,Low
Finance,Small,Excellent,Medium,Yes,Faisalabad,3962000.0,83,Neutral,Scheduled,Medium
Healthcare,Medium,Average,High,Yes,Karachi,2890000.0,101,Positive,Not Scheduled,Medium
Marketing,Small,Excellent,Medium,Yes,Lahore,1559000.0,259,Positive,Not Scheduled,High
Finance,Small,Poor,Low,No,Karachi,2952000.0,51,No Response,Completed,Low
Healthcare,Large,Good,Medium,Yes,Faisalabad,4758000.0,69,Positive,Not Scheduled,High
Marketing,Small,Poor,High,Yes,Faisalabad,1404000.0,215,No Response,Not Scheduled,Low
Retail,Medium,Poor,Medium,Yes,Quetta,2388000.0,153,Neutral,Not Scheduled,Low
Retail,Medium,Good,High,Yes,Islamabad,3282000.0,33,No Response,Scheduled,Medium
Technology,Small,Excellent,Low,No,Rawalpindi,4769000.0,73,Negative,Scheduled,Low
Retail,Medium,Poor,Medium,Yes,Faisalabad,3948000.0,63,Positive,Not Contacted,Medium
Real Estate,Medium,Average,Low,No,Karachi,3677000.0,78,No Response,Scheduled,Low
Finance,Small,Good,High,Yes,Quetta,2248000.0,618,Neutral,Completed,High
Education,Medium,Excellent,Low,Yes,Lahore,4151000.0,99,,Not Contacted,Medium
Real Estate,Medium,Average,Low,Yes,Peshawar,906000.0,86,No Response,Scheduled,Low
Technology,Small,Poor,High,Yes,Karachi,455000.0,93,No Response,Scheduled,Low
Healthcare,Small,Average,Medium,No,Faisalabad,1491000.0,111,Neutral,Completed,Low
Technology,Medium,Good,Low,Yes,Multan,912000.0,1437,Positive,Completed,High
Technology,Medium,,Medium,No,Karachi,1821000.0,213,Positive,Completed,High
Marketing,Medium,Good,Medium,Yes,Lahore,1998000.0,123,Negative,Not Scheduled,Low
Finance,Medium,Average,Low,Yes,Karachi,12213000.0,213,Positive,Not Scheduled,Medium
Marketing,Small,Poor,High,Yes,Lahore,835000.0,261,Positive,Not Scheduled,Medium
Healthcare,Small,Excellent,High,Yes,Faisalabad,1292000.0,61,Positive,Scheduled,High
Real Estate,Small,Good,Medium,Yes,Rawalpindi,635000.0,42,Negative,Scheduled,Medium
Marketing,Medium,Average,Medium,Yes,Multan,2059000.0,102,No Response,Completed,High
Technology,Medium,Excellent,High,Yes,Peshawar,754000.0,257,Positive,Not Contacted,High
Education,Medium,Average,Medium,Yes,Rawalpindi,452000.0,112,No Response,Not Scheduled,Low
Finance,Medium,Average,High,Yes,Multan,685000.0,16,Positive,Not Scheduled,Medium
Marketing,Medium,Average,Medium,Yes,Faisalabad,6157000.0,56,Positive,Not Contacted,Medium
Healthcare,Small,Good,High,No,Peshawar,5172000.0,212,Negative,Completed,Medium
Education,Small,Excellent,Medium,Yes,Karachi,3042000.0,300,No Response,Not Contacted,Low
Healthcare,Medium,Excellent,Medium,Yes,Faisalabad,3693000.0,46,Positive,Not Contacted,High
Retail,Medium,Poor,Medium,Yes,Multan,281000.0,19,Negative,Not Scheduled,Low
Education,Medium,Good,Medium,No,Rawalpindi,3202000.0,100,Positive,Not Contacted,Low
Marketing,Large,Good,Low,Yes,Lahore,1511000.0,37,No Response,Completed,Medium
Manufacturing,Small,Excellent,Medium,Yes,Lahore,133000.0,437,Negative,Not Scheduled,Medium
Technology,Medium,Good,Medium,Yes,Multan,3854000.0,143,Positive,Completed,High
Education,Medium,Good,Medium,Yes,Lahore,5938000.0,33,Positive,Not Contacted,High
Technology,Medium,Good,Medium,Yes,Faisalabad,4452000.0,106,Neutral,Scheduled,High
Real Estate,Large,Good,Medium,Yes,Karachi,831000.0,523,Negative,Completed,High
Healthcare,Small,Average,,No,Peshawar,1731000.0,186,No Response,Not Contacted,Low
Healthcare,Small,Excellent,High,Yes,Multan,481000.0,131,Neutral,Not Scheduled,Medium
Education,Medium,Excellent,Medium,Yes,Peshawar,337000.0,40,Positive,Completed,High
Technology,Medium,Excellent,Low,Yes,Peshawar,121000.0,345,Negative,Scheduled,Medium
Real Estate,Small,Excellent,Low,Yes,Rawalpindi,1943000.0,121,Neutral,Not Contacted,Medium
Finance,Large,Poor,High,No,Islamabad,626000.0,232,Neutral,Not Scheduled,Low
Retail,Small,Average,Low,No,Quetta,,228,No Response,Scheduled,Low
Finance,Large,Excellent,Low,No,Peshawar,1899000.0,31,Neutral,Not Scheduled,Low
Manufacturing,Medium,Good,Medium,Yes,Quetta,700000.0,268,No Response,Scheduled,Medium
Healthcare,Medium,Good,Low,Yes,Islamabad,1991000.0,118,Positive,Completed,High
Technology,Small,Average,Low,Yes,Lahore,2453000.0,95,Positive,Not Contacted,Low
Manufacturing,Small,Average,Low,Yes,Multan,570000.0,46,No Response,Scheduled,Low
Retail,Medium,Good,Medium,Yes,Rawalpindi,1495000.0,70,Neutral,Not Scheduled,Medium
Technology,Small,Excellent,,Yes,Faisalabad,3347000.0,509,Positive,Not Scheduled,High
Healthcare,Large,Poor,Low,No,Karachi,140000.0,564,Neutral,Scheduled,Low
Real Estate,Medium,Average,Low,Yes,Quetta,3952000.0,42,Neutral,Not Scheduled,Low
Technology,Medium,Average,Medium,No,Quetta,666000.0,15,No Response,Not Scheduled,Low
Education,Large,Average,High,Yes,Karachi,1620000.0,60,Neutral,Scheduled,High
Technology,Small,Good,Medium,Yes,Islamabad,1526000.0,257,No Response,Completed,Medium
Technology,Medium,Average,Medium,Yes,Faisalabad,229000.0,40,Neutral,Scheduled,Medium
Technology,Small,Good,Low,No,Quetta,4928000.0,46,No Response,Not Contacted,Low
Technology,Medium,Good,Medium,Yes,Karachi,1246000.0,149,Positive,Not Contacted,High
Retail,Medium,Excellent,Low,Yes,Islamabad,113000.0,22,Neutral,Scheduled,Medium
Marketing,Small,Excellent,Medium,Yes,Quetta,2928000.0,167,Positive,Completed,High
Technology,Large,Excellent,Low,No,Rawalpindi,2650000.0,260,Negative,Not Contacted,Low
Education,Medium,Excellent,Medium,Yes,Quetta,4857000.0,73,No Response,Completed,High
Healthcare,Small,Average,High,Yes,Islamabad,2003000.0,237,Positive,Completed,High
Finance,Large,Good,High,Yes,Quetta,256000.0,65,Neutral,Scheduled,High
Technology,Medium,Excellent,Low,Yes,Rawalpindi,1370000.0,112,Neutral,Scheduled,High
Real Estate,Large,Average,Low,Yes,Multan,881000.0,272,Negative,Scheduled,Medium
Education,Small,Good,Low,Yes,Karachi,7926000.0,26,Positive,Completed,High
Technology,Large,Poor,Medium,Yes,Peshawar,2561000.0,137,No Response,Scheduled,Medium
Healthcare,Medium,Good,Low,No,Multan,1325000.0,118,No Response,Scheduled,Low
Retail,Medium,Excellent,Medium,Yes,Peshawar,2794000.0,88,,Completed,High
Retail,Small,Good,Low,Yes,Islamabad,214000.0,248,No Response,Scheduled,Low
Marketing,Large,Excellent,High,Yes,Lahore,227000.0,95,Neutral,Completed,High
Healthcare,Medium,Average,Low,Yes,Faisalabad,9477000.0,692,No Response,Not Contacted,Low
Marketing,Large,Average,Medium,Yes,Faisalabad,701000.0,89,Positive,Not Scheduled,High
Technology,Small,Poor,High,Yes,Islamabad,994000.0,454,Neutral,Scheduled,Medium
Technology,Small,Good,Low,No,Peshawar,671000.0,48,Positive,Scheduled,Low
Technology,Small,Poor,Medium,Yes,Faisalabad,2551000.0,736,Positive,Not Scheduled,Medium
Real Estate,Small,Poor,Medium,Yes,Quetta,8274000.0,54,Neutral,Completed,Medium
Retail,Small,Good,Medium,Yes,Rawalpindi,1168000.0,72,No Response,Completed,Medium
Finance,Medium,Good,Medium,No,Islamabad,1893000.0,18,Positive,Not Contacted,Medium
Education,Small,Poor,High,No,Islamabad,7171000.0,64,Neutral,Scheduled,Low
Education,Large,Good,Medium,Yes,Multan,2911000.0,121,Positive,Scheduled,High
Technology,Small,Poor,Low,Yes,Rawalpindi,2908000.0,56,Positive,Completed,Medium
Healthcare,Medium,Poor,Low,No,Peshawar,2300000.0,142,No Response,Scheduled,Low
Technology,Small,Excellent,Low,Yes,Faisalabad,599000.0,65,Positive,Completed,High
Technology,Medium,Excellent,Medium,Yes,Peshawar,3379000.0,166,Negative,Not Scheduled,Medium
Finance,Medium,Average,Medium,Yes,Faisalabad,3082000.0,93,Positive,Not Scheduled,Medium
Finance,Medium,Average,Medium,Yes,Lahore,2150000.0,25,No Response,Scheduled,Low
Retail,Medium,Good,Low,Yes,Islamabad,273000.0,70,Neutral,Completed,High
Real Estate,Large,Average,High,Yes,Lahore,3591000.0,169,Positive,Completed,High
Finance,Small,Good,Medium,Yes,Rawalpindi,1412000.0,124,No Response,Not Contacted,Low
Real Estate,Small,Excellent,Medium,No,Lahore,2341000.0,45,Positive,Not Contacted,Low
Retail,Small,Excellent,Medium,Yes,Quetta,2440000.0,238,Negative,Not Scheduled,Medium
Finance,Medium,Good,Medium,No,Karachi,456000.0,139,Positive,Completed,High
Manufacturing,Small,Excellent,Low,Yes,Rawalpindi,965000.0,20,Positive,Scheduled,Medium
Technology,Small,Excellent,Low,Yes,Lahore,464000.0,69,Negative,Not Contacted,Low
Retail,Medium,Average,Medium,No,Quetta,1250000.0,99,Positive,Scheduled,Medium
Marketing,Large,Good,High,Yes,Rawalpindi,2789000.0,120,Positive,Scheduled,High
Retail,Large,,Medium,Yes,Islamabad,1570000.0,81,No Response,Not Contacted,Medium
Technology,Small,Good,Medium,Yes,Islamabad,324000.0,113,Positive,Scheduled,Medium
Education,Medium,Good,Low,No,Lahore,7025000.0,143,Positive,Not Scheduled,Low
Marketing,Medium,Average,Low,Yes,Islamabad,805000.0,75,No Response,Scheduled,Low
Technology,Small,Excellent,Medium,Yes,Faisalabad,1897000.0,106,No Response,Scheduled,Medium
Marketing,Small,Excellent,High,Yes,Multan,1095000.0,19,Positive,Scheduled,High
Finance,Small,Excellent,Medium,No,Islamabad,1188000.0,183,Positive,Not Scheduled,Medium
Real Estate,Large,Average,Medium,Yes,Rawalpindi,1480000.0,67,No Response,Not Scheduled,Medium
Finance,Medium,Good,Medium,Yes,Lahore,1263000.0,85,Neutral,Not Contacted,Medium
Technology,Small,Good,Medium,No,Rawalpindi,1503000.0,28,Positive,Not Scheduled,Low
Healthcare,Small,Average,Medium,No,Quetta,569000.0,150,Positive,Scheduled,Medium
Finance,Large,Poor,High,Yes,Islamabad,509000.0,50,Negative,Scheduled,Medium
Education,Medium,Average,Medium,Yes,Multan,622000.0,530,Neutral,Not Scheduled,Medium
Healthcare,Small,Good,,Yes,Islamabad,1481000.0,246,No Response,Scheduled,Low
Retail,Large,Excellent,Medium,Yes,Multan,9197000.0,192,Neutral,Not Contacted,High
Education,Large,Good,Medium,Yes,Multan,4501000.0,20,Positive,Scheduled,High
Manufacturing,Large,Average,High,Yes,Quetta,689000.0,118,Negative,Scheduled,High
Real Estate,Medium,Average,Low,Yes,Faisalabad,6281000.0,16,No Response,Not Contacted,Low
Healthcare,Medium,Good,Medium,Yes,Quetta,809000.0,71,No Response,Not Scheduled,Low
Technology,Small,Poor,Medium,Yes,Peshawar,710000.0,148,Positive,Completed,High
Retail,Small,Average,Low,No,Multan,1055000.0,94,Positive,Not Contacted,Low
Healthcare,Medium,Excellent,Medium,Yes,Faisalabad,18340000.0,226,No Response,Scheduled,High
Marketing,Small,Excellent,,Yes,Karachi,5066000.0,49,Negative,Not Contacted,Low
Finance,Small,Excellent,Low,Yes,Karachi,5577000.0,95,Positive,Scheduled,High
Retail,Medium,Good,Medium,Yes,Quetta,1472000.0,45,Positive,Scheduled,High
Technology,Small,Excellent,High,Yes,Peshawar,211000.0,156,Positive,Scheduled,High
Retail,Medium,Average,High,Yes,Multan,953000.0,247,No Response,Scheduled,Medium
Healthcare,Small,Good,High,Yes,Rawalpindi,887000.0,254,Neutral,Not Scheduled,Medium
Technology,Large,Average,Medium,Yes,Karachi,165000.0,31,Positive,Not Scheduled,High
Technology,Small,Good,Medium,Yes,Rawalpindi,1860000.0,238,Neutral,Completed,High
Retail,Small,Excellent,Medium,Yes,Quetta,537000.0,224,Neutral,Not Scheduled,Medium
Technology,Small,Average,Medium,Yes,Faisalabad,5636000.0,183,Negative,Scheduled,Medium
Marketing,Medium,Poor,Medium,Yes,Lahore,2148000.0,40,Neutral,Not Scheduled,Low
Healthcare,Small,Excellent,Medium,Yes,Peshawar,1585000.0,328,No Response,Not Scheduled,Medium
Finance,Medium,Good,Medium,Yes,Faisalabad,,177,Neutral,Scheduled,High
Technology,Large,Good,Medium,Yes,Rawalpindi,682000.0,255,Neutral,Scheduled,High
Finance,Small,Good,Low,Yes,Rawalpindi,2954000.0,40,No Response,Not Contacted,Low
Finance,Large,Poor,Medium,Yes,Quetta,209000.0,304,Positive,Scheduled,High
Finance,Large,Average,High,Yes,Karachi,295000.0,87,Neutral,Completed,High
Retail,Medium,Average,High,Yes,Quetta,2292000.0,57,Positive,Not Scheduled,Medium
Education,Medium,Good,High,No,Peshawar,6151000.0,35,Neutral,Scheduled,Medium
Real Estate,Large,Average,High,Yes,Islamabad,633000.0,40,Neutral,Not Contacted,Medium
Healthcare,Medium,Excellent,Low,Yes,Lahore,433000.0,54,No Response,Not Scheduled,Medium
Manufacturing,Small,Excellent,Medium,Yes,Quetta,2487000.0,243,Positive,Scheduled,High
Healthcare,Small,Good,Low,Yes,Rawalpindi,798000.0,75,No Response,Not Scheduled,Low
Manufacturing,Small,Average,Low,Yes,Lahore,2298000.0,45,Positive,Not Scheduled,Low
Technology,Medium,Average,Medium,No,Rawalpindi,804000.0,82,Neutral,Completed,Medium
Manufacturing,Small,Excellent,High,No,Lahore,4439000.0,28,Positive,Scheduled,High
Manufacturing,Medium,Average,Low,Yes,Faisalabad,1630000.0,92,Neutral,Scheduled,Medium
Retail,Medium,Excellent,Medium,No,Faisalabad,1564000.0,159,Positive,Not Scheduled,Medium
Finance,Small,Good,Medium,No,Rawalpindi,1315000.0,27,No Response,Completed,Low
Technology,Medium,Good,Low,Yes,Quetta,6105000.0,135,Positive,Scheduled,High
Education,Small,Average,Low,Yes,Rawalpindi,698000.0,107,No Response,Not Scheduled,Low
Healthcare,Small,Excellent,High,Yes,Islamabad,858000.0,40,Neutral,Scheduled,High
Manufacturing,Medium,Excellent,Medium,Yes,Islamabad,502000.0,341,Positive,Completed,High
Finance,Large,Good,Medium,No,Karachi,1462000.0,45,Neutral,Not Contacted,Low
Technology,Medium,Good,Medium,Yes,Lahore,7934000.0,69,Neutral,Scheduled,High
Real Estate,Medium,Excellent,High,Yes,Islamabad,604000.0,174,Neutral,Scheduled,High
Technology,Medium,,High,No,Islamabad,1002000.0,40,Neutral,Scheduled,High
Manufacturing,Medium,Excellent,Low,No,Karachi,2288000.0,97,Positive,Scheduled,Medium
Manufacturing,Small,,Medium,Yes,Islamabad,1427000.0,39,Neutral,Completed,High
Manufacturing,Large,Average,Medium,Yes,Quetta,1476000.0,38,No Response,Not Scheduled,Low
Finance,Small,Poor,Medium,Yes,Islamabad,790000.0,143,Positive,Scheduled,Medium
Technology,Medium,Average,Medium,Yes,Rawalpindi,287000.0,150,Positive,Completed,High
Marketing,Small,Average,High,Yes,Karachi,1792000.0,70,Positive,Completed,High
Education,Medium,Poor,Medium,Yes,Quetta,5432000.0,172,Positive,Not Contacted,Medium
Retail,Small,Good,Medium,Yes,Quetta,636000.0,106,Positive,Completed,High
Finance,Large,Average,Medium,Yes,Karachi,609000.0,106,Positive,Not Scheduled,Medium
Retail,Large,Good,Low,Yes,Peshawar,3714000.0,29,Neutral,Completed,High
Finance,Large,Excellent,Medium,No,Lahore,2927000.0,137,No Response,Not Scheduled,Low
Healthcare,Small,Good,Low,No,Faisalabad,5740000.0,274,No Response,Completed,Low
Education,Medium,Average,Medium,No,Rawalpindi,2569000.0,635,No Response,Not Scheduled,Low
Finance,Small,Excellent,Low,Yes,Peshawar,6885000.0,28,Neutral,Not Scheduled,Low
Education,Small,,High,No,Multan,1730000.0,98,,Not Scheduled,Low
Marketing,Medium,Good,High,Yes,Rawalpindi,7574000.0,178,Positive,Scheduled,High
Marketing,Medium,Good,Medium,No,Karachi,710000.0,21,Positive,Scheduled,Medium
Marketing,Large,Average,Medium,Yes,Lahore,2961000.0,201,No Response,Scheduled,Medium
Healthcare,Large,Average,Low,No,Islamabad,836000.0,230,No Response,Completed,Low
Healthcare,Medium,,High,Yes,Rawalpindi,3094000.0,79,No Response,Completed,High
Real Estate,Small,Good,High,Yes,Rawalpindi,748000.0,334,Neutral,Scheduled,High
Manufacturing,Large,Average,Low,Yes,Faisalabad,1342000.0,198,Negative,Not Contacted,Low
Technology,Medium,Poor,Medium,No,Multan,1679000.0,183,No Response,Completed,Low
Real Estate,Large,Good,Medium,Yes,Rawalpindi,1213000.0,24,Neutral,Not Scheduled,Medium
Technology,Large,Good,Low,No,Peshawar,614000.0,62,Neutral,Not Contacted,Low
Marketing,Medium,Good,Medium,Yes,Islamabad,1154000.0,184,Positive,Completed,High
Manufacturing,Small,Good,High,Yes,Multan,843000.0,134,Negative,Not Scheduled,Low
Technology,Medium,Excellent,Medium,Yes,Lahore,5108000.0,278,No Response,Not Contacted,Medium
Manufacturing,Medium,Average,High,Yes,Faisalabad,783000.0,187,Neutral,Not Contacted,Medium
Retail,Small,Good,Low,Yes,Karachi,4601000.0,209,Neutral,Not Contacted,Low
Manufacturing,Large,Good,Medium,Yes,Peshawar,1173000.0,255,No Response,Scheduled,Medium
Real Estate,Small,Average,Medium,Yes,Multan,2749000.0,311,Neutral,Scheduled,Medium
Technology,Large,Good,Medium,Yes,Rawalpindi,947000.0,55,Neutral,Not Scheduled,Medium
Finance,Medium,Good,Low,Yes,Islamabad,2782000.0,47,Neutral,Not Scheduled,Low
Finance,Medium,Good,Low,Yes,Faisalabad,217000.0,69,No Response,Scheduled,Low
Retail,Small,Average,Low,Yes,Quetta,631000.0,220,Positive,Scheduled,Medium
Manufacturing,Medium,Good,High,No,Lahore,3949000.0,180,No Response,Completed,High
Technology,Small,Excellent,High,No,Peshawar,2601000.0,1189,Positive,Completed,High
Manufacturing,Medium,Average,High,Yes,Quetta,2163000.0,40,No Response,Scheduled,Medium
Manufacturing,Medium,Excellent,Medium,Yes,Peshawar,620000.0,54,Positive,Not Scheduled,High
Real Estate,Medium,Good,Low,Yes,Faisalabad,2176000.0,75,Neutral,Not Contacted,Low
Technology,Small,Poor,Medium,Yes,Islamabad,1708000.0,53,No Response,Not Contacted,Low
Retail,Medium,Excellent,High,Yes,Quetta,21636000.0,106,Positive,Scheduled,High
Education,Small,Good,Medium,No,Peshawar,1412000.0,191,Neutral,Scheduled,Low
Technology,Medium,Good,Low,Yes,Faisalabad,2268000.0,114,Neutral,Not Scheduled,Medium
Finance,Medium,Average,High,Yes,Multan,1705000.0,116,Neutral,Scheduled,High
Technology,Small,Excellent,Low,Yes,Lahore,2703000.0,31,Negative,Not Scheduled,Low
Retail,Small,Average,High,Yes,Multan,905000.0,539,Neutral,Completed,High
Finance,Small,Average,Low,Yes,Karachi,1064000.0,159,Neutral,Completed,Medium
Finance,Medium,Poor,Low,Yes,Multan,9388000.0,245,No Response,Not Contacted,Low
Education,Small,Average,Medium,Yes,Islamabad,1989000.0,23,No Response,Scheduled,Low
Marketing,Small,Average,Low,No,Multan,2373000.0,150,Positive,Not Contacted,Low
Technology,Medium,Average,Medium,No,Multan,1832000.0,10,No Response,Not Scheduled,Low
Education,Medium,Good,High,Yes,Islamabad,785000.0,77,Positive,Not Scheduled,High
Finance,Large,Average,Low,Yes,Islamabad,372000.0,97,Neutral,Not Scheduled,Low
Healthcare,Large,Good,Medium,Yes,Faisalabad,478000.0,42,Positive,Scheduled,High
Finance,Medium,Average,Low,No,Quetta,847000.0,1050,Neutral,Not Scheduled,Low
Healthcare,Medium,Average,Medium,Yes,Karachi,2460000.0,58,Neutral,Scheduled,High
Education,Small,Good,High,Yes,Rawalpindi,2008000.0,95,No Response,Not Contacted,Low
Education,Medium,Average,Low,Yes,Karachi,1514000.0,45,Negative,Not Contacted,Low
Finance,Medium,Average,Low,Yes,Peshawar,2331000.0,83,No Response,Not Scheduled,Low
Retail,Small,Good,High,Yes,Rawalpindi,1035000.0,85,Positive,Not Contacted,Medium
Marketing,Large,Good,Medium,Yes,Peshawar,1177000.0,94,Neutral,Completed,High
Manufacturing,Small,Good,Medium,No,Islamabad,3033000.0,25,No Response,Scheduled,Low
Technology,Small,Poor,Medium,No,Faisalabad,2320000.0,63,Positive,Completed,Medium
Marketing,Large,Good,High,Yes,Peshawar,1283000.0,220,No Response,Not Contacted,Medium
Technology,Small,Good,High,No,Multan,657000.0,108,No Response,Not Scheduled,Low
Technology,Large,Poor,Low,Yes,Faisalabad,1393000.0,102,Neutral,Not Scheduled,Low
Manufacturing,Small,Poor,High,Yes,Karachi,480000.0,134,Negative,Not Scheduled,Low
Real Estate,Small,Average,Medium,Yes,Islamabad,1573000.0,117,Neutral,Completed,Medium
Finance,Medium,Poor,Low,Yes,Karachi,1476000.0,55,No Response,Not Contacted,Low
Technology,Large,Good,High,Yes,Faisalabad,1336000.0,42,Neutral,Not Contacted,High
Healthcare,Small,Average,Low,No,Multan,1316000.0,47,No Response,Scheduled,Low
Marketing,Medium,Good,High,No,Multan,4983000.0,70,Positive,Scheduled,High
Finance,Small,Poor,Low,Yes,Islamabad,2441000.0,721,No Response,Completed,Low
Real Estate,Medium,Good,High,Yes,Rawalpindi,1869000.0,207,Negative,Not Scheduled,Medium
Healthcare,Small,Average,Medium,Yes,Peshawar,216000.0,300,Neutral,Scheduled,Medium
Finance,Large,Average,Medium,Yes,Faisalabad,577000.0,354,Positive,Not Scheduled,High
Finance,Medium,Average,Medium,Yes,Rawalpindi,1431000.0,49,Negative,Not Scheduled,Low
Retail,Small,Good,Medium,Yes,Peshawar,1094000.0,39,Neutral,Scheduled,Medium
Technology,Small,Excellent,Low,No,Islamabad,4508000.0,194,Negative,Not Scheduled,Low
Technology,Small,Excellent,High,Yes,Rawalpindi,3528000.0,47,No Response,Not Scheduled,Low
Marketing,Small,Average,High,Yes,Peshawar,3896000.0,77,Neutral,Scheduled,Medium
Manufacturing,Large,Average,Medium,Yes,Faisalabad,1020000.0,24,No Response,Not Scheduled,Low
Manufacturing,Medium,Poor,Low,Yes,Multan,2908000.0,34,Positive,Completed,High
Healthcare,Medium,Good,Medium,Yes,Lahore,991000.0,120,Positive,Scheduled,High
Healthcare,Small,Good,High,No,Peshawar,1262000.0,169,No Response,Not Scheduled,Low
Manufacturing,Large,Poor,High,No,Islamabad,1637000.0,304,No Response,Not Scheduled,Low
Technology,Medium,Excellent,Medium,Yes,Quetta,1962000.0,235,Negative,Completed,High
Real Estate,Small,Good,Medium,No,Islamabad,654000.0,48,Neutral,Scheduled,Low
Healthcare,Small,Excellent,High,Yes,Islamabad,956000.0,171,No Response,Not Scheduled,Medium
Retail,Large,Excellent,Low,Yes,Multan,262000.0,74,Positive,Scheduled,High
Technology,Medium,Average,Low,Yes,Lahore,1910000.0,182,No Response,Scheduled,Low
Technology,Large,Average,Low,Yes,Lahore,2028000.0,140,Positive,Scheduled,High
Technology,Small,Average,Medium,Yes,Rawalpindi,3780000.0,114,Negative,Not Scheduled,Low
Finance,Medium,Good,Medium,Yes,Quetta,1064000.0,10,Positive,Completed,High
Technology,Small,Good,Medium,No,Rawalpindi,1530000.0,16,No Response,Not Scheduled,Low
Education,Medium,Average,High,Yes,Quetta,3793000.0,204,,Not Scheduled,Medium
Marketing,Small,Excellent,Medium,Yes,Peshawar,948000.0,56,Positive,Not Scheduled,High
Manufacturing,Large,Excellent,Low,Yes,Peshawar,2343000.0,76,No Response,Not Contacted,Low
Finance,Small,Excellent,Low,Yes,Lahore,,112,Negative,Not Scheduled,Low
Finance,Medium,Average,Low,Yes,Islamabad,2326000.0,29,Neutral,Scheduled,Medium
Technology,Medium,Good,Medium,Yes,Rawalpindi,541000.0,36,Positive,Not Scheduled,High
Technology,Small,Average,High,Yes,Rawalpindi,170000.0,141,Positive,Scheduled,Medium
Manufacturing,Medium,Average,High,Yes,Multan,1544000.0,41,No Response,Not Scheduled,Low
Finance,Small,Excellent,High,Yes,Faisalabad,621000.0,66,No Response,Not Scheduled,Medium
Real Estate,Small,Average,Low,No,Faisalabad,9185000.0,197,Neutral,Scheduled,Low
Healthcare,Small,Good,Low,No,Rawalpindi,4674000.0,379,No Response,Scheduled,Low
Real Estate,Small,Good,Low,No,Quetta,1182000.0,34,Negative,Scheduled,Low
Finance,Small,Good,Medium,Yes,Lahore,1903000.0,38,Positive,Completed,High
Finance,Medium,Poor,Medium,Yes,Multan,3835000.0,408,Neutral,Completed,Medium
Finance,Small,Average,Medium,Yes,Multan,2852000.0,13,Neutral,Scheduled,Low
Finance,Small,Excellent,High,Yes,Faisalabad,1261000.0,531,Negative,Not Scheduled,Medium
Finance,Small,Average,High,Yes,Karachi,927000.0,212,Neutral,Not Contacted,Low
Education,Medium,Good,Medium,Yes,Peshawar,11680000.0,18,No Response,Not Scheduled,Low
Retail,Medium,Average,High,Yes,Multan,2332000.0,68,Positive,Scheduled,High
Education,Medium,Excellent,Medium,Yes,Quetta,602000.0,156,Positive,Scheduled,High
Manufacturing,Small,Average,Medium,Yes,Peshawar,1551000.0,91,No Response,Completed,Medium
Technology,Small,Poor,High,No,Lahore,1110000.0,46,No Response,Not Contacted,Low
Healthcare,Medium,Excellent,Medium,Yes,Karachi,16661000.0,53,No Response,Scheduled,High
Education,Medium,Average,High,Yes,Islamabad,1515000.0,130,No Response,Completed,High
Real Estate,Small,Average,Medium,No,Quetta,5587000.0,353,Neutral,Completed,Medium
Real Estate,Small,Good,High,No,Faisalabad,640000.0,43,Negative,Scheduled,Low
Education,Large,Average,Medium,Yes,Peshawar,4908000.0,132,No Response,Scheduled,Medium
Real Estate,Large,Excellent,Medium,Yes,Islamabad,496000.0,67,Positive,Scheduled,High
Manufacturing,Medium,Average,Medium,No,Quetta,3973000.0,234,Negative,Completed,Low
Technology,Small,Average,Medium,No,Quetta,537000.0,41,No Response,Not Scheduled,Low
Finance,Medium,Poor,Medium,Yes,Quetta,2594000.0,43,No Response,Scheduled,Low
Education,Medium,Good,High,No,Multan,3178000.0,12,Neutral,Not Scheduled,Low
Retail,Medium,Excellent,Low,No,Quetta,1635000.0,262,Neutral,Scheduled,Medium
Technology,Medium,Average,,Yes,Rawalpindi,1627000.0,285,,Not Scheduled,High
Marketing,Small,Average,High,No,Quetta,2967000.0,178,No Response,Not Contacted,Low
Technology,Small,Poor,Low,Yes,Multan,2293000.0,152,Positive,Completed,High
Real Estate,Small,Excellent,Low,Yes,Lahore,1469000.0,202,No Response,Scheduled,Medium
Technology,Medium,Average,High,Yes,Faisalabad,3956000.0,171,Negative,Not Scheduled,Low
Technology,Medium,Excellent,Medium,Yes,Faisalabad,1374000.0,187,No Response,Scheduled,Medium
Finance,Medium,Average,Low,Yes,Islamabad,6584000.0,189,Positive,Not Scheduled,Medium
Marketing,Small,Average,Medium,Yes,Karachi,1955000.0,63,No Response,Not Scheduled,Low
Education,Medium,Excellent,Medium,Yes,Karachi,1419000.0,21,Neutral,Not Scheduled,Medium
Education,Medium,Good,Medium,No,Rawalpindi,492000.0,33,Negative,Not Contacted,Low
Real Estate,Small,Average,High,Yes,Islamabad,7208000.0,238,Negative,Not Scheduled,Medium
Technology,Large,Excellent,High,Yes,Multan,3805000.0,201,No Response,Not Contacted,High
Education,Small,Excellent,Medium,Yes,Faisalabad,21473000.0,177,Positive,Not Scheduled,High
Retail,Small,Average,Medium,Yes,Lahore,517000.0,241,Positive,Not Scheduled,Medium
Manufacturing,Large,Average,Low,Yes,Karachi,1683000.0,359,No Response,Not Contacted,Low
Real Estate,Small,Average,High,Yes,Faisalabad,431000.0,43,,Not Scheduled,Medium
Finance,Small,Average,Medium,Yes,Karachi,1881000.0,11,No Response,Scheduled,Low
Marketing,Medium,Average,Medium,Yes,Faisalabad,1332000.0,212,Negative,Scheduled,Medium
Marketing,Large,Average,Low,Yes,Faisalabad,420000.0,152,No Response,Not Scheduled,Low
Technology,Small,Excellent,,Yes,Lahore,5061000.0,188,No Response,Completed,High
Technology,Small,Good,Medium,Yes,Islamabad,1339000.0,50,Neutral,Not Contacted,Low
Finance,Medium,Average,Medium,Yes,Quetta,2277000.0,187,Positive,Not Scheduled,Medium
Education,Small,Excellent,Low,Yes,Lahore,2286000.0,40,Negative,Completed,Medium
Education,Medium,Average,High,Yes,Peshawar,2669000.0,128,Neutral,Scheduled,Medium
Technology,Small,Good,Medium,Yes,Quetta,1128000.0,33,,Not Contacted,Medium
Real Estate,Small,Good,Low,Yes,Faisalabad,5254000.0,259,Positive,Not Contacted,Medium
Technology,Small,Average,Medium,Yes,Quetta,9886000.0,72,Positive,Not Contacted,Low
Finance,Medium,Poor,Low,No,Islamabad,594000.0,1203,Positive,Not Scheduled,Low
Marketing,Small,Poor,High,No,Karachi,990000.0,22,Neutral,Completed,Low
Manufacturing,Large,Average,High,Yes,Karachi,1215000.0,50,No Response,Scheduled,Medium
Education,Large,Good,High,Yes,Multan,1361000.0,108,No Response,Scheduled,High
Retail,Medium,Poor,Low,Yes,Lahore,1105000.0,594,Neutral,Scheduled,Medium
Marketing,Large,Average,Low,Yes,Multan,571000.0,38,No Response,Scheduled,Low
Technology,Medium,Average,High,No,Islamabad,548000.0,124,Neutral,Not Scheduled,Low
Technology,Large,Average,Medium,Yes,Lahore,836000.0,156,Neutral,Not Contacted,Low
Marketing,Small,Excellent,Low,Yes,Quetta,774000.0,24,No Response,Not Scheduled,Low
Technology,Small,Good,Medium,Yes,Faisalabad,2522000.0,92,No Response,Not Contacted,Low
Technology,Small,Average,Low,Yes,Faisalabad,781000.0,110,Neutral,Scheduled,Low
Healthcare,Small,Poor,Medium,No,Karachi,2373000.0,113,Neutral,Scheduled,Low
Manufacturing,Large,Average,Low,Yes,Multan,1014000.0,97,Positive,Scheduled,High
Technology,Small,,Medium,Yes,Lahore,910000.0,38,Positive,Not Scheduled,Medium
Manufacturing,Small,Good,Low,Yes,Islamabad,387000.0,113,Positive,Not Scheduled,Low
Healthcare,Large,Good,Medium,Yes,Multan,16394000.0,86,Neutral,Scheduled,High
Technology,Medium,Good,Medium,Yes,Karachi,2114000.0,84,Positive,Scheduled,High
Education,Small,Average,Low,No,Faisalabad,1015000.0,177,No Response,Not Scheduled,Low
Healthcare,Medium,Average,Low,Yes,Quetta,,111,Positive,Completed,High
Healthcare,Small,Average,High,Yes,Multan,1955000.0,44,Neutral,Not Contacted,Medium
Finance,Small,Average,Medium,Yes,Faisalabad,2042000.0,203,Positive,Completed,High
Finance,Small,Good,Medium,Yes,Lahore,1562000.0,206,No Response,Scheduled,Medium
Technology,Small,Excellent,Low,Yes,Peshawar,2936000.0,78,No Response,Scheduled,Low
Technology,Small,Good,Medium,No,Multan,2063000.0,228,Neutral,Scheduled,Medium
Healthcare,Large,Poor,Medium,Yes,Multan,614000.0,143,Positive,Scheduled,High
Retail,Small,Good,Medium,No,Faisalabad,864000.0,87,Positive,Not Scheduled,Low
Marketing,Medium,Average,High,Yes,Karachi,2421000.0,407,Positive,Not Scheduled,High
Marketing,Small,Excellent,Medium,Yes,Faisalabad,871000.0,496,Positive,Scheduled,High
Finance,Medium,Average,High,Yes,Rawalpindi,1693000.0,33,Positive,Not Scheduled,High
Finance,Small,Good,High,Yes,Islamabad,1872000.0,104,Positive,Not Contacted,Medium
Technology,Medium,Good,Low,No,Peshawar,919000.0,61,Positive,Not Contacted,Low
Education,Large,Average,Low,Yes,Karachi,4430000.0,85,Positive,Scheduled,High
Retail,Small,Good,High,Yes,Karachi,2502000.0,229,No Response,Completed,High
Manufacturing,Medium,Good,High,Yes,Islamabad,427000.0,45,Neutral,Not Scheduled,Medium
Technology,Large,Excellent,Medium,No,Lahore,457000.0,96,Positive,Scheduled,High
Technology,Medium,Average,,Yes,Faisalabad,1634000.0,117,Neutral,Not Scheduled,Medium
Retail,Large,Average,Medium,Yes,Faisalabad,1128000.0,39,,Scheduled,Medium
Healthcare,Medium,Excellent,Medium,Yes,Peshawar,1023000.0,137,Positive,Not Scheduled,High
Technology,Medium,Good,,No,Lahore,1574000.0,213,Neutral,Scheduled,Medium
Finance,Medium,Average,Medium,Yes,Faisalabad,3442000.0,178,Negative,Not Scheduled,Low
Marketing,Medium,Good,Low,Yes,Rawalpindi,1199000.0,236,Neutral,Not Scheduled,Medium
Technology,Small,Good,Low,Yes,Lahore,1931000.0,129,Negative,Completed,Medium
Healthcare,Large,Good,High,Yes,Lahore,2507000.0,124,Neutral,Not Contacted,Medium
Real Estate,Medium,Poor,Low,Yes,Islamabad,9597000.0,357,Neutral,Completed,Medium
Technology,Small,Average,Medium,No,Peshawar,1424000.0,75,Neutral,Not Scheduled,Low
Retail,Medium,Poor,High,Yes,Rawalpindi,1029000.0,131,Positive,Scheduled,High
Finance,Small,Good,High,Yes,Lahore,398000.0,12,Neutral,Not Scheduled,Low
Real Estate,Small,Good,Low,Yes,Peshawar,1580000.0,216,No Response,Not Contacted,Low
Healthcare,Medium,Good,High,Yes,Islamabad,1072000.0,50,Positive,Scheduled,High
Education,Medium,Average,Medium,Yes,Karachi,9015000.0,45,No Response,Scheduled,Low
Marketing,Medium,Excellent,High,No,Karachi,306000.0,22,No Response,Completed,Medium
Marketing,Small,Poor,High,Yes,Peshawar,1613000.0,227,No Response,Not Contacted,Low
Education,Medium,Good,Low,Yes,Lahore,2316000.0,105,Positive,Scheduled,High
Retail,Small,Poor,Low,Yes,Faisalabad,619000.0,190,Negative,Scheduled,Low
Healthcare,Small,Excellent,Low,Yes,Faisalabad,1579000.0,81,Positive,Not Scheduled,Medium
Technology,Medium,Average,Low,Yes,Multan,590000.0,281,Neutral,Scheduled,Medium
Manufacturing,Small,Good,Medium,No,Rawalpindi,353000.0,61,No Response,Scheduled,Low
Manufacturing,Medium,Good,Low,Yes,Karachi,3524000.0,102,Negative,Not Scheduled,Low
Real Estate,Small,Excellent,Medium,Yes,Faisalabad,1687000.0,78,Positive,Not Contacted,Medium
Technology,Medium,Poor,High,Yes,Faisalabad,343000.0,194,No Response,Not Scheduled,Low
Finance,Medium,Excellent,High,Yes,Karachi,1395000.0,475,Positive,Scheduled,High
Finance,Large,Good,Low,Yes,Lahore,222000.0,98,No Response,Not Scheduled,Low
Real Estate,Large,Good,High,Yes,Multan,767000.0,96,,Not Scheduled,Medium
Marketing,Medium,Good,Low,Yes,Faisalabad,1511000.0,203,Positive,Not Scheduled,Medium
Technology,Small,Poor,Low,Yes,Lahore,7141000.0,96,Neutral,Not Scheduled,Low
Finance,Large,Average,Low,Yes,Rawalpindi,1150000.0,64,Positive,Not Scheduled,Medium
Real Estate,Large,Average,Medium,No,Peshawar,,64,Positive,Completed,High
Education,Small,Excellent,Low,No,Multan,1514000.0,221,Positive,Completed,High
Retail,Medium,Good,Low,Yes,Rawalpindi,415000.0,68,Neutral,Scheduled,Medium
Technology,Medium,Poor,High,Yes,Karachi,1880000.0,69,Neutral,Not Scheduled,Low
Technology,Medium,Average,Medium,Yes,Faisalabad,557000.0,112,No Response,Not Scheduled,Low
Manufacturing,Large,Average,Low,No,Peshawar,964000.0,147,Positive,Scheduled,Medium
Retail,Small,Good,Medium,Yes,Peshawar,974000.0,44,Positive,Not Contacted,Medium
Finance,Small,Average,Medium,No,Rawalpindi,448000.0,1142,Neutral,Scheduled,Low
Retail,Medium,Poor,Low,Yes,Faisalabad,3527000.0,122,Positive,Scheduled,Medium
Education,Small,Average,High,No,Lahore,5501000.0,60,,Not Scheduled,Low
Manufacturing,Small,Good,Low,Yes,Multan,3717000.0,42,Positive,Not Scheduled,Medium
Education,Small,Excellent,Medium,Yes,Multan,733000.0,156,Neutral,Not Scheduled,Medium
Technology,Small,Average,Low,Yes,Islamabad,4223000.0,57,No Response,Scheduled,Low
Manufacturing,Small,Excellent,Low,Yes,Karachi,1748000.0,101,Positive,Completed,High
Finance,Small,Average,High,Yes,Lahore,2587000.0,96,No Response,Scheduled,Medium
Technology,Medium,Good,Low,Yes,Faisalabad,,91,Positive,Scheduled,High
Education,Small,Poor,High,No,Quetta,674000.0,146,Neutral,Completed,Low
Technology,Small,Good,Low,Yes,Islamabad,1053000.0,10,Positive,Not Scheduled,Low
Education,Medium,Excellent,Low,Yes,Islamabad,308000.0,136,Neutral,Not Scheduled,Medium
Technology,Medium,Good,Medium,Yes,Lahore,3226000.0,381,No Response,Scheduled,Medium
Technology,Small,Good,,No,Karachi,901000.0,68,Positive,Completed,High
Technology,Small,Poor,Low,Yes,Karachi,895000.0,83,No Response,Scheduled,Low
Real Estate,Large,Excellent,Medium,Yes,Quetta,1078000.0,35,Neutral,Not Contacted,Medium
Marketing,Medium,Poor,High,Yes,Islamabad,4202000.0,707,No Response,Not Contacted,Low
Healthcare,Large,Good,Medium,No,Lahore,859000.0,111,Neutral,Not Scheduled,Low
Retail,Large,Poor,Medium,No,Quetta,1691000.0,137,Neutral,Not Scheduled,Low
Real Estate,Large,Average,Low,Yes,Peshawar,3558000.0,68,Negative,Not Scheduled,Low
Retail,Small,Good,,No,Peshawar,582000.0,44,No Response,Completed,Low
Retail,Small,Average,Medium,Yes,Lahore,2753000.0,47,,Not Contacted,Low
Education,Medium,Poor,Low,No,Karachi,132000.0,60,No Response,Not Scheduled,Low
Marketing,Small,Average,Medium,Yes,Multan,827000.0,43,No Response,Scheduled,Low
Finance,Small,,Medium,Yes,Rawalpindi,3008000.0,37,Neutral,Not Scheduled,Low
Marketing,Medium,Good,High,Yes,Rawalpindi,735000.0,57,Positive,Not Scheduled,High
Retail,Small,Poor,High,Yes,Quetta,205000.0,73,No Response,Completed,Low
Marketing,Small,Average,Medium,Yes,Peshawar,1264000.0,54,Negative,Not Scheduled,Low
Technology,Medium,Average,Low,Yes,Lahore,4354000.0,121,No Response,Not Scheduled,Low
Real Estate,Medium,Excellent,Medium,Yes,Islamabad,521000.0,36,Neutral,Scheduled,Medium
Real Estate,Large,Good,Medium,Yes,Karachi,816000.0,12,Negative,Scheduled,Medium
Finance,Medium,Excellent,High,Yes,Islamabad,6997000.0,103,Positive,Not Contacted,High
Real Estate,Small,Good,High,Yes,Rawalpindi,7574000.0,229,Positive,Not Scheduled,High
Education,Large,Average,Medium,Yes,Karachi,192000.0,42,No Response,Not Scheduled,Low
Technology,Small,Excellent,Medium,Yes,Quetta,2685000.0,38,Positive,Not Scheduled,High
Healthcare,Small,Good,Low,Yes,Karachi,1802000.0,184,Positive,Not Scheduled,Medium
Technology,Medium,Excellent,High,Yes,Quetta,684000.0,187,Negative,Not Scheduled,Medium
Education,Medium,Good,Medium,Yes,Lahore,,6,No Response,Not Scheduled,Low
Retail,Medium,Good,Medium,Yes,Rawalpindi,373000.0,102,Neutral,Scheduled,High
Manufacturing,Medium,Good,High,Yes,Faisalabad,831000.0,544,Positive,Not Scheduled,High
Healthcare,Medium,Average,Low,No,Karachi,384000.0,61,No Response,Not Scheduled,Low
Retail,Medium,Excellent,Medium,No,Multan,1768000.0,10,Neutral,Not Scheduled,Low
Retail,Small,Average,Low,Yes,Multan,1927000.0,37,Positive,Scheduled,Medium
Real Estate,Large,Good,Low,Yes,Karachi,2562000.0,62,Positive,Scheduled,High
Manufacturing,Medium,Poor,Low,No,Faisalabad,4242000.0,27,Negative,Not Contacted,Low
Healthcare,Small,Poor,Medium,No,Quetta,515000.0,78,Positive,Not Contacted,Low
Real Estate,Small,Good,High,Yes,Lahore,1919000.0,89,No Response,Scheduled,Medium
Retail,Large,Good,Medium,Yes,Faisalabad,425000.0,46,Negative,Not Contacted,Medium
Real Estate,Medium,Good,High,Yes,Multan,3201000.0,18,Neutral,Scheduled,High
Education,Medium,Excellent,Medium,Yes,Rawalpindi,9233000.0,16,Negative,Scheduled,Medium
Manufacturing,Large,Average,Medium,Yes,Lahore,2468000.0,124,Positive,Scheduled,High
Technology,Small,Good,Low,Yes,Peshawar,5137000.0,15,Positive,Scheduled,High
Marketing,Medium,,Medium,Yes,Karachi,8750000.0,53,No Response,Scheduled,High
Education,Medium,,High,Yes,Quetta,4458000.0,70,Negative,Not Scheduled,Medium
Retail,Large,Average,Low,Yes,Lahore,2636000.0,91,Neutral,Not Contacted,Low
Retail,Small,Poor,Medium,Yes,Karachi,19951000.0,525,Negative,Not Contacted,Low
Education,Medium,Average,Medium,Yes,Lahore,4748000.0,50,No Response,Not Scheduled,Low
Finance,Small,Average,Medium,Yes,Peshawar,6557000.0,43,No Response,Scheduled,Low
Technology,Medium,Excellent,Low,Yes,Multan,4883000.0,106,Neutral,Not Scheduled,Medium
Healthcare,Small,Good,Medium,No,Quetta,390000.0,12,,Not Scheduled,Low
Real Estate,Medium,Good,Medium,Yes,Peshawar,423000.0,105,Neutral,Completed,High
Real Estate,Medium,Average,Medium,Yes,Peshawar,1902000.0,141,No Response,Not Scheduled,Low
Technology,Large,Average,Medium,Yes,Peshawar,742000.0,301,Neutral,Completed,High
Manufacturing,Medium,Excellent,Medium,Yes,Islamabad,1313000.0,509,No Response,Scheduled,High
Technology,Small,Average,Low,Yes,Quetta,1574000.0,189,,Completed,Medium
Technology,Large,Average,,No,Islamabad,255000.0,74,Positive,Not Scheduled,Medium
Marketing,Medium,Good,High,Yes,Multan,6212000.0,298,Positive,Not Contacted,High
Real Estate,Small,Excellent,Low,No,Lahore,2323000.0,6,No Response,Not Scheduled,Low
Technology,Small,Good,Medium,Yes,Peshawar,776000.0,221,No Response,Completed,Medium
Real Estate,Medium,Good,Medium,No,Lahore,986000.0,72,No Response,Not Scheduled,Low
Retail,Medium,Good,Low,Yes,Faisalabad,3555000.0,47,No Response,Not Scheduled,Low
Education,Large,Excellent,Medium,No,Lahore,188000.0,1130,Positive,Scheduled,High
Retail,Medium,Poor,Medium,No,Lahore,8016000.0,123,Positive,Scheduled,Medium
Technology,Medium,Excellent,Medium,Yes,Quetta,659000.0,111,Positive,Not Contacted,High
Technology,Large,Good,High,Yes,Multan,455000.0,93,Negative,Not Contacted,Medium
Manufacturing,Small,Good,Medium,Yes,Multan,407000.0,97,No Response,Not Scheduled,Low
Technology,Small,Good,Low,Yes,Faisalabad,5296000.0,362,Positive,Not Contacted,Medium
Marketing,Medium,Average,High,Yes,Faisalabad,6277000.0,134,Positive,Scheduled,High
Retail,Small,Good,Medium,No,Multan,1915000.0,106,Positive,Scheduled,Medium
Real Estate,Medium,Poor,Low,Yes,Karachi,2003000.0,65,Neutral,Scheduled,Low
Healthcare,Small,Good,Low,No,Rawalpindi,389000.0,191,Neutral,Not Contacted,Low
Technology,Medium,Excellent,Medium,Yes,Karachi,8688000.0,46,No Response,Not Contacted,Low
Education,Large,Average,High,No,Karachi,8377000.0,79,No Response,Completed,Medium
Finance,Small,Good,High,Yes,Islamabad,1519000.0,256,No Response,Not Contacted,Low
Real Estate,Medium,Good,Medium,Yes,Peshawar,2069000.0,35,Neutral,Scheduled,Medium
Technology,Small,Good,Low,Yes,Rawalpindi,1189000.0,268,No Response,Not Scheduled,Low
Marketing,Large,Poor,Medium,Yes,Quetta,772000.0,936,Positive,Completed,High
Manufacturing,Large,Excellent,High,Yes,Peshawar,1935000.0,126,Positive,Scheduled,High
Finance,Medium,Good,Low,Yes,Quetta,1853000.0,742,No Response,Completed,Medium
Technology,Small,Good,Medium,Yes,Islamabad,1018000.0,96,Neutral,Completed,High
Real Estate,Medium,Poor,High,Yes,Karachi,7152000.0,102,Neutral,Not Contacted,Low
Technology,Small,Poor,High,Yes,Faisalabad,1729000.0,184,Positive,Not Scheduled,Medium
Healthcare,Medium,Average,Low,Yes,Peshawar,1831000.0,85,Neutral,Not Scheduled,Low
Marketing,Small,,Low,Yes,Multan,1456000.0,113,Positive,Scheduled,High
Education,Medium,Good,High,Yes,Multan,248000.0,52,No Response,Not Scheduled,Medium
Retail,Medium,Average,Low,Yes,Multan,885000.0,189,Positive,Scheduled,High
Manufacturing,Small,Good,High,Yes,Islamabad,652000.0,160,No Response,Not Scheduled,Low
Finance,Small,Good,Medium,No,Islamabad,354000.0,188,Positive,Not Scheduled,Low
Marketing,Small,Average,Medium,Yes,Islamabad,732000.0,166,Neutral,Completed,Medium
Marketing,Medium,Good,Medium,No,Lahore,3427000.0,159,No Response,Not Scheduled,Low
Technology,Medium,Average,Low,Yes,Rawalpindi,4312000.0,61,Positive,Scheduled,High
Retail,Small,Poor,High,No,Peshawar,1114000.0,46,No Response,Not Scheduled,Low
Manufacturing,Small,Poor,Medium,Yes,Islamabad,3068000.0,160,Neutral,Scheduled,Low
Healthcare,Medium,Good,Medium,Yes,Rawalpindi,867000.0,16,Negative,Scheduled,Medium
Technology,Small,Good,High,Yes,Quetta,996000.0,276,Neutral,Not Scheduled,Medium
Education,Large,Good,Low,Yes,Lahore,382000.0,197,No Response,Scheduled,High
Retail,Medium,Average,Low,Yes,Faisalabad,439000.0,209,Positive,Completed,High
Finance,Small,Good,High,Yes,Faisalabad,5828000.0,134,Positive,Completed,High
Finance,Small,,Low,No,Peshawar,1892000.0,13,Neutral,Completed,Low
Retail,Small,Average,Medium,Yes,Rawalpindi,124000.0,52,Positive,Scheduled,Medium
Real Estate,Medium,Average,Medium,Yes,Karachi,268000.0,118,No Response,Not Scheduled,Low
Real Estate,Small,Good,Low,No,Quetta,249000.0,81,Neutral,Not Contacted,Low
Finance,Small,Good,Low,Yes,Lahore,2532000.0,73,No Response,Completed,Medium
Real Estate,Small,Good,,Yes,Lahore,850000.0,94,No Response,Scheduled,Medium
Retail,Small,Average,,Yes,Karachi,3800000.0,169,No Response,Not Contacted,Low
Healthcare,Medium,Average,Low,Yes,Quetta,1466000.0,57,No Response,Not Scheduled,Low
Technology,Small,Good,High,No,Islamabad,626000.0,104,Positive,Not Scheduled,Medium
Technology,Small,Good,Medium,Yes,Faisalabad,915000.0,137,No Response,Completed,Medium
Retail,Medium,Poor,Medium,Yes,Peshawar,201000.0,194,Positive,Not Contacted,Medium
Technology,Medium,Excellent,Medium,Yes,Peshawar,532000.0,14,Neutral,Completed,High
Marketing,Medium,Average,Low,Yes,Islamabad,2554000.0,108,Negative,Scheduled,Low
Manufacturing,Large,Good,High,Yes,Multan,5094000.0,149,Positive,Scheduled,High
Technology,Large,Good,High,Yes,Karachi,1401000.0,141,Positive,Scheduled,High
Technology,Medium,Good,Medium,No,Quetta,746000.0,32,Negative,Not Scheduled,Low
Retail,Medium,Poor,High,Yes,Islamabad,818000.0,84,Positive,Not Contacted,Medium
Real Estate,Small,Average,Medium,No,Karachi,869000.0,17,Positive,Completed,Medium
Technology,Medium,Good,High,Yes,Quetta,718000.0,19,Positive,Not Scheduled,High
Finance,Small,Good,Low,No,Rawalpindi,1387000.0,112,,Not Scheduled,Low
Real Estate,Medium,Good,Medium,Yes,Karachi,2153000.0,90,No Response,Scheduled,Medium
Retail,Small,Good,Medium,Yes,Faisalabad,1297000.0,129,No Response,Not Contacted,Low
Retail,Large,Good,Low,Yes,Multan,5131000.0,19,No Response,Completed,High
Technology,Medium,Good,Low,Yes,Karachi,4558000.0,36,Positive,Completed,High
Technology,Medium,Average,Low,No,Peshawar,899000.0,428,Positive,Not Scheduled,Low
Healthcare,Medium,Good,Medium,Yes,Multan,1221000.0,64,No Response,Not Contacted,Low
Education,Small,Good,Medium,Yes,Quetta,1402000.0,142,No Response,Scheduled,Low
Healthcare,Large,Excellent,Medium,Yes,Peshawar,7770000.0,98,No Response,Not Scheduled,Medium
Education,Large,Excellent,High,Yes,Lahore,658000.0,526,No Response,Completed,High
Finance,Large,Good,Medium,Yes,Lahore,548000.0,222,No Response,Completed,High
Retail,Medium,Good,Medium,Yes,Quetta,1975000.0,146,No Response,Not Contacted,Low
Manufacturing,Small,Good,High,Yes,Quetta,472000.0,102,Positive,Completed,High
Real Estate,Medium,Good,High,No,Rawalpindi,3128000.0,224,No Response,Not Contacted,Medium
Retail,Medium,Good,Medium,Yes,Faisalabad,4317000.0,25,No Response,Not Scheduled,Low
Technology,Small,Good,Medium,No,Islamabad,3662000.0,99,Positive,Scheduled,High
Manufacturing,Small,Poor,Low,Yes,Faisalabad,2970000.0,106,No Response,Scheduled,Low
Marketing,Small,Good,Low,Yes,Quetta,,44,Neutral,Scheduled,Medium
Healthcare,Medium,Poor,Medium,Yes,Peshawar,442000.0,805,Neutral,Not Contacted,Low
Real Estate,Medium,Good,Medium,Yes,Lahore,519000.0,89,No Response,Completed,Medium
Education,Small,Good,Medium,Yes,Lahore,2472000.0,367,No Response,Not Contacted,Low
Technology,Small,Average,Medium,Yes,Quetta,6795000.0,56,Neutral,Completed,Medium
Finance,Medium,Good,Medium,No,Multan,1521000.0,81,Negative,Not Scheduled,Low
Education,Small,Excellent,High,Yes,Multan,1636000.0,124,Negative,Completed,High
Retail,Medium,Excellent,High,Yes,Quetta,6112000.0,46,Positive,Not Scheduled,High
Education,Medium,Excellent,Medium,Yes,Rawalpindi,16611000.0,306,Positive,Not Scheduled,High
Technology,Medium,Poor,Medium,Yes,Rawalpindi,915000.0,317,Neutral,Not Scheduled,Low
Healthcare,Medium,Good,High,No,Islamabad,2016000.0,79,Negative,Scheduled,Low
Marketing,Medium,Average,Medium,Yes,Karachi,324000.0,78,Positive,Not Scheduled,Medium
Retail,Large,Average,Low,Yes,Karachi,2064000.0,389,Neutral,Not Scheduled,Low
Technology,Medium,Excellent,Low,No,Multan,1648000.0,66,No Response,Completed,Medium
Manufacturing,Small,Average,High,No,Rawalpindi,297000.0,32,Neutral,Completed,Medium
Healthcare,Medium,Excellent,Medium,Yes,Faisalabad,4816000.0,22,Positive,Scheduled,High
Real Estate,Medium,Good,Medium,Yes,Peshawar,1622000.0,369,Negative,Not Contacted,Low
Healthcare,Small,Poor,Medium,Yes,Multan,1730000.0,117,Positive,Not Contacted,Medium
Real Estate,Large,Average,Low,Yes,Islamabad,602000.0,144,Positive,Not Scheduled,Medium
Finance,Medium,Excellent,High,No,Quetta,1731000.0,143,Neutral,Completed,High
Marketing,Small,Average,Medium,Yes,Rawalpindi,1101000.0,28,Positive,Scheduled,Medium
Finance,Small,Average,Low,Yes,Faisalabad,1033000.0,223,No Response,Scheduled,Low
Technology,Small,Good,Medium,Yes,Karachi,489000.0,214,No Response,Scheduled,Medium
Technology,Large,Good,Low,Yes,Karachi,2170000.0,102,Neutral,Completed,High
Technology,Small,Excellent,Low,Yes,Peshawar,2696000.0,72,Neutral,Not Contacted,Low
Technology,Small,Poor,Medium,Yes,Islamabad,2374000.0,47,Neutral,Not Contacted,Low
Retail,Small,Excellent,Low,No,Peshawar,329000.0,49,Neutral,Scheduled,Low
Healthcare,Medium,Average,Medium,Yes,Islamabad,3360000.0,143,Positive,Not Contacted,Medium
Manufacturing,Small,Average,High,No,Rawalpindi,1034000.0,21,No Response,Completed,Low
Healthcare,Medium,Good,High,Yes,Multan,834000.0,222,Negative,Not Scheduled,Medium
Education,Large,Good,Medium,No,Faisalabad,9910000.0,314,Neutral,Not Scheduled,Medium
Real Estate,Medium,Good,High,No,Karachi,384000.0,62,Positive,Not Contacted,Medium
Finance,Small,Good,,Yes,Rawalpindi,390000.0,13,No Response,Scheduled,Low
Healthcare,Small,Average,Low,Yes,Peshawar,1180000.0,124,Negative,Completed,Low
Retail,Small,,Medium,Yes,Quetta,3611000.0,330,Positive,Not Scheduled,Medium
Technology,Large,Good,High,Yes,Quetta,2050000.0,31,Neutral,Scheduled,High
Finance,Small,Good,Medium,Yes,Lahore,1561000.0,23,Neutral,Scheduled,Medium
Finance,Small,Average,Medium,Yes,Faisalabad,1861000.0,92,Positive,Not Scheduled,Medium
Technology,Small,Good,Medium,Yes,Karachi,1459000.0,160,Positive,Completed,High
Manufacturing,Medium,Average,High,No,Lahore,1431000.0,125,No Response,Not Scheduled,Low
Manufacturing,Small,Excellent,Low,No,Multan,1880000.0,19,No Response,Not Scheduled,Low
Marketing,Small,Average,Medium,Yes,Lahore,2607000.0,226,Negative,Scheduled,Low
Manufacturing,Large,Good,Medium,Yes,Islamabad,6790000.0,53,Positive,Scheduled,High
Finance,Medium,Good,Medium,Yes,Islamabad,266000.0,362,No Response,Completed,High
Manufacturing,Medium,Average,Medium,Yes,Lahore,11822000.0,59,Positive,Not Scheduled,Medium
Education,Small,Average,,Yes,Islamabad,483000.0,26,No Response,Scheduled,Low
Education,Small,Poor,Low,Yes,Lahore,1442000.0,20,Neutral,Not Scheduled,Low
Education,Small,Average,Low,Yes,Lahore,5242000.0,82,Positive,Completed,Medium
Technology,Large,Excellent,Medium,Yes,Lahore,791000.0,108,Negative,Not Contacted,Medium
Healthcare,Small,Excellent,High,Yes,Multan,960000.0,99,Positive,Scheduled,High
Finance,Medium,Good,Medium,Yes,Rawalpindi,4803000.0,291,Positive,Scheduled,High
Manufacturing,Small,Excellent,Medium,No,Lahore,,31,Positive,Not Contacted,Medium
Real Estate,Large,Excellent,High,Yes,Faisalabad,1304000.0,114,Positive,Scheduled,High
Education,Medium,Poor,Medium,Yes,Quetta,916000.0,213,Positive,Not Scheduled,Medium
Technology,Large,Excellent,Low,Yes,Rawalpindi,840000.0,91,Positive,Not Scheduled,High
Technology,Large,Average,Medium,No,Lahore,678000.0,95,No Response,Not Scheduled,Low
Marketing,Medium,Excellent,Medium,Yes,Faisalabad,2815000.0,236,Negative,Not Scheduled,Medium
Technology,Small,Good,Medium,Yes,Multan,3182000.0,233,No Response,Not Scheduled,Low
Education,Small,Average,Medium,Yes,Peshawar,2058000.0,21,No Response,Scheduled,Low
Technology,Small,Average,High,Yes,Rawalpindi,1581000.0,145,Positive,Scheduled,High
Finance,Medium,Good,Medium,Yes,Faisalabad,744000.0,400,Neutral,Completed,High
Retail,Small,Good,Medium,No,Rawalpindi,873000.0,57,Neutral,Scheduled,Low
Finance,Small,Poor,Low,Yes,Islamabad,2399000.0,413,Positive,Completed,Medium
Manufacturing,Medium,Poor,High,Yes,Karachi,523000.0,5,No Response,Not Scheduled,Low
Education,Small,Good,Medium,No,Peshawar,454000.0,87,Positive,Scheduled,Medium
Marketing,Medium,Average,High,Yes,Quetta,2696000.0,214,Positive,Completed,High
Technology,Small,Excellent,Low,Yes,Peshawar,1490000.0,92,Positive,Scheduled,High
Technology,Medium,Average,High,Yes,Faisalabad,162000.0,77,Negative,Not Contacted,Low
Manufacturing,Small,Good,Medium,Yes,Rawalpindi,320000.0,626,Positive,Scheduled,High
Marketing,Small,Poor,Low,Yes,Rawalpindi,13630000.0,77,No Response,Not Contacted,Low
Marketing,Large,Average,Low,Yes,Islamabad,,164,Neutral,Not Contacted,Low
Technology,Large,Poor,Medium,Yes,Karachi,420000.0,101,Neutral,Not Contacted,Low
Education,Small,Good,Medium,Yes,Faisalabad,15512000.0,293,Positive,Completed,High
Manufacturing,Small,Excellent,Low,Yes,Multan,2770000.0,203,No Response,Completed,Medium
Manufacturing,Medium,Good,High,No,Lahore,665000.0,516,Neutral,Not Scheduled,Medium
Manufacturing,Large,Excellent,Medium,Yes,Rawalpindi,947000.0,162,Neutral,Not Contacted,High
Healthcare,Large,Average,Medium,No,Multan,1180000.0,203,Positive,Not Scheduled,Low
Finance,Medium,Good,High,Yes,Karachi,718000.0,27,Negative,Not Scheduled,Medium
Technology,Small,Poor,Low,No,Rawalpindi,211000.0,43,Positive,Scheduled,Low
Finance,Medium,Good,Low,No,Rawalpindi,3785000.0,38,Positive,Scheduled,Medium
Retail,Small,Poor,Medium,No,Islamabad,2418000.0,20,No Response,Not Scheduled,Low
Education,Small,Good,Medium,Yes,Islamabad,7815000.0,36,Positive,Scheduled,High
Real Estate,Small,,Medium,No,Lahore,506000.0,161,Positive,Not Scheduled,Low
Finance,Large,Poor,Medium,Yes,Rawalpindi,543000.0,52,No Response,Not Scheduled,Low
Technology,Medium,Excellent,Medium,Yes,Faisalabad,2184000.0,57,No Response,Not Scheduled,Medium
Education,Large,Excellent,Low,Yes,Quetta,1162000.0,277,Neutral,Not Scheduled,Medium
Technology,Small,Poor,Medium,Yes,Peshawar,2443000.0,27,Neutral,Not Scheduled,Low
Retail,Small,Average,Low,Yes,Peshawar,6185000.0,327,Positive,Scheduled,Medium
Finance,Large,Excellent,Medium,No,Peshawar,4175000.0,483,Positive,Not Scheduled,High
Manufacturing,Medium,Excellent,Low,Yes,Multan,759000.0,224,Positive,Not Scheduled,High
Finance,Small,Good,Medium,Yes,Rawalpindi,516000.0,70,,Not Scheduled,Medium
Marketing,Large,Good,Low,Yes,Multan,557000.0,18,No Response,Not Scheduled,Low
Finance,Large,Average,High,Yes,Islamabad,835000.0,180,Negative,Not Contacted,Low
Healthcare,Large,Average,High,Yes,Lahore,675000.0,129,No Response,Not Contacted,Medium
Technology,Medium,Good,Medium,Yes,Rawalpindi,1421000.0,16,Neutral,Not Scheduled,Medium
Technology,Medium,Poor,Medium,No,Multan,5141000.0,65,No Response,Not Scheduled,Low
Manufacturing,Medium,Poor,High,No,Islamabad,1768000.0,75,No Response,Not Contacted,Low
Finance,Medium,Poor,High,Yes,Rawalpindi,1105000.0,64,Neutral,Completed,Medium
Marketing,Medium,Excellent,High,No,Peshawar,,66,Positive,Not Contacted,Medium
Education,Large,Excellent,Low,Yes,Faisalabad,3053000.0,104,Positive,Not Scheduled,High
Marketing,Large,Good,Medium,Yes,Multan,1488000.0,23,Positive,Completed,High
Manufacturing,Medium,Good,High,Yes,Multan,991000.0,66,Neutral,Not Contacted,Medium
Education,Small,Average,Medium,Yes,Quetta,1146000.0,110,Neutral,Scheduled,Low
Technology,Medium,Good,High,No,Quetta,1045000.0,192,Positive,Scheduled,High
Education,Small,Good,Low,No,Rawalpindi,392000.0,457,Neutral,Not Contacted,Low
Marketing,Small,Poor,Low,No,Islamabad,,266,No Response,Not Scheduled,Low
Finance,Small,Excellent,Low,Yes,Lahore,1388000.0,40,No Response,Not Scheduled,Low
Real Estate,Medium,Good,High,Yes,Rawalpindi,,341,Positive,Not Scheduled,High
Real Estate,Large,Good,Medium,Yes,Peshawar,812000.0,166,Positive,Completed,High
Technology,Small,Average,Low,Yes,Multan,1895000.0,181,Positive,Not Contacted,Low
Retail,Small,Good,Medium,Yes,Peshawar,361000.0,423,Neutral,Completed,Medium
Technology,Large,Average,Low,No,Peshawar,399000.0,235,Neutral,Not Contacted,Low
Retail,Small,Good,Medium,Yes,Lahore,901000.0,85,Positive,Not Contacted,Medium
Manufacturing,Small,Excellent,Medium,Yes,Multan,2573000.0,427,Positive,Not Scheduled,Medium
Healthcare,Small,Good,Medium,Yes,Islamabad,980000.0,48,Positive,Not Contacted,Medium
Manufacturing,Medium,Good,Medium,Yes,Faisalabad,701000.0,63,No Response,Completed,High
Education,Medium,Excellent,Medium,No,Quetta,3681000.0,86,Neutral,Completed,High
Finance,Medium,Good,High,Yes,Karachi,4012000.0,128,No Response,Not Contacted,Medium
Retail,Large,Good,Medium,Yes,Faisalabad,430000.0,49,No Response,Scheduled,Medium
Education,Large,Good,High,Yes,Karachi,848000.0,177,No Response,Scheduled,High
Retail,Large,Good,High,Yes,Faisalabad,4182000.0,83,No Response,Completed,High
Manufacturing,Small,Excellent,Low,No,Quetta,455000.0,57,Neutral,Not Contacted,Low
Manufacturing,Small,Average,Low,Yes,Multan,609000.0,78,Positive,Not Contacted,Low
Manufacturing,Large,Average,Medium,Yes,Rawalpindi,439000.0,72,Negative,Not Scheduled,Low
Finance,Small,Average,Low,Yes,Peshawar,2280000.0,365,Positive,Completed,Medium
Technology,Small,Good,Medium,No,Multan,1590000.0,144,Neutral,Not Scheduled,Low
Finance,Small,Good,Medium,No,Faisalabad,1590000.0,32,Neutral,Not Scheduled,Low
Real Estate,Small,Excellent,Low,No,Lahore,851000.0,103,Neutral,Not Contacted,Low
Manufacturing,Large,Poor,Low,Yes,Rawalpindi,1245000.0,134,Positive,Not Contacted,Medium
Manufacturing,Small,Good,High,Yes,Multan,843000.0,89,Positive,Not Scheduled,High
Real Estate,Medium,Good,Medium,Yes,Quetta,2327000.0,59,Positive,Completed,High
Technology,Small,Average,Medium,Yes,Peshawar,155000.0,115,Positive,Not Scheduled,Low
Retail,Medium,Good,High,Yes,Karachi,3202000.0,29,No Response,Scheduled,High
Finance,Small,Average,Low,No,Peshawar,361000.0,246,Positive,Scheduled,Low
Finance,Medium,Good,Low,Yes,Karachi,3059000.0,448,No Response,Not Scheduled,Low
Manufacturing,Medium,Average,Medium,Yes,Peshawar,,64,Negative,Scheduled,Medium
Technology,Medium,Good,Medium,Yes,Multan,7587000.0,168,No Response,Scheduled,Medium
Healthcare,Medium,Good,High,Yes,Rawalpindi,429000.0,800,No Response,Scheduled,Medium
Real Estate,Small,Average,Low,Yes,Faisalabad,2029000.0,36,Negative,Scheduled,Low
Marketing,Large,Average,Medium,No,Quetta,789000.0,92,Negative,Scheduled,Low
Finance,Medium,Excellent,Medium,Yes,Lahore,1389000.0,261,No Response,Not Scheduled,Medium
Technology,Large,Average,Medium,Yes,Peshawar,8858000.0,59,No Response,Scheduled,Medium
Healthcare,Medium,Excellent,Medium,Yes,Faisalabad,616000.0,29,No Response,Not Scheduled,Medium
Marketing,Small,Average,Medium,Yes,Peshawar,2102000.0,55,No Response,Not Scheduled,Low
Technology,Medium,Good,High,Yes,Islamabad,4777000.0,188,Neutral,Not Scheduled,Medium
Healthcare,Large,Average,High,Yes,Faisalabad,1147000.0,101,Neutral,Not Scheduled,Medium
Marketing,Small,Good,Medium,Yes,Quetta,1269000.0,137,No Response,Completed,Medium
Marketing,Medium,Good,Medium,No,Lahore,7445000.0,26,Neutral,Scheduled,Medium
Real Estate,Large,Average,High,Yes,Lahore,1275000.0,156,No Response,Scheduled,High
Technology,Small,Average,Medium,Yes,Islamabad,2751000.0,200,Neutral,Not Contacted,Medium
Manufacturing,Large,Excellent,Low,Yes,Islamabad,844000.0,25,Positive,Completed,High
Manufacturing,Small,Poor,High,No,Lahore,380000.0,113,Positive,Scheduled,Low
Education,Medium,Excellent,High,No,Faisalabad,1185000.0,104,Positive,Not Contacted,Medium
Marketing,Small,Poor,Medium,Yes,Multan,886000.0,558,Positive,Not Scheduled,Medium
Healthcare,Small,Excellent,Low,Yes,Islamabad,320000.0,70,Neutral,Not Scheduled,Medium
Retail,Small,Excellent,High,Yes,Peshawar,2074000.0,113,Neutral,Scheduled,High
Technology,Medium,Good,High,Yes,Karachi,395000.0,173,Positive,Completed,High
Technology,Medium,Excellent,Medium,Yes,Multan,1311000.0,268,Positive,Scheduled,High
Healthcare,Medium,Excellent,Medium,Yes,Rawalpindi,1074000.0,68,Neutral,Not Scheduled,Medium
Healthcare,Medium,Average,Medium,No,Faisalabad,1680000.0,211,Positive,Not Contacted,Medium
Technology,Medium,Average,Medium,Yes,Peshawar,825000.0,175,Positive,Not Contacted,Medium
Technology,Medium,Excellent,High,Yes,Islamabad,481000.0,72,Neutral,Not Contacted,Medium
Education,Small,Average,High,No,Faisalabad,5252000.0,70,No Response,Completed,Medium
Retail,Small,Average,Medium,Yes,Islamabad,2298000.0,206,No Response,Completed,Medium
Real Estate,Medium,Good,Medium,Yes,Rawalpindi,580000.0,87,Positive,Scheduled,High
Technology,Small,Good,Low,Yes,Lahore,3570000.0,283,Neutral,Not Contacted,Low
Technology,Small,Good,High,No,Quetta,1586000.0,28,No Response,Scheduled,Low
Manufacturing,Small,Good,Low,No,Faisalabad,2720000.0,86,No Response,Not Contacted,Low
Manufacturing,Medium,Average,Medium,Yes,Quetta,1031000.0,30,Positive,Scheduled,High
Finance,Small,,Medium,Yes,Lahore,2905000.0,551,Negative,Completed,Medium
Marketing,Small,Good,High,Yes,Rawalpindi,347000.0,43,Neutral,Scheduled,Medium
Manufacturing,Small,Average,Medium,No,Rawalpindi,675000.0,89,Neutral,Completed,Medium
Technology,Large,Poor,Low,Yes,Peshawar,1020000.0,125,Negative,Not Scheduled,Low
Technology,Large,,Low,Yes,Karachi,855000.0,94,No Response,Scheduled,Medium
Manufacturing,Medium,Good,Low,No,Faisalabad,850000.0,178,Positive,Completed,High
Marketing,Large,Good,Low,No,Peshawar,2409000.0,17,No Response,Not Scheduled,Low
Real Estate,Medium,Average,Low,Yes,Multan,259000.0,80,Negative,Not Contacted,Low
Finance,Medium,Excellent,Low,Yes,Peshawar,347000.0,72,Positive,Scheduled,High
Technology,Large,Average,Low,Yes,Multan,768000.0,208,No Response,Completed,Medium
Education,Medium,Good,High,Yes,Faisalabad,1321000.0,285,No Response,Completed,High
Real Estate,Small,Good,Medium,Yes,Multan,130000.0,108,Positive,Completed,High
Real Estate,Small,Excellent,Medium,Yes,Quetta,1972000.0,147,Positive,Not Scheduled,High
Education,Small,Excellent,High,Yes,Lahore,,61,No Response,Scheduled,High
Technology,Small,Good,High,Yes,Rawalpindi,609000.0,180,Negative,Not Contacted,Medium
Manufacturing,Large,Poor,Medium,Yes,Rawalpindi,1176000.0,70,Neutral,Scheduled,Medium
Marketing,Small,Good,Medium,Yes,Rawalpindi,10614000.0,123,Positive,Not Scheduled,Medium
Finance,Large,Good,Low,No,Lahore,1965000.0,64,Negative,Not Scheduled,Low
Real Estate,Large,Good,Medium,Yes,Multan,1445000.0,520,No Response,Not Scheduled,Medium
Education,Large,Average,High,Yes,Karachi,678000.0,82,Negative,Completed,Medium
Real Estate,Large,Good,High,Yes,Faisalabad,597000.0,215,Positive,Not Scheduled,High
Real Estate,Medium,Average,Medium,Yes,Multan,26379000.0,163,Positive,Completed,High
Manufacturing,Small,Excellent,Medium,Yes,Rawalpindi,1233000.0,351,No Response,Scheduled,Medium
Technology,Small,Average,Low,Yes,Rawalpindi,530000.0,199,No Response,Scheduled,Low
Manufacturing,Medium,Good,Medium,Yes,Islamabad,1830000.0,254,Neutral,Completed,High
Real Estate,Medium,Average,Medium,No,Islamabad,728000.0,70,No Response,Scheduled,Low
Technology,Medium,Excellent,Low,Yes,Islamabad,323000.0,120,No Response,Not Scheduled,Low
Technology,Small,Average,Low,Yes,Peshawar,203000.0,185,No Response,Not Contacted,Low
Technology,Medium,Poor,High,Yes,Islamabad,997000.0,142,Positive,Not Scheduled,Medium
Marketing,Small,Good,Medium,Yes,Quetta,1800000.0,87,No Response,Not Scheduled,Low
Manufacturing,Medium,Excellent,Medium,Yes,Lahore,252000.0,57,Positive,Completed,High
Marketing,Small,Average,Medium,No,Rawalpindi,968000.0,86,,Scheduled,Low
Finance,Small,Average,Low,Yes,Lahore,1685000.0,109,No Response,Completed,Low
Finance,Medium,Good,High,Yes,Islamabad,1506000.0,18,No Response,Scheduled,Medium
Marketing,Medium,Excellent,Low,Yes,Peshawar,236000.0,140,Positive,Not Scheduled,Medium
Finance,Small,Average,Low,No,Lahore,4571000.0,38,Positive,Not Contacted,Low
Education,Small,Average,High,No,Quetta,2146000.0,61,Neutral,Scheduled,Low
Healthcare,Small,Excellent,Medium,No,Peshawar,1293000.0,69,No Response,Not Scheduled,Low
Real Estate,Small,Good,High,Yes,Islamabad,554000.0,33,No Response,Not Scheduled,Low
Retail,Small,Good,Low,Yes,Quetta,1974000.0,247,No Response,Not Scheduled,Low
Manufacturing,Large,Poor,Low,Yes,Karachi,446000.0,146,No Response,Scheduled,Low
Manufacturing,Small,Good,Medium,Yes,Faisalabad,1865000.0,71,No Response,Not Contacted,Low
Real Estate,Small,Average,Low,Yes,Multan,1656000.0,59,Positive,Not Contacted,Low
Education,Small,Average,Low,Yes,Quetta,372000.0,59,No Response,Not Contacted,Low
Retail,Medium,Poor,Medium,Yes,Quetta,409000.0,9,Positive,Not Scheduled,Low
Finance,Large,Good,High,Yes,Quetta,4402000.0,123,No Response,Not Scheduled,Medium
Technology,Large,Good,Low,No,Rawalpindi,1856000.0,165,Positive,Not Contacted,Medium
Technology,Large,Average,Medium,Yes,Rawalpindi,2489000.0,469,Positive,Completed,High
Finance,Small,Average,High,No,Karachi,617000.0,140,Neutral,Scheduled,Low
Technology,Small,Poor,Low,Yes,Faisalabad,1940000.0,25,Positive,Scheduled,Low
Education,Medium,Average,Medium,Yes,Quetta,1549000.0,330,Negative,Scheduled,Medium
Healthcare,Small,Excellent,Medium,Yes,Quetta,479000.0,185,Negative,Scheduled,Medium
Technology,Small,Good,Medium,Yes,Multan,3786000.0,20,Neutral,Completed,Medium
Finance,Small,Excellent,Low,Yes,Karachi,1424000.0,114,Neutral,Scheduled,Medium
Technology,Large,Average,Medium,Yes,Quetta,430000.0,37,Neutral,Scheduled,High
Marketing,Large,Average,Medium,Yes,Rawalpindi,1476000.0,24,No Response,Not Scheduled,Medium
Education,Large,Poor,Low,Yes,Islamabad,317000.0,43,No Response,Completed,Low
Marketing,Medium,Average,Medium,Yes,Quetta,625000.0,113,Positive,Not Scheduled,Medium
Education,Medium,Excellent,Medium,Yes,Faisalabad,2412000.0,30,Positive,Completed,High
Finance,Small,Good,High,No,Multan,282000.0,113,Negative,Not Scheduled,Low
Healthcare,Medium,Excellent,High,Yes,Lahore,625000.0,129,No Response,Not Contacted,Medium
Healthcare,Medium,Good,Low,Yes,Islamabad,623000.0,77,Neutral,Scheduled,Medium
Retail,Medium,Poor,Medium,No,Faisalabad,5314000.0,74,Negative,Not Scheduled,Low
Retail,Small,Average,Low,Yes,Karachi,6144000.0,533,Positive,Not Contacted,Medium
Technology,Medium,Average,Low,Yes,Peshawar,6127000.0,728,Negative,Scheduled,Low
Retail,Small,Excellent,Medium,No,Rawalpindi,8222000.0,54,Positive,Not Contacted,Medium
Finance,Medium,Good,Low,Yes,Karachi,2569000.0,32,Negative,Not Contacted,Low
Finance,Small,Average,Medium,Yes,Lahore,2699000.0,42,Negative,Scheduled,Low
Technology,Large,Good,Medium,Yes,Quetta,539000.0,41,Neutral,Not Scheduled,Medium
Manufacturing,Medium,Poor,Medium,Yes,Faisalabad,2943000.0,119,No Response,Scheduled,Low
Technology,Medium,Good,High,No,Quetta,1807000.0,52,Positive,Scheduled,High
Real Estate,Medium,Excellent,,No,Rawalpindi,1429000.0,168,Positive,Completed,High
Technology,Small,Good,Medium,Yes,Multan,,87,No Response,Not Contacted,Low
Finance,Small,Excellent,Medium,Yes,Faisalabad,3127000.0,123,Negative,Completed,High
Finance,Small,Excellent,Low,Yes,Multan,1842000.0,31,Positive,Not Scheduled,Medium
Real Estate,Small,Good,Medium,Yes,Quetta,18630000.0,275,Neutral,Not Scheduled,Medium
Education,Medium,Good,Medium,Yes,Islamabad,3347000.0,283,Neutral,Not Contacted,Medium
Finance,Large,Average,High,Yes,Faisalabad,245000.0,63,Neutral,Not Contacted,Medium
Real Estate,Large,Good,High,Yes,Lahore,624000.0,117,Positive,Not Scheduled,High
Manufacturing,Small,Average,High,Yes,Faisalabad,2058000.0,48,Neutral,Completed,Medium
Real Estate,Small,Average,High,Yes,Rawalpindi,8983000.0,34,Positive,Not Contacted,Medium
Manufacturing,Medium,Good,Medium,Yes,Rawalpindi,,51,No Response,Completed,High
Manufacturing,Large,Excellent,Medium,Yes,Peshawar,1188000.0,19,No Response,Completed,High
Education,Small,Average,Medium,Yes,Quetta,2744000.0,55,Neutral,Not Scheduled,Low
Healthcare,Large,Excellent,Low,Yes,Islamabad,593000.0,204,No Response,Scheduled,High
Healthcare,Medium,Good,Medium,Yes,Lahore,7426000.0,342,No Response,Scheduled,Medium
Finance,Large,Good,High,Yes,Rawalpindi,1232000.0,61,Negative,Not Scheduled,Medium
Education,Medium,Good,High,No,Quetta,1916000.0,10,Positive,Scheduled,High
Healthcare,Medium,Poor,Medium,Yes,Karachi,1937000.0,13,Negative,Scheduled,Low
Technology,Small,Poor,Medium,Yes,Quetta,18916000.0,144,Neutral,Completed,Medium
Technology,Medium,Average,,Yes,Multan,10320000.0,27,Neutral,Not Scheduled,Low
Healthcare,Small,Good,Low,Yes,Rawalpindi,2004000.0,115,No Response,Scheduled,Low
Finance,Medium,Excellent,High,Yes,Quetta,5218000.0,532,Positive,Not Scheduled,High
Technology,Large,Excellent,High,Yes,Lahore,3902000.0,199,Positive,Completed,High
Technology,Small,Excellent,Medium,No,Karachi,1331000.0,61,No Response,Not Contacted,Low
Healthcare,Small,Average,Low,Yes,Quetta,2269000.0,230,No Response,Completed,Low
Manufacturing,Large,Excellent,Medium,Yes,Peshawar,3651000.0,59,Negative,Not Scheduled,Medium
Marketing,Small,Average,High,Yes,Rawalpindi,7257000.0,157,Positive,Completed,High
Technology,Large,Average,Low,Yes,Faisalabad,4511000.0,114,Positive,Completed,High
Healthcare,Medium,Poor,Medium,Yes,Faisalabad,1983000.0,168,No Response,Completed,Medium
Real Estate,Medium,Average,High,Yes,Islamabad,1364000.0,21,No Response,Scheduled,Medium
Retail,Small,Good,High,Yes,Peshawar,1045000.0,323,Positive,Completed,High
Manufacturing,Medium,Average,High,Yes,Rawalpindi,1594000.0,551,No Response,Completed,High
Education,Small,Average,High,Yes,Lahore,440000.0,119,Negative,Not Scheduled,Low
Technology,Large,Excellent,Low,Yes,Islamabad,4859000.0,40,Positive,Scheduled,High
Technology,Large,Average,Medium,No,Peshawar,11228000.0,12,No Response,Completed,Low
Manufacturing,Small,Excellent,Medium,Yes,Lahore,4560000.0,46,No Response,Not Scheduled,Medium
Education,Small,Good,Medium,No,Rawalpindi,1218000.0,89,Positive,Not Contacted,Low
Real Estate,Small,Average,Medium,Yes,Karachi,1693000.0,164,Negative,Not Scheduled,Low
Healthcare,Medium,Average,Medium,Yes,Peshawar,959000.0,21,No Response,Completed,Medium
Technology,Medium,Good,Low,Yes,Rawalpindi,1819000.0,205,Positive,Not Scheduled,Medium
Technology,Medium,Poor,Low,Yes,Faisalabad,4240000.0,223,No Response,Scheduled,Low
Manufacturing,Small,Good,High,Yes,Rawalpindi,339000.0,96,No Response,Scheduled,Medium
Technology,Medium,Excellent,Medium,Yes,Quetta,3384000.0,779,Positive,Not Scheduled,High
Education,Large,Excellent,Medium,No,Peshawar,715000.0,457,Positive,Not Scheduled,High
Manufacturing,Medium,Average,Low,Yes,Rawalpindi,2152000.0,28,No Response,Not Scheduled,Low
Real Estate,Large,Average,Medium,Yes,Peshawar,191000.0,40,Positive,Not Scheduled,Medium
Technology,Small,Good,High,Yes,Faisalabad,1866000.0,28,Neutral,Not Scheduled,Low
Technology,Medium,Excellent,Medium,Yes,Karachi,1767000.0,74,Positive,Not Contacted,High
Healthcare,Small,Poor,Low,Yes,Lahore,1469000.0,77,No Response,Completed,Low
Manufacturing,Small,Excellent,Low,Yes,Faisalabad,2944000.0,64,Neutral,Scheduled,Medium
Retail,Small,Excellent,High,No,Multan,1759000.0,182,Negative,Completed,Medium
Finance,Small,Excellent,Low,Yes,Islamabad,399000.0,137,Positive,Not Contacted,Medium
Education,Small,Good,Medium,No,Rawalpindi,849000.0,133,Positive,Not Scheduled,Medium
Technology,Small,Good,Medium,Yes,Multan,2835000.0,96,Positive,Not Contacted,Medium
Technology,Small,Average,Low,Yes,Islamabad,1946000.0,45,No Response,Not Scheduled,Low
Manufacturing,Medium,Good,Medium,Yes,Rawalpindi,1921000.0,157,Positive,Completed,High
Technology,Medium,Good,High,Yes,Quetta,1538000.0,117,No Response,Completed,High
Real Estate,Small,Poor,High,No,Karachi,2952000.0,316,Negative,Scheduled,Low
Education,Small,Good,Low,Yes,Lahore,1396000.0,50,No Response,Not Scheduled,Low
Technology,Small,Good,Medium,Yes,Faisalabad,934000.0,138,No Response,Not Scheduled,Low
Real Estate,Large,Average,Medium,No,Islamabad,921000.0,101,Negative,Scheduled,Low
Technology,Small,Excellent,Low,Yes,Islamabad,1535000.0,55,Positive,Scheduled,High
Technology,Medium,Average,High,Yes,Quetta,10975000.0,142,Positive,Not Scheduled,High
Manufacturing,Large,Poor,Medium,Yes,Peshawar,,293,Negative,Scheduled,Low
Finance,Medium,Excellent,Low,Yes,Multan,2332000.0,90,No Response,Not Contacted,Low
Real Estate,Small,Excellent,Low,Yes,Multan,355000.0,55,Positive,Scheduled,High
Marketing,Medium,Good,Medium,No,Faisalabad,7154000.0,173,No Response,Scheduled,Medium
Real Estate,Small,Average,Medium,Yes,Rawalpindi,1758000.0,135,Positive,Not Contacted,Medium
Real Estate,Large,Good,Low,Yes,Islamabad,2357000.0,226,No Response,Not Scheduled,Medium
Retail,Large,Average,High,Yes,Karachi,1837000.0,81,Neutral,Not Contacted,Medium
Technology,Large,Average,Medium,Yes,Karachi,2497000.0,94,Positive,Completed,High
Finance,Large,Excellent,Medium,Yes,Peshawar,946000.0,153,No Response,Not Contacted,Medium
Education,Small,Average,Low,Yes,Islamabad,1618000.0,316,Positive,Scheduled,Medium
Technology,Medium,Excellent,Low,Yes,Quetta,2114000.0,76,Positive,Not Scheduled,Medium
Retail,Small,Excellent,Medium,No,Islamabad,2493000.0,16,Negative,Completed,Low
Manufacturing,Small,Good,Low,Yes,Quetta,1299000.0,54,Negative,Completed,Low
Real Estate,Small,Average,Medium,Yes,Rawalpindi,2859000.0,30,Positive,Not Scheduled,Low
Healthcare,Large,Average,Low,Yes,Karachi,3495000.0,57,Negative,Scheduled,Medium
Marketing,Medium,Good,Medium,Yes,Multan,8976000.0,61,Positive,Not Contacted,High
Retail,Medium,Good,Low,No,Multan,2667000.0,190,Positive,Scheduled,Medium
Education,Small,Excellent,Low,Yes,Quetta,89000.0,117,No Response,Not Contacted,Low
Healthcare,Large,Average,Low,Yes,Karachi,754000.0,15,No Response,Scheduled,Low
Education,Small,Excellent,High,Yes,Multan,745000.0,46,Neutral,Not Scheduled,Medium
Healthcare,Medium,Good,High,No,Multan,1844000.0,50,Negative,Not Scheduled,Medium
Marketing,Small,Excellent,Medium,No,Lahore,1216000.0,43,No Response,Scheduled,Low
Real Estate,Small,Poor,High,Yes,Quetta,2013000.0,89,Positive,Scheduled,High
Real Estate,Small,Poor,High,Yes,Multan,5065000.0,109,No Response,Not Scheduled,Low
Technology,Small,Good,Medium,No,Islamabad,597000.0,130,Negative,Completed,Low
Healthcare,Large,Poor,High,Yes,Rawalpindi,418000.0,129,No Response,Scheduled,Medium
Marketing,Large,Average,Medium,No,Multan,6814000.0,195,Positive,Scheduled,High
Finance,Medium,Good,Medium,Yes,Faisalabad,1134000.0,161,Positive,Completed,High
Technology,Small,Excellent,Medium,No,Faisalabad,5948000.0,88,Neutral,Not Scheduled,Low
Retail,Medium,Good,High,Yes,Faisalabad,4471000.0,19,Neutral,Scheduled,Medium
Finance,Small,Average,Medium,Yes,Karachi,361000.0,41,,Completed,High
Healthcare,Small,Poor,Medium,Yes,Quetta,1483000.0,65,Positive,Not Contacted,Low
Technology,Medium,Average,Low,Yes,Karachi,234000.0,204,Negative,Not Scheduled,Low
Retail,Medium,Excellent,High,No,Lahore,2516000.0,255,Positive,Not Contacted,High
Technology,Medium,Good,Low,Yes,Rawalpindi,1897000.0,66,Neutral,Not Scheduled,Medium
Finance,Large,Excellent,High,Yes,Lahore,752000.0,199,No Response,Scheduled,High
Real Estate,Small,Average,Medium,Yes,Rawalpindi,1924000.0,216,Positive,Not Contacted,Medium
Healthcare,Medium,Good,Low,Yes,Faisalabad,729000.0,31,Positive,Not Contacted,Medium
Finance,Medium,Excellent,Low,Yes,Karachi,527000.0,292,Positive,Not Contacted,High
Technology,Small,Good,Low,Yes,Multan,3143000.0,94,No Response,Scheduled,Low
Healthcare,Medium,Good,Low,Yes,Lahore,2937000.0,376,Negative,Not Contacted,Low
Technology,Small,Average,High,Yes,Multan,3040000.0,49,Positive,Not Contacted,Medium
Retail,Small,Poor,Medium,No,Rawalpindi,507000.0,269,Positive,Scheduled,Low
Real Estate,Small,Excellent,Low,Yes,Multan,762000.0,31,Positive,Not Scheduled,Medium
Finance,Large,Average,Medium,Yes,Faisalabad,1204000.0,77,Neutral,Not Scheduled,Medium
Technology,Medium,Excellent,High,Yes,Lahore,5604000.0,96,No Response,Completed,High
Manufacturing,Medium,Good,High,Yes,Islamabad,1518000.0,38,No Response,Not Scheduled,Low
Finance,Small,Excellent,Low,No,Multan,,96,Positive,Scheduled,Medium
Education,Small,Good,Medium,Yes,Rawalpindi,518000.0,159,Positive,Scheduled,High
Manufacturing,Small,Good,High,Yes,Islamabad,419000.0,67,Negative,Not Scheduled,Low
Technology,Large,Average,High,No,Karachi,5878000.0,236,Positive,Completed,High
Marketing,Medium,Poor,High,Yes,Rawalpindi,727000.0,85,Negative,Completed,Medium
Manufacturing,Small,Good,High,Yes,Karachi,2315000.0,180,Positive,Completed,High
Education,Medium,Excellent,Medium,Yes,Multan,2224000.0,22,Positive,Completed,High
Marketing,Large,Average,High,Yes,Islamabad,848000.0,40,Positive,Not Scheduled,High
Finance,Small,Good,Low,Yes,Peshawar,1111000.0,70,Positive,Not Scheduled,Medium
Marketing,Medium,Good,Medium,No,Rawalpindi,2145000.0,283,Neutral,Not Contacted,Low
Healthcare,Small,Good,High,No,Quetta,1332000.0,50,Negative,Not Scheduled,Low
Retail,Medium,Average,Low,Yes,Quetta,586000.0,33,Negative,Not Contacted,Low
Retail,Small,Good,Low,Yes,Islamabad,2823000.0,130,No Response,Not Scheduled,Low
Healthcare,Small,Average,Low,Yes,Lahore,3977000.0,179,No Response,Not Scheduled,Low
Education,Small,Good,Low,Yes,Rawalpindi,1983000.0,81,No Response,Completed,Medium
Manufacturing,Medium,Good,High,No,Peshawar,657000.0,90,Neutral,Completed,Medium
Real Estate,Medium,Good,Medium,Yes,Peshawar,481000.0,120,Neutral,Scheduled,Medium
Education,Medium,Good,Medium,Yes,Quetta,2600000.0,65,Neutral,Scheduled,Medium
Technology,Medium,Good,High,No,Lahore,2945000.0,310,Positive,Not Contacted,High
Marketing,Medium,Good,Medium,No,Karachi,1877000.0,94,No Response,Completed,Medium
Education,Small,Good,Medium,Yes,Lahore,5200000.0,73,Negative,Not Scheduled,Low
Healthcare,Small,Good,High,Yes,Peshawar,2098000.0,129,No Response,Scheduled,Medium
Healthcare,Small,Average,Medium,Yes,Multan,2896000.0,30,Negative,Completed,Medium
Finance,Medium,Average,Medium,No,Islamabad,202000.0,18,Positive,Not Scheduled,Low
Retail,Small,Excellent,Medium,No,Rawalpindi,1016000.0,516,Neutral,Completed,Medium
Technology,Small,Good,High,Yes,Faisalabad,672000.0,101,Positive,Scheduled,High
Technology,Medium,Excellent,High,Yes,Faisalabad,1016000.0,9,Neutral,Not Scheduled,High
Real Estate,Medium,Good,High,Yes,Faisalabad,1027000.0,95,Neutral,Not Scheduled,Medium
Finance,Small,Average,Medium,Yes,Lahore,1400000.0,167,Neutral,Not Contacted,Low
Technology,Small,Poor,High,Yes,Islamabad,993000.0,98,Negative,Not Scheduled,Low
Retail,Large,Excellent,Low,Yes,Rawalpindi,3163000.0,487,Negative,Scheduled,High
Technology,Medium,Good,Medium,Yes,Rawalpindi,2053000.0,157,No Response,Not Scheduled,Low
Real Estate,Small,Average,Medium,Yes,Islamabad,358000.0,256,Neutral,Completed,Medium
Manufacturing,Large,Average,Low,No,Faisalabad,3186000.0,332,No Response,Scheduled,Low
Healthcare,Medium,Poor,Medium,No,Lahore,959000.0,60,No Response,Completed,Low
Education,Large,Excellent,High,Yes,Multan,6804000.0,172,,Scheduled,High
Healthcare,Small,Average,Medium,Yes,Lahore,336000.0,108,Positive,Not Scheduled,Low
Retail,Medium,Poor,Medium,Yes,Lahore,3201000.0,61,Negative,Scheduled,Low
Real Estate,Large,Good,High,Yes,Karachi,554000.0,154,Neutral,Not Contacted,High
Healthcare,Small,Average,Medium,Yes,Peshawar,3205000.0,93,No Response,Completed,Low
Retail,Medium,Average,Medium,Yes,Karachi,4026000.0,68,No Response,Completed,Medium
Technology,Medium,Average,Low,Yes,Rawalpindi,1612000.0,52,Neutral,Not Contacted,Low
Healthcare,Medium,Good,Low,Yes,Lahore,458000.0,247,No Response,Scheduled,Low
Technology,Medium,Poor,Low,Yes,Multan,2265000.0,117,Negative,Scheduled,Low
Marketing,Small,Good,Medium,Yes,Faisalabad,1124000.0,10,No Response,Not Contacted,Low
Finance,Large,Good,Low,No,Multan,349000.0,105,No Response,Not Scheduled,Low
Finance,Small,Average,High,Yes,Lahore,1483000.0,47,Neutral,Scheduled,Medium
Education,Medium,Good,High,Yes,Karachi,374000.0,162,Positive,Completed,High
Real Estate,Medium,Good,Low,Yes,Rawalpindi,790000.0,69,Positive,Completed,High
Technology,Small,Average,High,No,Multan,9277000.0,35,Positive,Scheduled,Medium
Retail,Large,Good,Low,Yes,Lahore,1010000.0,132,Negative,Not Scheduled,Medium
Education,Large,Good,High,Yes,Karachi,1033000.0,117,Neutral,Not Scheduled,High
Finance,Medium,Average,Medium,Yes,Karachi,1609000.0,74,Positive,Not Contacted,Medium
Retail,Small,,Medium,Yes,Karachi,1775000.0,69,No Response,Not Contacted,Low
Technology,Small,Average,Low,Yes,Karachi,2659000.0,87,Neutral,Not Scheduled,Low
Education,Small,Average,Medium,No,Faisalabad,759000.0,56,Neutral,Not Scheduled,Low
Manufacturing,Small,Good,Low,Yes,Multan,458000.0,92,Negative,Not Scheduled,Low
Healthcare,Small,Average,High,No,Islamabad,3857000.0,35,Positive,Not Contacted,Medium
Real Estate,Small,Good,Medium,Yes,Lahore,662000.0,123,Neutral,Not Scheduled,Medium
Real Estate,Medium,Good,Medium,Yes,Peshawar,4543000.0,50,No Response,Not Scheduled,Low
Technology,Large,Poor,High,No,Multan,1056000.0,72,No Response,Not Contacted,Low
Real Estate,Medium,Excellent,High,Yes,Lahore,1533000.0,276,Positive,Not Scheduled,High
Retail,Small,Excellent,Low,Yes,Faisalabad,1302000.0,30,No Response,Completed,Medium
Manufacturing,Medium,Average,Medium,Yes,Multan,1280000.0,166,No Response,Scheduled,Low
Real Estate,Small,Excellent,Low,Yes,Quetta,2870000.0,77,Positive,Scheduled,High
Marketing,Small,Average,Medium,Yes,Islamabad,2853000.0,52,Negative,Completed,Low
Healthcare,Large,Good,Medium,Yes,Faisalabad,,101,Positive,Not Scheduled,High
Retail,Small,Poor,High,No,Faisalabad,737000.0,737,Negative,Completed,Low
Finance,Medium,Good,Medium,Yes,Islamabad,866000.0,243,Positive,Not Contacted,High
Marketing,Medium,Good,Low,No,Faisalabad,1273000.0,69,Positive,Scheduled,Medium
Manufacturing,Medium,Excellent,High,Yes,Peshawar,771000.0,67,No Response,Not Contacted,Medium
Technology,Small,Excellent,Low,Yes,Peshawar,14604000.0,61,Positive,Scheduled,High
Finance,Small,Good,Low,Yes,Lahore,3278000.0,67,Positive,Not Contacted,Medium
Real Estate,Medium,Good,Low,Yes,Faisalabad,311000.0,97,Neutral,Scheduled,Medium
Retail,Small,Poor,Medium,Yes,Islamabad,959000.0,116,Positive,Not Contacted,Low
Real Estate,Medium,,Medium,Yes,Multan,4385000.0,207,Positive,Scheduled,High
Marketing,Large,Good,Medium,Yes,Faisalabad,2457000.0,183,No Response,Not Contacted,Medium
Manufacturing,Medium,Excellent,Medium,No,Lahore,370000.0,82,No Response,Not Contacted,Low
Manufacturing,Small,Good,Medium,Yes,Islamabad,1163000.0,312,Positive,Not Contacted,High
Education,Medium,Average,Low,Yes,Islamabad,1688000.0,204,Positive,Not Contacted,Medium
Technology,Large,Average,Low,Yes,Quetta,1977000.0,169,Negative,Completed,High
Retail,Small,Excellent,Medium,Yes,Lahore,2515000.0,37,Positive,Not Contacted,High
Technology,Medium,Excellent,Medium,Yes,Peshawar,634000.0,197,,Scheduled,High
Technology,Medium,Good,Medium,Yes,Multan,407000.0,555,Positive,Not Scheduled,High
Marketing,Small,Good,High,No,Multan,5709000.0,134,Positive,Not Contacted,Low
Retail,Small,,High,Yes,Islamabad,1267000.0,104,Positive,Completed,High
Real Estate,Medium,Poor,Low,Yes,Islamabad,1349000.0,100,Positive,Not Scheduled,Low
Healthcare,Small,Excellent,Low,No,Karachi,9275000.0,275,Positive,Completed,High
Technology,Small,Good,High,Yes,Peshawar,2411000.0,204,No Response,Scheduled,Medium
Technology,Medium,Good,Medium,Yes,Rawalpindi,1042000.0,135,Negative,Scheduled,Medium
Manufacturing,Large,Excellent,Low,Yes,Rawalpindi,5915000.0,328,No Response,Not Scheduled,Medium
Real Estate,Small,Average,Low,Yes,Peshawar,406000.0,166,No Response,Not Scheduled,Low
Finance,Small,Excellent,Low,Yes,Islamabad,1824000.0,93,Positive,Scheduled,High
Retail,Small,Excellent,Medium,No,Lahore,2928000.0,53,Neutral,Scheduled,Medium
Finance,Medium,Poor,Medium,No,Multan,1872000.0,64,No Response,Completed,Low
Finance,Large,Good,Medium,Yes,Faisalabad,5139000.0,110,Neutral,Scheduled,High
Finance,Small,Good,High,Yes,Faisalabad,6679000.0,109,,Not Contacted,High
Finance,Small,Average,Low,Yes,Karachi,1309000.0,72,Neutral,Not Scheduled,Low
Technology,Small,Good,Medium,Yes,Lahore,471000.0,952,Positive,Scheduled,High
Finance,Small,Average,Medium,Yes,Karachi,705000.0,510,Negative,Scheduled,Low
Healthcare,Small,Good,High,Yes,Peshawar,913000.0,42,No Response,Scheduled,Medium
Finance,Small,Excellent,High,Yes,Faisalabad,819000.0,58,Neutral,Not Contacted,Medium
Manufacturing,Medium,Excellent,High,Yes,Peshawar,1211000.0,59,No Response,Not Contacted,Medium
Finance,Small,Average,Medium,Yes,Karachi,5725000.0,92,Neutral,Not Contacted,Low
Manufacturing,Large,Average,High,No,Faisalabad,163000.0,83,Neutral,Completed,High
Manufacturing,Medium,Excellent,Low,Yes,Faisalabad,4419000.0,239,Positive,Completed,High
Finance,Medium,Good,Medium,No,Lahore,793000.0,49,Positive,Completed,High
Technology,Medium,Average,Medium,Yes,Rawalpindi,2671000.0,144,No Response,Not Scheduled,Low
Marketing,Medium,Excellent,Low,No,Multan,526000.0,110,Positive,Scheduled,Medium
Finance,Small,Average,High,Yes,Karachi,775000.0,140,Neutral,Scheduled,Medium
Retail,Small,Good,Medium,Yes,Islamabad,7292000.0,106,Positive,Not Scheduled,Medium
Manufacturing,Small,Excellent,High,Yes,Karachi,628000.0,248,Neutral,Not Scheduled,Medium
Education,Small,Excellent,Medium,Yes,Multan,1400000.0,73,No Response,Not Contacted,Low
Marketing,Small,Good,Low,Yes,Quetta,4420000.0,29,Positive,Scheduled,High
Retail,Large,Average,High,Yes,Multan,397000.0,1007,Positive,Not Scheduled,High
Marketing,Small,Excellent,High,Yes,Quetta,1561000.0,89,,Not Contacted,Medium
Manufacturing,Small,Good,Low,Yes,Peshawar,429000.0,51,Negative,Not Scheduled,Low
Manufacturing,Medium,Excellent,Low,Yes,Islamabad,666000.0,118,Positive,Scheduled,High
Marketing,Small,Poor,Low,Yes,Rawalpindi,4768000.0,49,No Response,Scheduled,Low
Retail,Medium,,High,Yes,Faisalabad,1262000.0,29,Positive,Not Scheduled,Medium
Technology,Large,Excellent,Low,No,Quetta,262000.0,75,Positive,Not Scheduled,Medium
Finance,Large,Average,Medium,Yes,Lahore,621000.0,180,No Response,Completed,Medium
Manufacturing,Medium,Excellent,Medium,Yes,Islamabad,3238000.0,50,Neutral,Completed,High
Finance,Small,Good,Low,No,Rawalpindi,778000.0,375,Neutral,Not Contacted,Low
Manufacturing,Small,Average,High,Yes,Faisalabad,3186000.0,150,Positive,Not Scheduled,Medium
Real Estate,Medium,,Low,Yes,Multan,548000.0,729,Neutral,Scheduled,Medium
Marketing,Small,Excellent,Medium,Yes,Multan,1840000.0,56,Positive,Scheduled,High
Manufacturing,Medium,Average,Low,Yes,Peshawar,1677000.0,92,Positive,Not Scheduled,Medium
Healthcare,Medium,Good,Medium,Yes,Multan,3015000.0,29,Negative,Scheduled,Medium
Technology,Medium,Good,Medium,Yes,Faisalabad,1015000.0,48,Positive,Not Contacted,Medium
Manufacturing,Medium,Average,Low,Yes,Rawalpindi,6750000.0,87,Neutral,Scheduled,Medium
Retail,Medium,Excellent,Medium,Yes,Multan,522000.0,172,Positive,Not Scheduled,High
Finance,Small,Good,Medium,Yes,Peshawar,621000.0,182,Positive,Not Scheduled,High
Real Estate,Small,Good,Low,Yes,Karachi,1391000.0,121,Neutral,Scheduled,Low
Technology,Large,Average,Low,Yes,Rawalpindi,7101000.0,60,Neutral,Completed,High
Manufacturing,Large,Excellent,Low,Yes,Rawalpindi,8940000.0,144,Neutral,Not Contacted,Medium
Retail,Large,Average,High,No,Rawalpindi,3818000.0,87,Positive,Not Contacted,Medium
Education,Small,Average,Low,Yes,Peshawar,1761000.0,53,Positive,Not Scheduled,Medium
Manufacturing,Small,Average,Low,Yes,Peshawar,1481000.0,194,Neutral,Not Contacted,Low
Manufacturing,Medium,Good,High,Yes,Islamabad,1236000.0,503,No Response,Not Scheduled,Medium
Technology,Medium,Good,Low,Yes,Islamabad,1748000.0,632,Neutral,Not Scheduled,Medium
Technology,Small,Good,High,No,Rawalpindi,4693000.0,73,No Response,Not Contacted,Low
Education,Medium,Average,High,Yes,Islamabad,8814000.0,70,Negative,Scheduled,Medium
Technology,Medium,Good,Medium,Yes,Rawalpindi,8431000.0,75,Positive,Not Contacted,High
Finance,Medium,Good,Medium,Yes,Islamabad,2594000.0,336,No Response,Completed,High
Finance,Medium,Average,High,Yes,Quetta,2637000.0,26,No Response,Not Contacted,Low
Marketing,Small,Good,Medium,Yes,Faisalabad,1173000.0,50,No Response,Not Scheduled,Low
Manufacturing,Small,Excellent,High,Yes,Multan,3077000.0,478,No Response,Not Contacted,Medium
Healthcare,Medium,,Medium,Yes,Lahore,3559000.0,112,Positive,Not Contacted,Medium
Marketing,Medium,Good,High,Yes,Islamabad,1539000.0,71,Neutral,Not Scheduled,Medium
Manufacturing,Medium,Good,Medium,Yes,Rawalpindi,12385000.0,33,No Response,Scheduled,Medium
Manufacturing,Large,Good,Low,Yes,Karachi,970000.0,75,No Response,Scheduled,Medium
Finance,Large,Good,Medium,Yes,Peshawar,3364000.0,262,Negative,Not Contacted,Medium
Finance,Medium,Good,High,No,Lahore,4585000.0,79,Neutral,Completed,Medium
Retail,Small,Average,Low,No,Rawalpindi,1120000.0,55,Positive,Not Scheduled,Low
Marketing,Small,Excellent,Medium,No,Multan,6809000.0,10,No Response,Completed,Low
Real Estate,Large,Excellent,Medium,Yes,Islamabad,1146000.0,385,Positive,Scheduled,High
Healthcare,Medium,Excellent,Low,Yes,Karachi,1167000.0,83,Neutral,Scheduled,Medium
Healthcare,Small,Excellent,High,Yes,Faisalabad,1402000.0,32,Neutral,Scheduled,High
Finance,Small,Good,Low,Yes,Karachi,2544000.0,240,Negative,Scheduled,Low
Education,Medium,Good,Medium,Yes,Lahore,1006000.0,118,No Response,Not Scheduled,Medium
Finance,Medium,Average,Medium,Yes,Karachi,233000.0,76,No Response,Scheduled,Low
Healthcare,Medium,Excellent,Medium,Yes,Lahore,2586000.0,51,Neutral,Scheduled,High
Education,Large,Poor,Medium,Yes,Quetta,3974000.0,211,Negative,Scheduled,Medium
Manufacturing,Medium,Excellent,Medium,Yes,Islamabad,2814000.0,93,No Response,Scheduled,Medium
Education,Small,Excellent,Medium,Yes,Peshawar,4655000.0,75,Neutral,Scheduled,High
Education,Medium,Good,High,Yes,Karachi,1403000.0,36,Positive,Scheduled,High
Marketing,Medium,Excellent,Medium,Yes,Peshawar,2644000.0,11,Negative,Not Contacted,Medium
Healthcare,Medium,Average,High,Yes,Karachi,1913000.0,124,Neutral,Completed,High
Education,Medium,Good,High,Yes,Peshawar,647000.0,41,Neutral,Not Contacted,Medium
Education,Medium,Average,High,Yes,Peshawar,1116000.0,198,No Response,Not Contacted,Low
Education,Medium,Good,Low,Yes,Quetta,1148000.0,36,Positive,Not Scheduled,Medium
Retail,Small,Good,Medium,Yes,Rawalpindi,2181000.0,78,Negative,Not Scheduled,Low
Retail,Medium,Excellent,High,Yes,Faisalabad,2117000.0,72,Positive,Not Contacted,High
Marketing,Medium,Excellent,Medium,Yes,Rawalpindi,2262000.0,110,Negative,Scheduled,High
Education,Medium,Good,Low,Yes,Quetta,708000.0,124,No Response,Completed,Medium
Real Estate,Small,Excellent,Medium,Yes,Faisalabad,2618000.0,82,Positive,Not Contacted,Medium
Healthcare,Small,Average,Medium,No,Karachi,2816000.0,53,Neutral,Completed,Low
Education,Medium,Good,Medium,Yes,Multan,2731000.0,29,No Response,Not Contacted,Low
Technology,Large,Good,Low,Yes,Multan,3482000.0,13,Positive,Scheduled,High
Finance,Large,Good,High,Yes,Multan,1577000.0,116,Negative,Not Scheduled,Medium
Technology,Medium,Good,High,Yes,Multan,7846000.0,86,Positive,Scheduled,High
Manufacturing,Small,Good,Medium,No,Faisalabad,2901000.0,145,Positive,Scheduled,Medium
Technology,Small,Excellent,Medium,Yes,Faisalabad,3091000.0,207,Positive,Not Contacted,Medium
Education,Medium,Excellent,Medium,Yes,Peshawar,1383000.0,436,No Response,Not Scheduled,Medium
Finance,Small,Good,Low,Yes,Islamabad,7685000.0,82,Neutral,Completed,High
Marketing,Medium,Average,Medium,Yes,Peshawar,,79,No Response,Not Scheduled,Low
Marketing,Small,Excellent,Low,Yes,Quetta,4575000.0,102,Positive,Not Scheduled,High
Manufacturing,Small,Average,Medium,Yes,Faisalabad,1005000.0,169,Positive,Completed,High
Marketing,Small,Excellent,,Yes,Multan,1014000.0,32,Neutral,Not Scheduled,Medium
Technology,Medium,Good,Low,Yes,Islamabad,222000.0,57,Neutral,Completed,High
Education,Small,Average,Low,Yes,Islamabad,383000.0,36,Positive,Scheduled,Medium
Finance,Medium,Average,High,Yes,Karachi,612000.0,156,Neutral,Not Scheduled,Medium
Marketing,Medium,Poor,High,Yes,Multan,1726000.0,27,Positive,Not Contacted,Medium
Marketing,Medium,Poor,Medium,Yes,Quetta,10306000.0,48,No Response,Not Contacted,Low
Manufacturing,Medium,Good,Medium,Yes,Faisalabad,1636000.0,98,Positive,Scheduled,High
Marketing,Small,Excellent,Medium,Yes,Multan,4122000.0,130,Positive,Completed,High
Healthcare,Medium,Poor,High,Yes,Multan,1889000.0,196,Negative,Not Scheduled,Low
Finance,Small,Good,Medium,Yes,Lahore,1123000.0,441,Positive,Not Contacted,Medium
Healthcare,Medium,Average,Low,Yes,Faisalabad,810000.0,15,Negative,Completed,Medium
Manufacturing,Small,,Low,Yes,Lahore,4057000.0,49,No Response,Not Scheduled,Low
Education,Small,Good,Medium,No,Lahore,1645000.0,122,No Response,Not Scheduled,Low
Real Estate,Medium,Good,High,Yes,Lahore,2056000.0,420,,Scheduled,High
Finance,Small,Poor,Medium,Yes,Lahore,476000.0,530,No Response,Not Contacted,Low
Retail,Medium,Average,Low,Yes,Faisalabad,1684000.0,177,No Response,Not Contacted,Low
Retail,Large,Excellent,High,No,Faisalabad,1355000.0,51,No Response,Not Scheduled,Medium
Marketing,Small,Average,Low,Yes,Faisalabad,409000.0,93,Negative,Not Contacted,Low
Manufacturing,Small,Good,Low,Yes,Quetta,2695000.0,22,No Response,Not Scheduled,Low
Manufacturing,Small,Poor,Medium,Yes,Islamabad,,110,No Response,Not Scheduled,Low
Marketing,Medium,Poor,Medium,Yes,Rawalpindi,,203,Positive,Not Scheduled,Medium
Healthcare,Medium,Average,Low,Yes,Islamabad,9900000.0,15,Neutral,Scheduled,Low
Education,Medium,Good,High,Yes,Islamabad,2984000.0,328,Positive,Not Contacted,High
Technology,Medium,Excellent,Medium,Yes,Lahore,711000.0,294,No Response,Not Scheduled,Medium
Marketing,Medium,Average,High,No,Faisalabad,845000.0,176,Neutral,Completed,Medium
Manufacturing,Medium,Poor,Medium,No,Multan,338000.0,242,Positive,Not Scheduled,Low
Technology,Medium,Poor,High,Yes,Islamabad,2535000.0,330,Negative,Not Scheduled,Low
Manufacturing,Medium,Excellent,Low,Yes,Karachi,728000.0,473,Positive,Completed,High
Finance,Small,,Medium,No,Rawalpindi,17673000.0,36,No Response,Scheduled,Low
Retail,Large,Average,High,Yes,Rawalpindi,3163000.0,75,Neutral,Not Contacted,Medium
Technology,Small,Excellent,High,Yes,Peshawar,1040000.0,63,Positive,Not Contacted,High
Marketing,Large,Good,Medium,No,Islamabad,631000.0,283,Positive,Not Contacted,Medium
Marketing,Small,Average,High,Yes,Faisalabad,1029000.0,5,Positive,Not Scheduled,Medium
Manufacturing,Small,Good,High,Yes,Multan,239000.0,31,Positive,Scheduled,High
Finance,Small,Excellent,Medium,Yes,Multan,1496000.0,154,Positive,Not Scheduled,High
Healthcare,Medium,Average,Medium,Yes,Multan,1526000.0,120,Neutral,Not Scheduled,Low
Retail,Small,Good,Medium,Yes,Rawalpindi,1992000.0,10,Positive,Completed,High
Marketing,Large,Average,Medium,Yes,Islamabad,1515000.0,124,Positive,Not Contacted,High
Marketing,Small,Average,High,Yes,Rawalpindi,2459000.0,47,Positive,Completed,High
Finance,Medium,Average,High,No,Quetta,2698000.0,432,Neutral,Scheduled,Medium
Retail,Small,Average,High,Yes,Rawalpindi,858000.0,142,Neutral,Not Contacted,Low
Technology,Medium,Excellent,,No,Faisalabad,7256000.0,35,Neutral,Not Scheduled,Low
Marketing,Large,Poor,High,Yes,Faisalabad,417000.0,33,Positive,Completed,High
Marketing,Small,Good,Medium,Yes,Lahore,1935000.0,11,Positive,Completed,High
Education,Large,Average,Medium,Yes,Islamabad,1584000.0,102,No Response,Not Scheduled,Low
Retail,Small,Average,High,Yes,Multan,492000.0,673,Neutral,Scheduled,Medium
Technology,Medium,Good,Medium,Yes,Karachi,175000.0,392,Neutral,Not Contacted,Medium
Healthcare,Medium,Poor,Medium,Yes,Quetta,858000.0,136,Neutral,Completed,Medium
Retail,Medium,Good,Low,Yes,Karachi,353000.0,99,No Response,Completed,Medium
Marketing,Small,Excellent,High,Yes,Rawalpindi,496000.0,183,Positive,Completed,High
Healthcare,Small,Excellent,Low,Yes,Lahore,4931000.0,957,No Response,Not Scheduled,Low
Real Estate,Small,Excellent,Medium,Yes,Faisalabad,534000.0,60,Negative,Completed,High
Education,Medium,Poor,Medium,No,Karachi,14029000.0,369,No Response,Scheduled,Low
Finance,Small,Average,Medium,No,Islamabad,1959000.0,14,Neutral,Completed,Low
Technology,Medium,Good,Low,Yes,Lahore,12040000.0,142,Neutral,Scheduled,Medium
Education,Medium,Good,Medium,Yes,Islamabad,3764000.0,109,Negative,Not Scheduled,Medium
Healthcare,Large,Good,Medium,Yes,Rawalpindi,4034000.0,42,Positive,Scheduled,High
Healthcare,Small,Average,Medium,No,Lahore,1490000.0,167,No Response,Completed,Low
Technology,Small,Good,Low,Yes,Faisalabad,3303000.0,75,Negative,Scheduled,Low
Healthcare,Small,Good,High,Yes,Islamabad,4589000.0,108,Positive,Scheduled,High
Real Estate,Small,Average,Low,Yes,Rawalpindi,3009000.0,127,No Response,Completed,Low
Marketing,Small,Poor,Low,Yes,Lahore,1071000.0,28,No Response,Not Scheduled,Low
Retail,Small,Good,Medium,Yes,Lahore,2197000.0,64,No Response,Not Scheduled,Low
Healthcare,Medium,Average,Medium,Yes,Islamabad,1799000.0,91,No Response,Scheduled,Medium
Manufacturing,Small,Good,High,Yes,Lahore,1657000.0,74,No Response,Scheduled,Medium
Marketing,Small,Good,High,Yes,Multan,1029000.0,78,Neutral,Not Contacted,Medium
Retail,Small,Good,Low,Yes,Peshawar,1584000.0,79,Negative,Scheduled,Medium
Healthcare,Medium,Good,High,Yes,Faisalabad,2451000.0,251,No Response,Scheduled,High
Healthcare,Small,Average,Medium,No,Quetta,531000.0,29,No Response,Scheduled,Low
Marketing,Medium,Average,High,Yes,Peshawar,2685000.0,7,Positive,Scheduled,High
Real Estate,Small,Excellent,Medium,Yes,Multan,940000.0,68,Positive,Not Contacted,Medium
Education,Large,Average,Medium,Yes,Peshawar,2601000.0,155,Negative,Scheduled,Medium
Marketing,Small,Good,Low,Yes,Faisalabad,2973000.0,81,Positive,Scheduled,High
Retail,Small,Good,Medium,Yes,Lahore,430000.0,90,No Response,Not Scheduled,Low
Healthcare,Small,Excellent,Medium,Yes,Faisalabad,5764000.0,93,Positive,Not Contacted,High
Technology,Large,Excellent,Medium,Yes,Faisalabad,899000.0,27,Negative,Not Scheduled,Medium
Education,Small,Poor,Low,Yes,Quetta,8228000.0,164,Positive,Scheduled,Medium
Finance,Small,Poor,Medium,No,Islamabad,481000.0,105,Neutral,Not Contacted,Low
Education,Medium,Good,High,Yes,Peshawar,1296000.0,82,No Response,Completed,High
Manufacturing,Small,Poor,Medium,Yes,Karachi,1178000.0,109,Neutral,Not Scheduled,Low
Finance,Small,Good,High,Yes,Islamabad,3041000.0,54,Positive,Not Scheduled,High
Education,Medium,Good,High,No,Peshawar,337000.0,119,No Response,Not Contacted,Low
Retail,Medium,Good,Low,Yes,Multan,3746000.0,215,Positive,Completed,High
Real Estate,Medium,Average,Low,Yes,Islamabad,1647000.0,32,No Response,Not Contacted,Low
Finance,Small,Poor,Low,Yes,Rawalpindi,295000.0,17,No Response,Not Scheduled,Low
Finance,Medium,Good,Medium,Yes,Islamabad,1253000.0,57,Neutral,Scheduled,Medium
Technology,Medium,Good,High,No,Islamabad,398000.0,54,No Response,Scheduled,Low
Finance,Small,Good,Medium,Yes,Lahore,2549000.0,119,Neutral,Not Contacted,Low
Education,Medium,Good,High,Yes,Lahore,893000.0,24,Positive,Not Scheduled,High
Technology,Large,Average,Low,Yes,Peshawar,1795000.0,94,Positive,Scheduled,High
Finance,Small,Average,Low,No,Rawalpindi,1182000.0,52,Positive,Scheduled,Low
Technology,Small,Excellent,Medium,Yes,Multan,466000.0,211,Neutral,Not Scheduled,Medium
Healthcare,Medium,Poor,Low,Yes,Peshawar,3564000.0,85,Negative,Not Contacted,Low
Marketing,Small,Excellent,Medium,Yes,Lahore,299000.0,2035,No Response,Scheduled,Medium
Technology,Small,Average,Low,Yes,Karachi,588000.0,119,Neutral,Scheduled,Low
Marketing,Medium,Excellent,Medium,Yes,Multan,2297000.0,269,Positive,Not Contacted,High
Retail,Large,Poor,Medium,Yes,Peshawar,1253000.0,16,Positive,Not Scheduled,Medium
Education,Small,Poor,High,Yes,Quetta,678000.0,102,No Response,Not Scheduled,Low
Marketing,Small,Good,Low,Yes,Rawalpindi,1906000.0,160,Positive,Not Contacted,Medium
Education,Small,Excellent,Low,Yes,Lahore,1273000.0,30,Positive,Not Contacted,Medium
Real Estate,Small,Good,Medium,No,Multan,3422000.0,59,No Response,Scheduled,Low
Retail,Small,Good,Medium,No,Peshawar,981000.0,116,Positive,Scheduled,Medium
Manufacturing,Large,Average,Medium,Yes,Lahore,1122000.0,48,No Response,Scheduled,Medium
Technology,Large,Good,Medium,Yes,Lahore,1333000.0,80,Neutral,Completed,High
Healthcare,Small,Average,Medium,Yes,Peshawar,745000.0,69,Neutral,Not Scheduled,Low
Retail,Medium,Excellent,Low,No,Rawalpindi,187000.0,215,Neutral,Not Scheduled,Low
Technology,Large,Excellent,High,Yes,Karachi,2221000.0,54,Positive,Scheduled,High
Finance,Large,Average,Medium,Yes,Karachi,2941000.0,20,Negative,Scheduled,Medium
Technology,Medium,Excellent,Low,Yes,Karachi,2372000.0,108,Positive,Completed,High
Technology,Small,Excellent,Low,Yes,Rawalpindi,321000.0,35,Neutral,Not Scheduled,Low
Marketing,Medium,Average,Medium,No,Quetta,3482000.0,491,No Response,Scheduled,Low
Marketing,Medium,Excellent,Medium,Yes,Islamabad,292000.0,196,Positive,Not Scheduled,High
Retail,Small,Excellent,Medium,Yes,Karachi,2278000.0,117,Negative,Completed,High
Finance,Small,Excellent,Medium,Yes,Faisalabad,1674000.0,62,No Response,Scheduled,High
Finance,Large,Excellent,High,No,Peshawar,2724000.0,451,Neutral,Not Contacted,High
Technology,Small,Average,High,No,Islamabad,2427000.0,199,Positive,Not Contacted,Medium
Technology,Large,Good,Low,Yes,Quetta,1007000.0,81,Neutral,Not Contacted,Medium
Real Estate,Large,Good,High,Yes,Peshawar,793000.0,110,Positive,Not Scheduled,High
Manufacturing,Small,Good,Medium,Yes,Karachi,741000.0,21,Neutral,Scheduled,Medium
Real Estate,Small,Good,Medium,Yes,Islamabad,680000.0,94,Positive,Not Scheduled,Medium
Healthcare,Small,Good,Medium,Yes,Rawalpindi,448000.0,365,No Response,Scheduled,Medium
Healthcare,Small,Average,Medium,Yes,Multan,3718000.0,130,No Response,Scheduled,Low
Manufacturing,Small,Poor,Low,Yes,Multan,1795000.0,160,Neutral,Not Contacted,Low
Education,Small,Average,Low,Yes,Lahore,2459000.0,89,Positive,Not Contacted,Low
Manufacturing,Small,Excellent,High,Yes,Rawalpindi,408000.0,55,No Response,Completed,High
Real Estate,Small,Good,Medium,Yes,Islamabad,11239000.0,18,Negative,Scheduled,Low
Marketing,Medium,Average,Medium,Yes,Peshawar,257000.0,35,Neutral,Not Scheduled,Low
Retail,Small,Excellent,High,Yes,Karachi,2677000.0,54,Positive,Completed,High
Healthcare,Small,Excellent,Medium,Yes,Faisalabad,2947000.0,41,Neutral,Not Contacted,Medium
Manufacturing,Large,Excellent,Medium,No,Peshawar,2569000.0,20,Positive,Scheduled,High
Finance,Small,Average,Low,Yes,Peshawar,9640000.0,138,Positive,Not Scheduled,Medium
Manufacturing,Small,Poor,Low,Yes,Islamabad,3100000.0,35,Positive,Completed,High
Education,Medium,Excellent,Medium,Yes,Karachi,,303,Positive,Scheduled,High
Marketing,Small,Good,Medium,No,Rawalpindi,5655000.0,134,Neutral,Completed,Medium
Manufacturing,Medium,Average,Medium,Yes,Rawalpindi,711000.0,146,Positive,Completed,High
Marketing,Small,Excellent,Medium,Yes,Multan,353000.0,54,No Response,Scheduled,Medium
Education,Large,Good,Medium,Yes,Peshawar,2744000.0,92,Neutral,Scheduled,High
Technology,Small,Average,Medium,Yes,Faisalabad,231000.0,56,Negative,Scheduled,Low
Finance,Small,Good,High,No,Quetta,1658000.0,132,Neutral,Not Contacted,Low
Retail,Medium,Poor,Medium,Yes,Quetta,2930000.0,137,Neutral,Not Contacted,Low
Finance,Large,Good,Low,No,Quetta,1816000.0,113,Neutral,Scheduled,Medium
Technology,Medium,Good,High,Yes,Karachi,1524000.0,81,No Response,Not Contacted,Low
Manufacturing,Small,Good,,No,Islamabad,1598000.0,24,No Response,Not Scheduled,Low
Manufacturing,Medium,Poor,Medium,Yes,Islamabad,255000.0,67,Neutral,Scheduled,Low
Education,Medium,Excellent,High,Yes,Multan,5608000.0,69,Positive,Not Scheduled,High
Finance,Small,Good,High,Yes,Peshawar,5682000.0,137,Negative,Scheduled,Medium
Marketing,Large,Average,High,No,Rawalpindi,1543000.0,81,Neutral,Not Contacted,Low
Technology,Large,Average,Low,Yes,Rawalpindi,5478000.0,446,Neutral,Not Scheduled,Medium
Marketing,Large,Excellent,Low,Yes,Lahore,5494000.0,55,Negative,Not Contacted,Low
Marketing,Large,Excellent,Medium,No,Peshawar,2613000.0,31,Positive,Not Scheduled,High
Retail,Small,Good,Medium,No,Karachi,1441000.0,50,No Response,Scheduled,Low
Manufacturing,Medium,Poor,High,Yes,Karachi,1258000.0,130,No Response,Completed,Medium
Manufacturing,Small,Average,High,Yes,Karachi,187000.0,67,Positive,Not Scheduled,Medium
Manufacturing,Medium,,Medium,Yes,Peshawar,683000.0,71,Neutral,Completed,Medium
Finance,Large,Average,Medium,No,Islamabad,952000.0,37,Positive,Not Contacted,Low
Manufacturing,Small,Good,High,Yes,Peshawar,123000.0,64,,Scheduled,Medium
Healthcare,Small,Good,Medium,Yes,Multan,2847000.0,198,No Response,Not Scheduled,Low
Healthcare,Large,Average,Medium,No,Rawalpindi,198000.0,1676,No Response,Not Contacted,Low
Retail,Small,Good,Medium,Yes,Quetta,907000.0,87,Positive,Completed,High
Technology,Medium,Average,Medium,No,Karachi,1724000.0,196,No Response,Scheduled,Low
Manufacturing,Large,Poor,High,Yes,Multan,2903000.0,163,,Scheduled,High
Finance,Small,Excellent,Low,Yes,Faisalabad,667000.0,102,Neutral,Scheduled,Medium
Finance,Large,,Low,Yes,Islamabad,9590000.0,206,No Response,Not Contacted,Low
Healthcare,Small,Poor,Medium,Yes,Multan,3009000.0,38,No Response,Not Scheduled,Low
Technology,Large,Good,Medium,Yes,Islamabad,1213000.0,53,No Response,Not Scheduled,Low
Manufacturing,Medium,Good,Medium,Yes,Rawalpindi,84000.0,50,No Response,Scheduled,Medium
Manufacturing,Large,Good,Low,No,Quetta,498000.0,121,Positive,Not Contacted,Low
Technology,Large,Good,Low,Yes,Peshawar,559000.0,468,No Response,Completed,Medium
Retail,Small,Good,High,Yes,Lahore,1015000.0,45,Positive,Scheduled,High
Manufacturing,Small,Poor,Medium,Yes,Lahore,1806000.0,20,Neutral,Scheduled,Low
Retail,Small,Average,Medium,No,Faisalabad,960000.0,122,Positive,Not Contacted,Low
Healthcare,Small,Average,Low,Yes,Quetta,839000.0,155,Negative,Not Contacted,Low
Education,Medium,Average,Medium,Yes,Lahore,1918000.0,166,Positive,Not Scheduled,Medium
Marketing,Small,Good,High,Yes,Rawalpindi,1055000.0,115,No Response,Scheduled,Medium
Real Estate,Medium,Excellent,Medium,No,Peshawar,13608000.0,181,Positive,Not Scheduled,High
Retail,Small,Average,Medium,Yes,Islamabad,147000.0,193,Neutral,Scheduled,Medium
Real Estate,Medium,Excellent,Low,No,Faisalabad,744000.0,155,Positive,Not Scheduled,Medium
Technology,Small,Average,High,Yes,Karachi,354000.0,32,Neutral,Scheduled,Medium
Education,Small,Excellent,Medium,No,Karachi,14968000.0,32,No Response,Scheduled,Low
Technology,Small,Good,Low,Yes,Quetta,3310000.0,172,Neutral,Scheduled,Medium
Real Estate,Large,Excellent,High,No,Karachi,4313000.0,135,Positive,Not Scheduled,High
Finance,Large,Good,High,Yes,Multan,1008000.0,57,No Response,Not Scheduled,Medium
Retail,Small,Good,High,No,Karachi,2594000.0,22,Neutral,Not Scheduled,Low
Real Estate,Small,Poor,Medium,Yes,Karachi,3361000.0,69,Positive,Scheduled,High
Marketing,Small,Excellent,Low,Yes,Multan,592000.0,30,Positive,Not Scheduled,Medium
Marketing,Medium,Average,Low,Yes,Lahore,797000.0,202,No Response,Scheduled,Medium
Education,Medium,Average,Low,Yes,Lahore,622000.0,37,Positive,Scheduled,Medium
Retail,Medium,Good,Medium,Yes,Islamabad,3773000.0,64,Neutral,Scheduled,Medium
Finance,Small,Average,Medium,No,Peshawar,588000.0,81,Positive,Completed,Medium
Finance,Medium,Average,Medium,Yes,Faisalabad,1872000.0,129,Neutral,Not Contacted,Low
Healthcare,Medium,Good,Medium,No,Faisalabad,3776000.0,73,Neutral,Not Scheduled,Low
Real Estate,Large,Good,High,Yes,Lahore,8653000.0,20,Positive,Not Scheduled,High
Real Estate,Medium,Good,Medium,Yes,Lahore,414000.0,82,Positive,Not Scheduled,Medium
Technology,Large,Average,Medium,Yes,Peshawar,1220000.0,196,Negative,Not Contacted,Low
Finance,Small,Good,High,No,Islamabad,1776000.0,99,Positive,Not Scheduled,Medium
Healthcare,Large,Poor,Medium,Yes,Quetta,882000.0,27,No Response,Completed,Medium
Manufacturing,Medium,Average,Low,Yes,Multan,1835000.0,16,Positive,Not Scheduled,Medium
Technology,Medium,Average,Medium,Yes,Quetta,3904000.0,91,No Response,Scheduled,Medium
Technology,Small,Good,High,Yes,Rawalpindi,1300000.0,95,No Response,Not Contacted,Low
Technology,Small,,Medium,Yes,Karachi,4221000.0,56,Positive,Not Scheduled,Medium
Technology,Small,Excellent,Low,Yes,Karachi,5594000.0,83,Positive,Not Scheduled,High
Real Estate,Large,Average,High,Yes,Peshawar,1920000.0,72,Positive,Not Scheduled,High
Technology,Small,Good,High,Yes,Quetta,2794000.0,47,No Response,Scheduled,Medium
Marketing,Medium,Excellent,Medium,Yes,Peshawar,715000.0,14,Neutral,Scheduled,High
Technology,Small,Average,Low,No,Faisalabad,690000.0,20,Positive,Not Scheduled,Low
Marketing,Small,Poor,Low,Yes,Multan,3829000.0,188,Positive,Not Scheduled,Low
Manufacturing,Small,Average,Medium,Yes,Faisalabad,2128000.0,151,Negative,Scheduled,Low
Healthcare,Small,Poor,High,No,Peshawar,757000.0,30,No Response,Scheduled,Low
Healthcare,Medium,Excellent,Low,Yes,Karachi,502000.0,89,No Response,Scheduled,Medium
Marketing,Large,Average,Medium,Yes,Quetta,1789000.0,476,Neutral,Not Scheduled,Medium
Manufacturing,Large,Average,Medium,Yes,Peshawar,10388000.0,8,No Response,Scheduled,Medium
Finance,Large,Good,Medium,Yes,Quetta,1918000.0,114,No Response,Completed,High
Healthcare,Small,Good,Medium,Yes,Multan,474000.0,489,Positive,Completed,High
Manufacturing,Medium,Good,Medium,Yes,Multan,1758000.0,24,Positive,Scheduled,High
Real Estate,Small,Excellent,Medium,Yes,Multan,1086000.0,158,Neutral,Completed,High
Marketing,Medium,Poor,Low,Yes,Multan,2033000.0,50,Positive,Completed,Medium
Retail,Large,Average,Low,Yes,Multan,771000.0,81,,Scheduled,Medium
Real Estate,Small,Average,High,Yes,Peshawar,3779000.0,113,No Response,Scheduled,Medium
Technology,Small,Good,Low,No,Quetta,3894000.0,291,No Response,Not Contacted,Low
Finance,Medium,Good,Medium,No,Quetta,870000.0,36,No Response,Scheduled,Low
Manufacturing,Small,Excellent,Medium,Yes,Lahore,2937000.0,541,No Response,Completed,High
Technology,Small,Good,High,Yes,Islamabad,1566000.0,232,Neutral,Not Scheduled,Medium
Education,Large,Excellent,Low,Yes,Karachi,,285,Neutral,Not Scheduled,High
Retail,Small,Average,Medium,Yes,Lahore,819000.0,98,Neutral,Completed,Medium
Real Estate,Medium,Poor,Low,Yes,Rawalpindi,380000.0,438,Negative,Not Scheduled,Low
Healthcare,Large,Good,High,Yes,Lahore,452000.0,39,Positive,Not Contacted,High
Finance,Small,Average,High,Yes,Faisalabad,5623000.0,15,No Response,Scheduled,Medium
Retail,Small,Excellent,Medium,Yes,Faisalabad,428000.0,17,,Not Contacted,Medium
Manufacturing,Medium,Excellent,Medium,Yes,Peshawar,1085000.0,29,Positive,Not Scheduled,High
Technology,Small,Excellent,Medium,Yes,Peshawar,191000.0,60,Positive,Scheduled,High
Real Estate,Small,Good,Medium,Yes,Peshawar,3860000.0,67,Neutral,Not Contacted,Low
Healthcare,Large,Good,Medium,Yes,Karachi,512000.0,125,No Response,Not Contacted,Medium
Marketing,Small,Good,High,Yes,Karachi,1022000.0,21,No Response,Completed,Medium
Healthcare,Small,Good,Low,Yes,Quetta,225000.0,62,No Response,Not Scheduled,Low
Manufacturing,Small,Poor,Low,Yes,Islamabad,1283000.0,158,No Response,Completed,Low
Marketing,Small,Poor,Medium,Yes,Quetta,3693000.0,171,,Not Contacted,Low
Real Estate,Medium,Good,Low,Yes,Multan,3888000.0,65,Neutral,Scheduled,High
Healthcare,Small,Poor,Medium,Yes,Karachi,1245000.0,397,Positive,Scheduled,Medium
Healthcare,Small,Good,High,Yes,Islamabad,2364000.0,26,No Response,Not Contacted,Low
Real Estate,Small,Good,Medium,Yes,Peshawar,950000.0,111,Positive,Scheduled,High
Retail,Small,Good,Medium,Yes,Rawalpindi,1360000.0,75,No Response,Completed,Medium
Marketing,Small,Good,Medium,Yes,Islamabad,3173000.0,108,Positive,Not Scheduled,Medium
Healthcare,Large,Good,Medium,Yes,Multan,10918000.0,168,Negative,Not Scheduled,Medium
Manufacturing,Large,Excellent,Low,Yes,Quetta,3496000.0,363,No Response,Scheduled,High
Healthcare,Small,Good,Low,Yes,Quetta,7727000.0,39,No Response,Not Contacted,Low
Technology,Small,Poor,Low,Yes,Rawalpindi,852000.0,78,Neutral,Not Scheduled,Low
Marketing,Medium,Average,Medium,Yes,Quetta,3264000.0,117,Positive,Scheduled,High
Technology,Small,Poor,High,Yes,Islamabad,1426000.0,198,Negative,Scheduled,Low
Healthcare,Medium,Average,Medium,Yes,Lahore,2668000.0,253,Negative,Not Scheduled,Low
Technology,Large,Excellent,Low,Yes,Quetta,1216000.0,88,Negative,Not Scheduled,Medium
Education,Medium,Good,Medium,Yes,Multan,1778000.0,47,Positive,Not Contacted,High
Manufacturing,Medium,Average,Medium,Yes,Multan,1357000.0,20,Positive,Not Scheduled,Low
Real Estate,Small,Average,High,Yes,Quetta,683000.0,99,,Scheduled,Low
Finance,Small,Excellent,Low,Yes,Peshawar,1501000.0,35,Negative,Completed,Medium
Education,Small,Average,Medium,No,Karachi,1141000.0,26,Positive,Completed,Medium
Manufacturing,Medium,Good,Medium,Yes,Peshawar,1578000.0,113,Negative,Completed,High
Manufacturing,Large,Average,High,Yes,Faisalabad,2536000.0,61,Positive,Not Contacted,High
Technology,Medium,Poor,Medium,Yes,Multan,1503000.0,206,Neutral,Not Contacted,Low
Technology,Small,Excellent,Low,Yes,Islamabad,1656000.0,64,No Response,Scheduled,Low
Education,Small,Good,High,No,Rawalpindi,4184000.0,20,Negative,Scheduled,Low
Healthcare,Large,Excellent,Medium,No,Multan,653000.0,272,No Response,Not Scheduled,Low
Finance,Large,Average,Low,Yes,Islamabad,267000.0,381,Neutral,Completed,High
Technology,Medium,,Medium,Yes,Karachi,968000.0,324,Neutral,Scheduled,High
Finance,Small,Excellent,Medium,Yes,Lahore,3997000.0,117,Positive,Completed,High
Finance,Medium,Good,Medium,Yes,Peshawar,981000.0,28,Positive,Scheduled,High
Marketing,Medium,Average,Low,Yes,Multan,571000.0,158,Positive,Scheduled,Medium
Retail,Small,Good,High,Yes,Faisalabad,868000.0,27,Negative,Not Contacted,Low
Technology,Small,Average,,Yes,Peshawar,18115000.0,44,No Response,Not Scheduled,Low
Finance,Small,Good,Low,Yes,Islamabad,735000.0,198,No Response,Not Scheduled,Low
Finance,Small,Good,Medium,Yes,Islamabad,1837000.0,118,Neutral,Not Scheduled,Low
Retail,Small,Good,High,Yes,Rawalpindi,975000.0,86,Neutral,Not Contacted,Medium
Marketing,Small,Excellent,Medium,Yes,Quetta,7261000.0,222,,Not Contacted,High
Finance,Small,Poor,Low,No,Rawalpindi,1136000.0,35,Positive,Not Contacted,Low
Marketing,Small,Average,Medium,Yes,Multan,1544000.0,151,Neutral,Completed,Medium
Technology,Small,Average,Medium,No,Rawalpindi,7837000.0,488,Negative,Not Scheduled,Low
Healthcare,Medium,Good,Low,Yes,Karachi,258000.0,136,Neutral,Scheduled,Medium
Healthcare,Large,Average,Low,Yes,Peshawar,7090000.0,143,Positive,Completed,High
Healthcare,Small,Good,High,Yes,Karachi,5147000.0,182,No Response,Scheduled,High
Healthcare,Large,Average,Low,No,Quetta,2635000.0,106,Neutral,Not Scheduled,Low
Education,Medium,Good,Low,No,Lahore,1259000.0,110,No Response,Completed,Low
Technology,Medium,Excellent,High,Yes,Karachi,467000.0,108,Positive,Not Contacted,High
Manufacturing,Medium,Poor,Low,No,Multan,,163,Neutral,Completed,Low
Marketing,Small,Good,Medium,No,Lahore,2414000.0,38,Neutral,Not Scheduled,Low
Finance,Medium,Average,Medium,Yes,Peshawar,2559000.0,89,,Scheduled,Medium
Healthcare,Small,Good,Low,Yes,Multan,37369000.0,168,No Response,Not Scheduled,Low
Technology,Medium,Good,Medium,Yes,Lahore,5479000.0,710,Positive,Not Contacted,High
Marketing,Small,Average,Medium,Yes,Rawalpindi,3903000.0,105,Positive,Not Scheduled,Medium
Finance,Small,Good,Medium,Yes,Quetta,,391,No Response,Completed,High
Education,Small,Excellent,Medium,Yes,Peshawar,,32,Positive,Not Contacted,Medium
Retail,Medium,Good,High,Yes,Faisalabad,157000.0,279,No Response,Not Contacted,Low
Education,Large,Good,Low,Yes,Faisalabad,516000.0,78,Positive,Not Contacted,High
Education,Large,Good,Medium,Yes,Multan,543000.0,193,Positive,Not Scheduled,High
Finance,Large,Excellent,Medium,Yes,Islamabad,647000.0,69,No Response,Not Contacted,Medium
Manufacturing,Small,Excellent,Low,Yes,Peshawar,1991000.0,106,Neutral,Not Scheduled,Medium
Retail,Medium,Excellent,Medium,Yes,Multan,4089000.0,121,No Response,Scheduled,Medium
Education,Medium,Good,High,No,Faisalabad,2117000.0,102,Positive,Scheduled,High
Technology,Small,Average,High,No,Karachi,,667,Negative,Completed,Low
Technology,Medium,Average,Low,Yes,Quetta,745000.0,45,No Response,Not Contacted,Low
Finance,Small,Good,Medium,Yes,Karachi,5169000.0,30,Positive,Completed,High
Finance,Small,Excellent,Medium,Yes,Islamabad,1356000.0,81,Neutral,Not Scheduled,Medium
Retail,Medium,Excellent,Medium,Yes,Karachi,1196000.0,349,No Response,Scheduled,High
Technology,Medium,Good,Medium,Yes,Peshawar,3664000.0,240,Neutral,Completed,High
Manufacturing,Small,Good,High,Yes,Peshawar,1356000.0,123,Neutral,Scheduled,Medium
Healthcare,Large,,High,Yes,Islamabad,480000.0,23,Positive,Not Contacted,High
Finance,Small,Average,High,Yes,Multan,1604000.0,102,Positive,Not Contacted,Medium
Retail,Medium,Poor,Medium,Yes,Lahore,4092000.0,31,Neutral,Not Contacted,Low
Finance,Small,Average,High,Yes,Quetta,650000.0,71,No Response,Not Contacted,Low
Retail,Small,Average,High,Yes,Islamabad,3467000.0,83,Neutral,Not Contacted,Low
Manufacturing,Large,Excellent,High,No,Peshawar,846000.0,75,Neutral,Not Contacted,Medium
Real Estate,Large,Poor,Medium,Yes,Karachi,4793000.0,34,Neutral,Scheduled,Medium
Marketing,Medium,Good,Medium,Yes,Multan,1675000.0,155,Positive,Completed,High
Education,Small,Good,Medium,Yes,Lahore,1648000.0,235,Neutral,Not Scheduled,Medium
Technology,Small,Good,High,Yes,Islamabad,7347000.0,50,No Response,Not Scheduled,Low
Technology,Small,,Low,Yes,Faisalabad,818000.0,66,No Response,Not Contacted,Low
Manufacturing,Medium,Average,Medium,Yes,Multan,1312000.0,139,Neutral,Not Scheduled,Low
Education,Medium,Excellent,Medium,No,Multan,531000.0,193,No Response,Completed,Medium
Manufacturing,Small,Average,Low,No,Rawalpindi,2023000.0,636,Positive,Not Scheduled,Low
Healthcare,Large,Excellent,Low,Yes,Karachi,400000.0,88,No Response,Completed,High
Education,Small,Good,Low,Yes,Peshawar,,224,Positive,Scheduled,Medium
Retail,Medium,Good,Medium,Yes,Multan,1395000.0,157,,Not Contacted,Medium
Technology,Medium,Good,Medium,No,Karachi,2348000.0,101,Positive,Scheduled,Medium
Real Estate,Large,Excellent,Medium,Yes,Peshawar,2358000.0,127,No Response,Not Scheduled,Medium
Real Estate,Small,Good,Medium,Yes,Multan,2331000.0,14,No Response,Scheduled,Low
Healthcare,Medium,Good,Medium,Yes,Peshawar,9517000.0,32,No Response,Not Scheduled,Low
Education,Medium,Average,Medium,Yes,Faisalabad,665000.0,36,Positive,Scheduled,High
Manufacturing,Small,Average,Medium,Yes,Quetta,1422000.0,383,Neutral,Not Scheduled,Low
Retail,Small,Good,Medium,No,Rawalpindi,523000.0,389,Positive,Not Scheduled,Medium
Finance,Large,Average,Low,Yes,Rawalpindi,1312000.0,159,Positive,Scheduled,High
Retail,Small,Good,Medium,Yes,Karachi,1842000.0,311,Positive,Completed,High
Real Estate,Small,Good,High,Yes,Multan,1455000.0,629,No Response,Not Contacted,Low
Education,Medium,Excellent,Medium,Yes,Peshawar,1682000.0,142,No Response,Not Contacted,Medium
Technology,Medium,Poor,Low,Yes,Peshawar,1234000.0,33,No Response,Not Contacted,Low
Technology,Medium,Average,Medium,No,Peshawar,1362000.0,284,Positive,Completed,High
Manufacturing,Small,Good,Medium,No,Rawalpindi,8761000.0,223,No Response,Not Contacted,Low
Retail,Medium,Good,High,Yes,Faisalabad,2092000.0,142,No Response,Scheduled,High
Education,Large,Average,Medium,No,Islamabad,495000.0,420,Negative,Scheduled,Low
Technology,Large,Average,Low,No,Lahore,1046000.0,78,Positive,Not Scheduled,Low
Technology,Medium,Average,Medium,Yes,Quetta,463000.0,59,Positive,Not Scheduled,High
Finance,Small,,Medium,Yes,Multan,1001000.0,337,No Response,Not Contacted,Low
Finance,Small,Good,Medium,No,Faisalabad,1478000.0,207,Negative,Not Contacted,Low
Technology,Large,Excellent,Low,Yes,Lahore,2490000.0,118,Negative,Completed,High
Healthcare,Medium,Excellent,High,Yes,Karachi,177000.0,99,Negative,Not Contacted,Medium
Real Estate,Large,Good,High,Yes,Rawalpindi,10806000.0,46,Positive,Completed,High
Healthcare,Small,Average,Low,No,Quetta,1389000.0,126,No Response,Not Contacted,Low
Finance,Small,Excellent,Medium,Yes,Faisalabad,108000.0,69,Neutral,Not Contacted,Medium
Technology,Small,Excellent,Medium,No,Rawalpindi,2480000.0,131,No Response,Scheduled,Medium
Education,Medium,Average,Medium,Yes,Faisalabad,385000.0,203,No Response,Completed,Medium
Technology,Large,Good,Medium,No,Faisalabad,716000.0,40,Positive,Not Contacted,Medium
Retail,Large,Average,,No,Lahore,20734000.0,156,Negative,Scheduled,Medium
Real Estate,Small,Poor,High,Yes,Peshawar,493000.0,146,Neutral,Completed,Medium
Marketing,Large,Excellent,High,Yes,Peshawar,528000.0,210,Negative,Not Scheduled,High
Finance,Large,Good,High,Yes,Rawalpindi,2330000.0,131,Neutral,Not Scheduled,High
Manufacturing,Small,Poor,Medium,Yes,Faisalabad,256000.0,126,Positive,Scheduled,Medium
Real Estate,Medium,Average,Medium,No,Peshawar,7598000.0,62,Negative,Completed,Low
Technology,Small,Average,Low,Yes,Islamabad,1499000.0,397,Neutral,Scheduled,Low
Manufacturing,Large,Excellent,Medium,Yes,Faisalabad,13470000.0,148,No Response,Completed,High
Real Estate,Medium,Good,High,Yes,Karachi,2620000.0,53,Positive,Not Scheduled,High
Healthcare,Large,Excellent,Medium,Yes,Lahore,308000.0,102,Positive,Not Contacted,High
Healthcare,Small,Good,Medium,Yes,Karachi,1432000.0,252,No Response,Not Contacted,Low
Retail,Medium,Excellent,High,No,Faisalabad,726000.0,62,Positive,Not Scheduled,High
Technology,Small,Good,High,Yes,Faisalabad,674000.0,269,Positive,Scheduled,High
Education,Medium,Excellent,Low,Yes,Karachi,1161000.0,151,No Response,Not Contacted,Low
Technology,Small,Excellent,Medium,Yes,Faisalabad,1541000.0,229,No Response,Not Scheduled,Low
Healthcare,Medium,Good,Medium,Yes,Quetta,1156000.0,161,Positive,Not Contacted,Medium
Healthcare,Medium,Excellent,Medium,Yes,Rawalpindi,494000.0,21,Positive,Not Scheduled,Medium
Finance,Small,Good,Low,No,Multan,481000.0,61,Neutral,Scheduled,Low
Education,Small,Average,Medium,Yes,Lahore,381000.0,48,Neutral,Completed,Medium
Healthcare,Small,Poor,High,Yes,Rawalpindi,1109000.0,58,Positive,Not Contacted,Medium
Education,Large,Poor,Medium,No,Peshawar,486000.0,28,Negative,Not Scheduled,Low
Retail,Medium,Excellent,High,Yes,Quetta,1133000.0,297,Neutral,Not Contacted,Medium
Healthcare,Medium,Good,Medium,Yes,Multan,2191000.0,48,Positive,Scheduled,High
Finance,Small,Poor,Low,No,Quetta,1276000.0,230,Neutral,Not Scheduled,Low
Manufacturing,Small,Excellent,Low,Yes,Islamabad,1142000.0,203,Positive,Not Scheduled,Medium
Technology,Large,Excellent,Medium,No,Faisalabad,952000.0,176,Neutral,Not Contacted,Medium
Retail,Medium,Good,Low,Yes,Rawalpindi,461000.0,47,Negative,Completed,Medium
Healthcare,Medium,Good,High,Yes,Faisalabad,4686000.0,33,No Response,Not Contacted,Medium
Retail,Large,Good,High,Yes,Faisalabad,438000.0,26,Positive,Scheduled,High
Retail,Medium,Excellent,Medium,Yes,Islamabad,376000.0,404,Neutral,Not Contacted,High
Manufacturing,Small,Average,Medium,Yes,Quetta,251000.0,18,No Response,Scheduled,Low
Technology,Large,Good,Low,Yes,Peshawar,2432000.0,185,No Response,Not Scheduled,Medium
Real Estate,Large,Poor,Low,No,Islamabad,1389000.0,163,Neutral,Completed,Low
Technology,Small,Good,Low,Yes,Multan,11291000.0,77,Neutral,Not Scheduled,Low
Finance,Medium,Excellent,Medium,No,Faisalabad,322000.0,36,Positive,Completed,High
Healthcare,Medium,Excellent,Low,Yes,Quetta,803000.0,380,Negative,Scheduled,Medium
Technology,Small,Average,Medium,No,Faisalabad,1466000.0,148,Negative,Not Contacted,Low
Retail,Medium,Average,Medium,Yes,Faisalabad,2164000.0,59,No Response,Scheduled,Medium
Marketing,Medium,Average,Medium,Yes,Lahore,318000.0,16,No Response,Scheduled,Low
Technology,Small,Average,Low,Yes,Multan,1488000.0,76,No Response,Scheduled,Low
Healthcare,Small,Good,High,Yes,Multan,890000.0,181,Positive,Completed,High
Healthcare,Large,Good,Medium,Yes,Faisalabad,2520000.0,105,Positive,Not Scheduled,High
Education,Large,Good,Low,Yes,Faisalabad,3395000.0,455,Positive,Scheduled,High
Finance,Large,Average,Low,Yes,Multan,1921000.0,90,Positive,Not Scheduled,High
Retail,Small,Average,Low,Yes,Multan,614000.0,51,Positive,Not Contacted,Low
Technology,Medium,Good,Low,Yes,Karachi,1482000.0,56,Neutral,Scheduled,Medium
Retail,Medium,Excellent,High,Yes,Faisalabad,425000.0,301,Positive,Not Scheduled,High
Real Estate,Small,Poor,High,Yes,Multan,2352000.0,177,Positive,Completed,High
Technology,Small,Average,Low,Yes,Quetta,598000.0,137,Negative,Completed,Low
Manufacturing,Medium,Average,High,Yes,Karachi,465000.0,163,Neutral,Not Scheduled,Medium
Finance,Small,Good,Low,No,Karachi,4846000.0,92,Neutral,Scheduled,Low
Finance,Small,Average,Medium,No,Lahore,5090000.0,199,No Response,Not Scheduled,Low
Technology,Large,Excellent,High,Yes,Rawalpindi,369000.0,115,Positive,Completed,High
Manufacturing,Small,Average,,Yes,Peshawar,1380000.0,176,Positive,Scheduled,Medium
Finance,Small,Poor,Medium,Yes,Faisalabad,2411000.0,316,Neutral,Completed,Low
Manufacturing,Small,Poor,Medium,Yes,Islamabad,675000.0,24,No Response,Not Scheduled,Low
Healthcare,Small,Good,Medium,Yes,Faisalabad,1876000.0,105,Positive,Not Scheduled,Medium
Healthcare,Medium,Excellent,Low,Yes,Peshawar,846000.0,91,Negative,Not Scheduled,Low
Retail,Medium,Average,High,No,Quetta,1694000.0,7,No Response,Completed,Low
Retail,Small,Good,Low,Yes,Multan,565000.0,188,Positive,Not Contacted,Medium
Retail,Medium,Average,Medium,Yes,Quetta,261000.0,138,No Response,Not Contacted,Low
Finance,Small,Average,Low,Yes,Islamabad,1252000.0,283,Negative,Not Scheduled,Low
Retail,Small,Average,Medium,Yes,Multan,4619000.0,39,No Response,Scheduled,Low
Finance,Small,Excellent,Medium,Yes,Lahore,6455000.0,687,Positive,Scheduled,High
Technology,Small,Good,Medium,Yes,Peshawar,8430000.0,98,Negative,Scheduled,Medium
Retail,Large,Average,Medium,Yes,Islamabad,2117000.0,30,Positive,Scheduled,High
Finance,Small,Average,Medium,Yes,Peshawar,844000.0,33,No Response,Not Scheduled,Low
Healthcare,Large,Good,Medium,Yes,Rawalpindi,644000.0,101,Negative,Not Contacted,Medium
Education,Small,Good,Low,Yes,Lahore,927000.0,62,No Response,Scheduled,Low
Education,Small,Good,Medium,Yes,Peshawar,495000.0,264,No Response,Not Scheduled,Low
Finance,Medium,Good,Low,Yes,Rawalpindi,4459000.0,126,,Not Contacted,Low
Education,Medium,Good,Low,Yes,Lahore,927000.0,141,Positive,Not Contacted,High
Real Estate,Large,Average,Medium,No,Islamabad,304000.0,621,Positive,Not Contacted,Medium
Education,Large,Average,Medium,No,Peshawar,1226000.0,719,Neutral,Scheduled,Medium
Retail,Medium,Average,Medium,Yes,Multan,1761000.0,287,Positive,Completed,High
Finance,Medium,Good,High,Yes,Rawalpindi,4026000.0,130,No Response,Not Scheduled,Medium
Education,Small,Good,Medium,Yes,Rawalpindi,680000.0,177,Positive,Not Contacted,Medium
Retail,Medium,Good,Medium,No,Peshawar,6971000.0,76,Neutral,Scheduled,Low
Marketing,Large,Good,High,Yes,Peshawar,817000.0,35,Neutral,Not Scheduled,High
Manufacturing,Large,Good,High,Yes,Faisalabad,1800000.0,179,Neutral,Completed,High
Healthcare,Medium,Average,Low,No,Rawalpindi,1025000.0,20,Positive,Scheduled,Low
Real Estate,Large,Average,High,Yes,Rawalpindi,595000.0,92,No Response,Not Scheduled,Medium
Manufacturing,Medium,Good,High,Yes,Multan,2432000.0,186,Neutral,Scheduled,High
Healthcare,Medium,Average,Medium,Yes,Karachi,1927000.0,76,No Response,Scheduled,Medium
Healthcare,Small,Good,Low,No,Islamabad,1738000.0,78,Negative,Not Scheduled,Low
Real Estate,Small,Excellent,Medium,Yes,Islamabad,6533000.0,84,Positive,Scheduled,High
Technology,Medium,Average,Medium,No,Faisalabad,1898000.0,43,Neutral,Not Contacted,Low
Education,Large,Poor,Medium,Yes,Quetta,2136000.0,224,Neutral,Not Scheduled,Medium
Finance,Small,Good,Low,Yes,Quetta,3254000.0,120,Negative,Scheduled,Low
Technology,Small,Poor,Low,No,Faisalabad,920000.0,466,Neutral,Scheduled,Low
Manufacturing,Medium,Good,Low,Yes,Karachi,555000.0,31,Positive,Scheduled,High
Technology,Small,Good,High,Yes,Rawalpindi,,157,Neutral,Scheduled,Medium
Technology,Medium,Average,Low,Yes,Rawalpindi,1598000.0,185,Positive,Completed,High
Technology,Small,,High,Yes,Quetta,796000.0,198,Positive,Scheduled,High
Technology,Large,Average,Low,Yes,Multan,1518000.0,25,Positive,Not Scheduled,Medium
Education,Small,Average,High,No,Multan,2799000.0,18,Negative,Not Scheduled,Low
Retail,Large,Good,Low,Yes,Lahore,475000.0,46,Positive,Not Scheduled,High
Technology,Medium,Average,Low,Yes,Islamabad,731000.0,13,Neutral,Completed,Medium
Manufacturing,Medium,Poor,,Yes,Islamabad,2665000.0,75,No Response,Completed,Medium
Technology,Large,Poor,Medium,Yes,Multan,407000.0,65,Neutral,Completed,Medium
Education,Small,Good,Medium,No,Peshawar,2265000.0,400,Positive,Not Contacted,Low
Technology,Small,Good,High,Yes,Rawalpindi,1155000.0,46,No Response,Not Scheduled,Low
Retail,Small,Average,Medium,Yes,Multan,2341000.0,240,Positive,Scheduled,High
Finance,Large,Average,Medium,No,Islamabad,1481000.0,123,Neutral,Not Contacted,Low
Manufacturing,Small,Average,Medium,Yes,Karachi,1746000.0,72,No Response,Scheduled,Low
Technology,Large,Average,High,Yes,Quetta,2486000.0,45,No Response,Completed,High
Healthcare,Large,Poor,Medium,Yes,Multan,1647000.0,186,Neutral,Completed,High
Healthcare,Medium,Good,High,Yes,Rawalpindi,4529000.0,92,No Response,Not Contacted,Low
Finance,Large,Average,High,Yes,Rawalpindi,3542000.0,47,Neutral,Completed,High
Technology,Small,Good,High,Yes,Faisalabad,6173000.0,338,Negative,Not Contacted,Medium
Marketing,Small,Excellent,Medium,Yes,Lahore,524000.0,110,Neutral,Completed,High
Manufacturing,Small,Poor,Medium,Yes,Karachi,5543000.0,15,Neutral,Not Contacted,Low
Marketing,Small,Good,Medium,Yes,Multan,4005000.0,153,No Response,Not Scheduled,Low
Education,Small,Average,Low,No,Peshawar,3533000.0,27,Neutral,Completed,Low
Technology,Small,Poor,Medium,No,Islamabad,4167000.0,108,No Response,Not Scheduled,Low
Retail,Small,Good,Medium,Yes,Faisalabad,3032000.0,12,Positive,Completed,High
Manufacturing,Medium,Average,Medium,Yes,Karachi,1190000.0,49,No Response,Not Scheduled,Low
Education,Medium,Average,Medium,Yes,Faisalabad,439000.0,437,No Response,Not Scheduled,Low
Healthcare,Large,Average,High,Yes,Karachi,2572000.0,125,,Completed,High
Finance,Medium,Excellent,Low,Yes,Quetta,2307000.0,17,No Response,Not Scheduled,Medium
Retail,Small,Average,Medium,Yes,Karachi,3989000.0,73,No Response,Scheduled,Medium
Marketing,Small,Average,Medium,Yes,Faisalabad,903000.0,67,No Response,Not Scheduled,Low
Retail,Medium,Excellent,Medium,Yes,Lahore,361000.0,218,Negative,Completed,High
Retail,Large,Poor,Low,Yes,Lahore,1128000.0,31,No Response,Completed,Low
Technology,Small,Average,Medium,No,Rawalpindi,811000.0,56,No Response,Scheduled,Low
Finance,Large,Excellent,Medium,No,Karachi,1388000.0,29,Positive,Completed,High
Real Estate,Small,Excellent,High,Yes,Islamabad,1020000.0,147,No Response,Not Scheduled,Medium
Education,Small,Excellent,High,Yes,Rawalpindi,3741000.0,200,Positive,Scheduled,High
Manufacturing,Small,Good,Medium,Yes,Peshawar,7317000.0,345,Positive,Scheduled,High
Healthcare,Small,Average,Low,Yes,Faisalabad,1146000.0,192,No Response,Not Scheduled,Low
Technology,Large,,High,No,Rawalpindi,3926000.0,97,Positive,Not Scheduled,High
Manufacturing,Small,Good,Low,Yes,Faisalabad,2891000.0,674,Positive,Scheduled,High
Retail,Small,Average,Medium,Yes,Karachi,1680000.0,35,Neutral,Scheduled,Medium
Manufacturing,Small,,High,Yes,Rawalpindi,865000.0,24,Positive,Not Scheduled,Medium
Technology,Medium,Average,High,Yes,Islamabad,7946000.0,59,Neutral,Scheduled,High
Real Estate,Small,Good,Low,Yes,Lahore,1320000.0,145,Positive,Not Contacted,Low
Marketing,Small,Average,Medium,Yes,Peshawar,1554000.0,108,Neutral,Scheduled,Low
Healthcare,Small,Average,Medium,Yes,Faisalabad,3550000.0,118,No Response,Not Contacted,Low
Education,Medium,Good,Medium,Yes,Quetta,4697000.0,107,Positive,Not Scheduled,High
Healthcare,Large,Good,High,Yes,Lahore,361000.0,216,No Response,Completed,High
Technology,Medium,Good,,Yes,Islamabad,3009000.0,17,No Response,Not Scheduled,Low
Manufacturing,Small,Excellent,High,Yes,Quetta,7207000.0,34,Positive,Completed,High
Technology,Medium,Excellent,Medium,Yes,Quetta,1384000.0,59,Positive,Completed,High
Finance,Small,Average,Low,Yes,Quetta,1519000.0,215,No Response,Completed,Low
Retail,Small,Good,Medium,Yes,Karachi,,224,Neutral,Scheduled,Medium
Retail,Small,Excellent,Medium,Yes,Multan,2421000.0,14,Neutral,Not Contacted,Medium
Technology,Medium,Good,High,Yes,Peshawar,3937000.0,211,Positive,Not Scheduled,High
Finance,Large,Poor,Low,Yes,Multan,966000.0,63,Neutral,Scheduled,Medium
Real Estate,Medium,Average,High,Yes,Karachi,821000.0,93,No Response,Not Scheduled,Low
Retail,Large,Good,Medium,Yes,Islamabad,614000.0,211,Positive,Not Scheduled,High
Technology,Small,Good,Low,Yes,Islamabad,243000.0,95,Neutral,Not Scheduled,Low
Healthcare,Small,Good,Low,Yes,Quetta,8034000.0,56,Positive,Not Contacted,Medium
Technology,Small,Excellent,High,Yes,Rawalpindi,2441000.0,112,No Response,Scheduled,Medium
Real Estate,Large,Good,Low,Yes,Karachi,1021000.0,260,No Response,Scheduled,Medium
Real Estate,Small,Good,Low,Yes,Multan,1364000.0,10,Positive,Not Scheduled,Low
Finance,Medium,Excellent,Low,Yes,Quetta,817000.0,70,Positive,Scheduled,High
Healthcare,Small,Good,High,Yes,Lahore,1152000.0,28,No Response,Scheduled,Medium
Healthcare,Large,Good,High,Yes,Islamabad,1113000.0,179,Neutral,Completed,High
Marketing,Small,Average,Medium,No,Faisalabad,1994000.0,158,Neutral,Not Contacted,Low
Healthcare,Small,Good,Low,Yes,Multan,1031000.0,200,No Response,Scheduled,Low
Healthcare,Medium,Good,High,Yes,Faisalabad,2996000.0,99,Neutral,Scheduled,High
Finance,Medium,Average,Low,Yes,Faisalabad,1011000.0,111,No Response,Completed,Medium
Finance,Medium,Good,Medium,Yes,Rawalpindi,1279000.0,78,No Response,Completed,Medium
Manufacturing,Medium,Excellent,Low,Yes,Multan,2147000.0,74,Positive,Not Contacted,High
